[Licensing::Module] Trying to connect to existing licensing client channel...
[Licensing::IpcConnector] Successfully connected to: "LicenseClient-hafiza" at "2026-09-14T21:42:04.3621914Z"
Built from '6000.3/staging' branch; Version is '6000.3.11f1 (3000ef702840) revision 3145967'; Using compiler version '194234433'; Build Type 'Release'
OS: 'Windows 11  (10.0.26200) Core' Language: 'en' Physical Memory: 15991 MB
BatchMode: 1, IsHumanControllingUs: 0, StartBugReporterOnCrash: 0, Is64bit: 1
System  architecture: x64
Process architecture: x64
Date: 2026-09-14T21:42:04Z

COMMAND LINE ARGUMENTS:
C:\Program Files\Unity\Hub\Editor\6000.3.11f1\Editor\Unity.exe
-adb2
-batchMode
-noUpm
-name
AssetImportWorker10
-projectPath
C:/Users/hafiz/OneDrive/Documents/InterfacePrototype2026/InterfacePrototype2026
-logFile
Logs/AssetImportWorker10.log
-srvPort
54325
-licensingIpc
LicenseClient-hafiza
-job-worker-count
9
-background-job-worker-count
8
-gc-helper-count
1
-name
AssetImport
Successfully changed project path to: C:/Users/hafiz/OneDrive/Documents/InterfacePrototype2026/InterfacePrototype2026
C:/Users/hafiz/OneDrive/Documents/InterfacePrototype2026/InterfacePrototype2026
[UnityMemory] Configuration Parameters - Can be set up in boot.config
    "memorysetup-temp-allocator-size-nav-mesh-worker=65536"
    "memorysetup-temp-allocator-size-audio-worker=65536"
    "memorysetup-temp-allocator-size-gfx=262144"
    "memorysetup-allocator-temp-initial-block-size-main=262144"
    "memorysetup-allocator-temp-initial-block-size-worker=262144"
    "memorysetup-temp-allocator-size-background-worker=32768"
    "memorysetup-temp-allocator-size-job-worker=262144"
    "memorysetup-temp-allocator-size-preload-manager=33554432"
    "memorysetup-temp-allocator-size-gi-baking-worker=262144"
    "memorysetup-temp-allocator-size-gi-baking-worker=262144"
    "memorysetup-temp-allocator-size-gi-baking-worker=262144"
    "memorysetup-temp-allocator-size-gi-baking-worker=262144"
    "memorysetup-temp-allocator-size-gi-baking-worker=262144"
    "memorysetup-bucket-allocator-granularity=16"
    "memorysetup-bucket-allocator-bucket-count=8"
    "memorysetup-bucket-allocator-block-size=33554432"
    "memorysetup-bucket-allocator-block-count=8"
    "memorysetup-main-allocator-block-size=16777216"
    "memorysetup-thread-allocator-block-size=16777216"
    "memorysetup-gfx-main-allocator-block-size=16777216"
    "memorysetup-gfx-thread-allocator-block-size=16777216"
    "memorysetup-cache-allocator-block-size=4194304"
    "memorysetup-typetree-allocator-block-size=2097152"
    "memorysetup-profiler-bucket-allocator-granularity=16"
    "memorysetup-profiler-bucket-allocator-bucket-count=8"
    "memorysetup-profiler-bucket-allocator-block-size=33554432"
    "memorysetup-profiler-bucket-allocator-block-count=8"
    "memorysetup-profiler-allocator-block-size=16777216"
    "memorysetup-profiler-editor-allocator-block-size=1048576"
    "memorysetup-temp-allocator-size-main=16777216"
    "memorysetup-job-temp-allocator-block-size=2097152"
    "memorysetup-job-temp-allocator-block-size-background=1048576"
    "memorysetup-job-temp-allocator-reduction-small-platforms=262144"
    "memorysetup-temp-allocator-size-cloud-worker=32768"
Player connection [31032]  Target information:

Player connection [31032]  * "[IP] 192.168.0.15 [Port] 0 [Flags] 2 [Guid] 1257885561 [EditorId] 1257885561 [Version] 1048832 [Id] WindowsEditor(7,_H_Rahman_) [Debug] 1 [PackageName] WindowsEditor [ProjectName] Editor" 

Player connection [31032] Host joined multi-casting on [225.0.0.222:54997]...
Player connection [31032] Host joined alternative multi-casting on [225.0.0.222:34997]...
JobSystem: Creating JobQueue using job-worker-count value 9
Input System module state changed to: Initialized.
[Physics::Module] Initialized fallback backend.
[Physics::Module] Id: 0xdecafbad
Library Redirect Path: Library/
[Physics::Module] Selected backend.
[Physics::Module] Name: PhysX
[Physics::Module] Id: 0xf2b8ea05
[Physics::Module] SDK Version: 4.1.2
[Physics::Module] Integration Version: 1.0.0
[Physics::Module] Threading Mode: Multi-Threaded
Refreshing native plugins compatible for Editor in 9.82 ms, found 3 plugins.
Preloading 0 native plugins for Editor in 0.00 ms.
Initialize engine version: 6000.3.11f1 (3000ef702840)
[Subsystems] Discovering subsystems at path C:/Program Files/Unity/Hub/Editor/6000.3.11f1/Editor/Data/Resources/UnitySubsystems
[Subsystems] Discovering subsystems at path C:/Users/hafiz/OneDrive/Documents/InterfacePrototype2026/InterfacePrototype2026/Assets
GfxDevice: creating device client; kGfxThreadingModeNonThreaded
Direct3D:
    Version:  Direct3D 11.0 [level 11.1]
    Renderer: Intel(R) Iris(R) Xe Graphics (ID=0xa7a0)
    Vendor:   Intel
    VRAM:     7995 MB
    Driver:   31.0.101.4255
Initialize mono
Mono path[0] = 'C:/Program Files/Unity/Hub/Editor/6000.3.11f1/Editor/Data/Managed'
Mono path[1] = 'C:/Program Files/Unity/Hub/Editor/6000.3.11f1/Editor/Data/MonoBleedingEdge/lib/mono/unityjit-win32'
Mono config path = 'C:/Program Files/Unity/Hub/Editor/6000.3.11f1/Editor/Data/MonoBleedingEdge/etc'
Using monoOptions --debugger-agent=transport=dt_socket,embedding=1,server=y,suspend=n,address=127.0.0.1:56980
Begin MonoManager ReloadAssembly
[Licensing::Client] Error: HandshakeResponse reported an error:
	ResponseCode: 505
	ResponseStatus: Unsupported protocol version '1.18.0'.
[Licensing::Module] Error: Failed to handshake to channel: "LicenseClient-hafiza"
[Licensing::IpcConnector] LicenseClient-hafiza channel disconnected successfully.
[Licensing::IpcConnector] Successfully connected to: "LicenseClient-hafiza-6000.3.11" at "2026-09-14T21:42:07.9611333Z"
Registering precompiled unity dll's ...
Register platform support module: C:/Program Files/Unity/Hub/Editor/6000.3.11f1/Editor/Data/PlaybackEngines/WebGLSupport/UnityEditor.WebGL.Extensions.dll
Register platform support module: C:/Program Files/Unity/Hub/Editor/6000.3.11f1/Editor/Data/PlaybackEngines/WindowsStandaloneSupport/UnityEditor.WindowsStandalone.Extensions.dll
Registered in 0.006454 seconds.
[Licensing::Client] Handshaking with LicensingClient:
  Version:                 1.18.0+23225a6
  Session Id:              f2d33892931b47bfa2c7797c64252157
  Correlation Id:          5ce078cdaeeff014a621325577cdbfb1
  External correlation Id: 6158188081155629610
  Machine Id:              IYw+UpfriCb3QdPui4rZhOquAz8=
[Licensing::Module] Successfully connected to LicensingClient on channel: "LicenseClient-hafiza-6000.3.11" (connect: 0.00s, validation: 0.01s, handshake: 0.75s)
[Licensing::IpcConnector] Successfully connected to: "LicenseClient-hafiza-6000.3.11-notifications" at "2026-09-14T21:42:08.7194243Z"
[Licensing::Module] Licensing Background thread has ended after 4.36s
- Loaded All Assemblies, in  1.512 seconds
Native extension for WindowsStandalone target not found
Native extension for WebGL target not found
Package Manager log level set to [2]
[Package Manager] Failed to launch server process. Reason: Unity was launched with the -noUpm command-line argument
[Package Manager] Unable to send message (not connected to server process).
[Package Manager] Cannot connect to Unity Package Manager local server
ScheduleIndexationOnStartup MainProcess:False IndexOnStartup:True
Mono: successfully reloaded assembly
- Finished resetting the current domain, in  1.646 seconds
Domain Reload Profiling: 3148ms
	BeginReloadAssembly (485ms)
		ExecutionOrderSort (0ms)
		DisableScriptedObjects (0ms)
		BackupInstance (0ms)
		ReleaseScriptingObjects (0ms)
		CreateAndSetChildDomain (2ms)
	RebuildCommonClasses (143ms)
	RebuildNativeTypeToScriptingClass (53ms)
	initialDomainReloadingComplete (188ms)
	LoadAllAssembliesAndSetupDomain (632ms)
		LoadAssemblies (476ms)
		RebuildTransferFunctionScriptingTraits (0ms)
		AnalyzeDomain (619ms)
			TypeCache.Refresh (610ms)
				TypeCache.ScanAssembly (558ms)
			BuildScriptInfoCaches (0ms)
			ResolveRequiredComponents (2ms)
	FinalizeReload (1648ms)
		ReleaseScriptCaches (0ms)
		RebuildScriptCaches (0ms)
		SetupLoadedEditorAssemblies (1459ms)
			LogAssemblyErrors (0ms)
			InitializePlatformSupportModulesInManaged (259ms)
			SetLoadedEditorAssemblies (12ms)
			BeforeProcessingInitializeOnLoad (291ms)
			ProcessInitializeOnLoadAttributes (574ms)
			ProcessInitializeOnLoadMethodAttributes (322ms)
			AfterProcessingInitializeOnLoad (0ms)
			EditorAssembliesLoaded (0ms)
		ExecutionOrderSort2 (0ms)
		AwakeInstancesAfterBackupRestoration (0ms)
========================================================================
Worker process is ready to serve import requests
Import Worker Mode flag is 0x00
Begin MonoManager ReloadAssembly
[Licensing::Client] Successfully resolved entitlement details
[Licensing::Module] License group:
  Id: F4-9Y4C-3YWY-AHYA-9WWZ-XXXX
  Product: Unity Personal
  Type: ULF
  Expiration: Unlimited
[Licensing::Module] License group:
  Id: 5773043619592-UnityPersXXXX
  Product: Unity Personal
  Type: Assigned
  Expiration: Unlimited
- Loaded All Assemblies, in  3.204 seconds
Refreshing native plugins compatible for Editor in 3.78 ms, found 3 plugins.
Native extension for WindowsStandalone target not found
Native extension for WebGL target not found
[Package Manager] Failed to launch server process. Reason: Unity was launched with the -noUpm command-line argument
[Package Manager] Unable to send message (not connected to server process).
[Package Manager] Cannot connect to Unity Package Manager local server
[Package Manager] Failed to launch server process. Reason: Unity was launched with the -noUpm command-line argument
[Package Manager] Unable to send message (not connected to server process).
[Package Manager] Cannot connect to Unity Package Manager local server
ScheduleIndexationOnStartup MainProcess:False IndexOnStartup:True
Mono: successfully reloaded assembly
- Finished resetting the current domain, in  3.249 seconds
Domain Reload Profiling: 6436ms
	BeginReloadAssembly (673ms)
		ExecutionOrderSort (0ms)
		DisableScriptedObjects (26ms)
		BackupInstance (0ms)
		ReleaseScriptingObjects (0ms)
		CreateAndSetChildDomain (88ms)
	RebuildCommonClasses (136ms)
	RebuildNativeTypeToScriptingClass (53ms)
	initialDomainReloadingComplete (175ms)
	LoadAllAssembliesAndSetupDomain (2149ms)
		LoadAssemblies (1403ms)
		RebuildTransferFunctionScriptingTraits (0ms)
		AnalyzeDomain (1126ms)
			TypeCache.Refresh (759ms)
				TypeCache.ScanAssembly (726ms)
			BuildScriptInfoCaches (284ms)
			ResolveRequiredComponents (67ms)
	FinalizeReload (3251ms)
		ReleaseScriptCaches (0ms)
		RebuildScriptCaches (0ms)
		SetupLoadedEditorAssemblies (2378ms)
			LogAssemblyErrors (0ms)
			InitializePlatformSupportModulesInManaged (8ms)
			SetLoadedEditorAssemblies (15ms)
			BeforeProcessingInitializeOnLoad (517ms)
			ProcessInitializeOnLoadAttributes (1501ms)
			ProcessInitializeOnLoadMethodAttributes (317ms)
			AfterProcessingInitializeOnLoad (19ms)
			EditorAssembliesLoaded (1ms)
		ExecutionOrderSort2 (0ms)
		AwakeInstancesAfterBackupRestoration (23ms)
Launched and connected shader compiler UnityShaderCompiler.exe after 0.07 seconds
Refreshing native plugins compatible for Editor in 4.24 ms, found 3 plugins.
Preloading 0 native plugins for Editor in 0.00 ms.
Unloading 28 Unused Serialized files (Serialized files now loaded: 0)
Unloading 6422 unused Assets / (4.7 MB). Loaded Objects now: 7272.
Memory consumption went from 169.8 MB to 165.1 MB.
Total: 22.958400 ms (FindLiveObjects: 1.302200 ms CreateObjectMapping: 1.155100 ms MarkObjects: 16.362000 ms  DeleteObjects: 4.136000 ms)

========================================================================
Received Import Request.
  Time since last request: 177702.181654 seconds.
  path: Assets/Grass And Flowers Pack 1/Ground Textures/Materials/Groundplants 1_D 755.mat
  artifactKey: Guid(df017051d7ecace49a746e142466fce7) Importer(2089858483,b0f066a214c2f5e87bad3c948f4d605d)
Start importing Assets/Grass And Flowers Pack 1/Ground Textures/Materials/Groundplants 1_D 755.mat using Guid(df017051d7ecace49a746e142466fce7) Importer(2089858483,b0f066a214c2f5e87bad3c948f4d605d) (ScriptedImporter) -> (artifact id: '425884a48158136af9ef455b8dcff5e7') in 0.4124018 seconds
Number of updated asset objects reloaded before import = 0Number of asset objects unloaded after import = 2

========================================================================
Received Import Request.
  Time since last request: 0.000052 seconds.
  path: Assets/Grass And Flowers Pack 1/Ground Textures/Materials/Groundplants 1_D 696.mat
  artifactKey: Guid(1ea5012b23d6b8e48b194bae126d2601) Importer(2089858483,b0f066a214c2f5e87bad3c948f4d605d)
Start importing Assets/Grass And Flowers Pack 1/Ground Textures/Materials/Groundplants 1_D 696.mat using Guid(1ea5012b23d6b8e48b194bae126d2601) Importer(2089858483,b0f066a214c2f5e87bad3c948f4d605d) (ScriptedImporter) -> (artifact id: '0c7fcbc83c74b217b4f040751145f7b2') in 0.0417654 seconds
Number of updated asset objects reloaded before import = 0Number of asset objects unloaded after import = 2

========================================================================
Received Import Request.
  Time since last request: 0.000106 seconds.
  path: Assets/Grass And Flowers Pack 1/Ground Textures/Materials/Groundplants 1_D 756.mat
  artifactKey: Guid(70382985f80b734439cd4ac6df9826dd) Importer(2089858483,b0f066a214c2f5e87bad3c948f4d605d)
Start importing Assets/Grass And Flowers Pack 1/Ground Textures/Materials/Groundplants 1_D 756.mat using Guid(70382985f80b734439cd4ac6df9826dd) Importer(2089858483,b0f066a214c2f5e87bad3c948f4d605d) (ScriptedImporter) -> (artifact id: '0d9a40310ae8ccb787ebb54e83b35900') in 0.0425187 seconds
Number of updated asset objects reloaded before import = 0Number of asset objects unloaded after import = 2

========================================================================
Received Import Request.
  Time since last request: 0.000053 seconds.
  path: Assets/Grass And Flowers Pack 1/Ground Textures/Materials/Groundplants 1_D 762.mat
  artifactKey: Guid(13ebf25a85ac8e2448a4ca12b2c0e784) Importer(2089858483,b0f066a214c2f5e87bad3c948f4d605d)
Start importing Assets/Grass And Flowers Pack 1/Ground Textures/Materials/Groundplants 1_D 762.mat using Guid(13ebf25a85ac8e2448a4ca12b2c0e784) Importer(2089858483,b0f066a214c2f5e87bad3c948f4d605d) (ScriptedImporter) -> (artifact id: '5ff81f61cfcfd0a55f9564b81136ca4e') in 0.1001089 seconds
Number of updated asset objects reloaded before import = 0Number of asset objects unloaded after import = 2

========================================================================
Received Import Request.
  Time since last request: 0.000046 seconds.
  path: Assets/Grass And Flowers Pack 1/Ground Textures/Materials/Groundplants 1_D 766.mat
  artifactKey: Guid(2ba0c7b611c1caa4c849588f806646f5) Importer(2089858483,b0f066a214c2f5e87bad3c948f4d605d)
Start importing Assets/Grass And Flowers Pack 1/Ground Textures/Materials/Groundplants 1_D 766.mat using Guid(2ba0c7b611c1caa4c849588f806646f5) Importer(2089858483,b0f066a214c2f5e87bad3c948f4d605d) (ScriptedImporter) -> (artifact id: '24188d96894cf368cef908898f5c7115') in 0.0322168 seconds
Number of updated asset objects reloaded before import = 0Number of asset objects unloaded after import = 2

========================================================================
Received Import Request.
  Time since last request: 0.000015 seconds.
  path: Assets/Grass And Flowers Pack 1/Ground Textures/Materials/Groundplants 1_D 678.mat
  artifactKey: Guid(28cef8cadc332cc4e928125a6c356c5f) Importer(2089858483,b0f066a214c2f5e87bad3c948f4d605d)
Start importing Assets/Grass And Flowers Pack 1/Ground Textures/Materials/Groundplants 1_D 678.mat using Guid(28cef8cadc332cc4e928125a6c356c5f) Importer(2089858483,b0f066a214c2f5e87bad3c948f4d605d) (ScriptedImporter) -> (artifact id: '51fb9f9df5f811624127573ffb76dd6c') in 0.0183764 seconds
Number of updated asset objects reloaded before import = 0Number of asset objects unloaded after import = 2

========================================================================
Received Import Request.
  Time since last request: 0.000042 seconds.
  path: Assets/Grass And Flowers Pack 1/Ground Textures/Materials/Groundplants 1_D 652.mat
  artifactKey: Guid(bcc74afad2ee5114db14a58236eefe38) Importer(2089858483,b0f066a214c2f5e87bad3c948f4d605d)
Start importing Assets/Grass And Flowers Pack 1/Ground Textures/Materials/Groundplants 1_D 652.mat using Guid(bcc74afad2ee5114db14a58236eefe38) Importer(2089858483,b0f066a214c2f5e87bad3c948f4d605d) (ScriptedImporter) -> (artifact id: 'd2a16ba8978d4358b5ae28aeb44165b9') in 0.0251092 seconds
Number of updated asset objects reloaded before import = 0Number of asset objects unloaded after import = 2

========================================================================
Received Import Request.
  Time since last request: 0.000036 seconds.
  path: Assets/Grass And Flowers Pack 1/Ground Textures/Materials/Groundplants 1_D 719.mat
  artifactKey: Guid(8a7b18e5317ea4d46b4aac3e5ef65611) Importer(2089858483,b0f066a214c2f5e87bad3c948f4d605d)
Start importing Assets/Grass And Flowers Pack 1/Ground Textures/Materials/Groundplants 1_D 719.mat using Guid(8a7b18e5317ea4d46b4aac3e5ef65611) Importer(2089858483,b0f066a214c2f5e87bad3c948f4d605d) (ScriptedImporter) -> (artifact id: '2a1c2af04c05551eb674efee2c363ca1') in 0.0216968 seconds
Number of updated asset objects reloaded before import = 0Number of asset objects unloaded after import = 2

========================================================================
Received Import Request.
  Time since last request: 0.000025 seconds.
  path: Assets/Grass And Flowers Pack 1/Ground Textures/Materials/Groundplants 1_D 560.mat
  artifactKey: Guid(9d56b3dcf98d16d4f80f5a653590038f) Importer(2089858483,b0f066a214c2f5e87bad3c948f4d605d)
Start importing Assets/Grass And Flowers Pack 1/Ground Textures/Materials/Groundplants 1_D 560.mat using Guid(9d56b3dcf98d16d4f80f5a653590038f) Importer(2089858483,b0f066a214c2f5e87bad3c948f4d605d) (ScriptedImporter) -> (artifact id: '9bff5d1a41a5e66707ad3ae1d7fbec88') in 0.0237496 seconds
Number of updated asset objects reloaded before import = 0Number of asset objects unloaded after import = 2

========================================================================
Received Import Request.
  Time since last request: 0.000031 seconds.
  path: Assets/Grass And Flowers Pack 1/Ground Textures/Materials/Groundplants 1_D 792.mat
  artifactKey: Guid(6ea7e90c6a701b74a87113dc09d619a8) Importer(2089858483,b0f066a214c2f5e87bad3c948f4d605d)
Start importing Assets/Grass And Flowers Pack 1/Ground Textures/Materials/Groundplants 1_D 792.mat using Guid(6ea7e90c6a701b74a87113dc09d619a8) Importer(2089858483,b0f066a214c2f5e87bad3c948f4d605d) (ScriptedImporter) -> (artifact id: '4a15350ac424d0db53061c008d6e0614') in 0.0737222 seconds
Number of updated asset objects reloaded before import = 0Number of asset objects unloaded after import = 2

========================================================================
Received Import Request.
  Time since last request: 0.000063 seconds.
  path: Assets/Grass And Flowers Pack 1/Ground Textures/Materials/Groundplants 1_D 783.mat
  artifactKey: Guid(bf175d73e0efe9848b3173faff39fe39) Importer(2089858483,b0f066a214c2f5e87bad3c948f4d605d)
Start importing Assets/Grass And Flowers Pack 1/Ground Textures/Materials/Groundplants 1_D 783.mat using Guid(bf175d73e0efe9848b3173faff39fe39) Importer(2089858483,b0f066a214c2f5e87bad3c948f4d605d) (ScriptedImporter) -> (artifact id: '98e2a7704692199ec45225f5821dd8a6') in 0.0524366 seconds
Number of updated asset objects reloaded before import = 0Number of asset objects unloaded after import = 2

========================================================================
Received Import Request.
  Time since last request: 0.000074 seconds.
  path: Assets/Grass And Flowers Pack 1/Ground Textures/Materials/Groundplants 1_D 785.mat
  artifactKey: Guid(be28919282a166b4e85a00ee95ea8b61) Importer(2089858483,b0f066a214c2f5e87bad3c948f4d605d)
Start importing Assets/Grass And Flowers Pack 1/Ground Textures/Materials/Groundplants 1_D 785.mat using Guid(be28919282a166b4e85a00ee95ea8b61) Importer(2089858483,b0f066a214c2f5e87bad3c948f4d605d) (ScriptedImporter) -> (artifact id: '521dcefa325e244e7de0a42c335c4d72') in 0.0170498 seconds
Number of updated asset objects reloaded before import = 0Number of asset objects unloaded after import = 2

========================================================================
Received Import Request.
  Time since last request: 0.000072 seconds.
  path: Assets/Grass And Flowers Pack 1/Ground Textures/Materials/Groundplants 1_D 802.mat
  artifactKey: Guid(cefcc046f98523f4982ed29caa6e4223) Importer(2089858483,b0f066a214c2f5e87bad3c948f4d605d)
Start importing Assets/Grass And Flowers Pack 1/Ground Textures/Materials/Groundplants 1_D 802.mat using Guid(cefcc046f98523f4982ed29caa6e4223) Importer(2089858483,b0f066a214c2f5e87bad3c948f4d605d) (ScriptedImporter) -> (artifact id: 'a72759e82a92932f1b5e5cd419239488') in 0.0236166 seconds
Number of updated asset objects reloaded before import = 0Number of asset objects unloaded after import = 2

========================================================================
Received Import Request.
  Time since last request: 0.000020 seconds.
  path: Assets/Grass And Flowers Pack 1/Ground Textures/Materials/Groundplants 1_D 798.mat
  artifactKey: Guid(ddb67b4f6199a1441af1b23a1d7f819b) Importer(2089858483,b0f066a214c2f5e87bad3c948f4d605d)
Start importing Assets/Grass And Flowers Pack 1/Ground Textures/Materials/Groundplants 1_D 798.mat using Guid(ddb67b4f6199a1441af1b23a1d7f819b) Importer(2089858483,b0f066a214c2f5e87bad3c948f4d605d) (ScriptedImporter) -> (artifact id: '010f438d8c33130a394044ac0cc2d31e') in 0.023539 seconds
Number of updated asset objects reloaded before import = 0Number of asset objects unloaded after import = 2

========================================================================
Received Import Request.
  Time since last request: 0.000028 seconds.
  path: Assets/Grass And Flowers Pack 1/Ground Textures/Materials/Groundplants 1_D 803.mat
  artifactKey: Guid(501e79093cbbaea44b6119b1eedad09c) Importer(2089858483,b0f066a214c2f5e87bad3c948f4d605d)
Start importing Assets/Grass And Flowers Pack 1/Ground Textures/Materials/Groundplants 1_D 803.mat using Guid(501e79093cbbaea44b6119b1eedad09c) Importer(2089858483,b0f066a214c2f5e87bad3c948f4d605d) (ScriptedImporter) -> (artifact id: 'c692ddde644a5aaaeda150a36d218589') in 0.0256361 seconds
Number of updated asset objects reloaded before import = 0Number of asset objects unloaded after import = 2

========================================================================
Received Import Request.
  Time since last request: 0.000047 seconds.
  path: Assets/Grass And Flowers Pack 1/Ground Textures/Materials/Groundplants 1_D 703.mat
  artifactKey: Guid(f31fe4bb40ed209449d7ea57747ac910) Importer(2089858483,b0f066a214c2f5e87bad3c948f4d605d)
Start importing Assets/Grass And Flowers Pack 1/Ground Textures/Materials/Groundplants 1_D 703.mat using Guid(f31fe4bb40ed209449d7ea57747ac910) Importer(2089858483,b0f066a214c2f5e87bad3c948f4d605d) (ScriptedImporter) -> (artifact id: '7388ec9707e728b29dde96e8b821f7e6') in 0.021977 seconds
Number of updated asset objects reloaded before import = 0Number of asset objects unloaded after import = 2

========================================================================
Received Import Request.
  Time since last request: 0.000022 seconds.
  path: Assets/Grass And Flowers Pack 1/Ground Textures/Materials/Groundplants 1_D 605.mat
  artifactKey: Guid(fa558a8bcd172644ea5918c674838481) Importer(2089858483,b0f066a214c2f5e87bad3c948f4d605d)
Start importing Assets/Grass And Flowers Pack 1/Ground Textures/Materials/Groundplants 1_D 605.mat using Guid(fa558a8bcd172644ea5918c674838481) Importer(2089858483,b0f066a214c2f5e87bad3c948f4d605d) (ScriptedImporter) -> (artifact id: '921f16239b6c23fc4578af83800d6e99') in 0.0208482 seconds
Number of updated asset objects reloaded before import = 0Number of asset objects unloaded after import = 2

========================================================================
Received Import Request.
  Time since last request: 0.000023 seconds.
  path: Assets/Grass And Flowers Pack 1/Ground Textures/Materials/Groundplants 1_D 836.mat
  artifactKey: Guid(4a529def4ec3a4c4da26104669bd92fd) Importer(2089858483,b0f066a214c2f5e87bad3c948f4d605d)
Start importing Assets/Grass And Flowers Pack 1/Ground Textures/Materials/Groundplants 1_D 836.mat using Guid(4a529def4ec3a4c4da26104669bd92fd) Importer(2089858483,b0f066a214c2f5e87bad3c948f4d605d) (ScriptedImporter) -> (artifact id: 'a2378e21e0f6dbf4ed02de8e7f8443f6') in 0.0160794 seconds
Number of updated asset objects reloaded before import = 0Number of asset objects unloaded after import = 2

========================================================================
Received Import Request.
  Time since last request: 0.000019 seconds.
  path: Assets/Grass And Flowers Pack 1/Ground Textures/Materials/Groundplants 1_D 820.mat
  artifactKey: Guid(8ad67acb22e86af4ba80bf9a1ee7a864) Importer(2089858483,b0f066a214c2f5e87bad3c948f4d605d)
Start importing Assets/Grass And Flowers Pack 1/Ground Textures/Materials/Groundplants 1_D 820.mat using Guid(8ad67acb22e86af4ba80bf9a1ee7a864) Importer(2089858483,b0f066a214c2f5e87bad3c948f4d605d) (ScriptedImporter) -> (artifact id: 'cb81da2b6518601789f51dd09f3c6cdd') in 0.0167556 seconds
Number of updated asset objects reloaded before import = 0Number of asset objects unloaded after import = 2

========================================================================
Received Import Request.
  Time since last request: 0.000033 seconds.
  path: Assets/Grass And Flowers Pack 1/Ground Textures/Materials/Groundplants 1_D 817.mat
  artifactKey: Guid(c8b493a5d123de24e9855e3dcb31a9fb) Importer(2089858483,b0f066a214c2f5e87bad3c948f4d605d)
Start importing Assets/Grass And Flowers Pack 1/Ground Textures/Materials/Groundplants 1_D 817.mat using Guid(c8b493a5d123de24e9855e3dcb31a9fb) Importer(2089858483,b0f066a214c2f5e87bad3c948f4d605d) (ScriptedImporter) -> (artifact id: '202cda2474ec268c5f13c49cac819ee3') in 0.0169917 seconds
Number of updated asset objects reloaded before import = 0Number of asset objects unloaded after import = 2

========================================================================
Received Import Request.
  Time since last request: 0.000017 seconds.
  path: Assets/Grass And Flowers Pack 1/Ground Textures/Materials/Groundplants 1_D 725.mat
  artifactKey: Guid(373be80611ca58b45b4edf9ed41de512) Importer(2089858483,b0f066a214c2f5e87bad3c948f4d605d)
Start importing Assets/Grass And Flowers Pack 1/Ground Textures/Materials/Groundplants 1_D 725.mat using Guid(373be80611ca58b45b4edf9ed41de512) Importer(2089858483,b0f066a214c2f5e87bad3c948f4d605d) (ScriptedImporter) -> (artifact id: '761876a694aafa717baa47baaaee111c') in 0.0191442 seconds
Number of updated asset objects reloaded before import = 0Number of asset objects unloaded after import = 2

========================================================================
Received Import Request.
  Time since last request: 0.000021 seconds.
  path: Assets/Grass And Flowers Pack 1/Ground Textures/Materials/Groundplants 1_D 724.mat
  artifactKey: Guid(ba2617d3296357246966943b6e70f2a0) Importer(2089858483,b0f066a214c2f5e87bad3c948f4d605d)
Start importing Assets/Grass And Flowers Pack 1/Ground Textures/Materials/Groundplants 1_D 724.mat using Guid(ba2617d3296357246966943b6e70f2a0) Importer(2089858483,b0f066a214c2f5e87bad3c948f4d605d) (ScriptedImporter) -> (artifact id: '4b32fcb5aa35da2d2bec1f1f2818001f') in 0.0300893 seconds
Number of updated asset objects reloaded before import = 0Number of asset objects unloaded after import = 2

========================================================================
Received Import Request.
  Time since last request: 0.000025 seconds.
  path: Assets/Grass And Flowers Pack 1/Ground Textures/Materials/Groundplants 1_D 772.mat
  artifactKey: Guid(dda40c67745b52a44b4d4ff79da8eec2) Importer(2089858483,b0f066a214c2f5e87bad3c948f4d605d)
Start importing Assets/Grass And Flowers Pack 1/Ground Textures/Materials/Groundplants 1_D 772.mat using Guid(dda40c67745b52a44b4d4ff79da8eec2) Importer(2089858483,b0f066a214c2f5e87bad3c948f4d605d) (ScriptedImporter) -> (artifact id: '3c021104f3ca579c3d1fd5f804e72117') in 0.0175694 seconds
Number of updated asset objects reloaded before import = 0Number of asset objects unloaded after import = 2

========================================================================
Received Import Request.
  Time since last request: 0.000073 seconds.
  path: Assets/Grass And Flowers Pack 1/Ground Textures/Materials/Groundplants 1_D 837.mat
  artifactKey: Guid(71d9e249be177244a8c97dc86994bbd5) Importer(2089858483,b0f066a214c2f5e87bad3c948f4d605d)
Start importing Assets/Grass And Flowers Pack 1/Ground Textures/Materials/Groundplants 1_D 837.mat using Guid(71d9e249be177244a8c97dc86994bbd5) Importer(2089858483,b0f066a214c2f5e87bad3c948f4d605d) (ScriptedImporter) -> (artifact id: 'a199ebdc19f05ab3a9bd7df5f9cf7754') in 0.0175173 seconds
Number of updated asset objects reloaded before import = 0Number of asset objects unloaded after import = 2

========================================================================
Received Import Request.
  Time since last request: 0.000021 seconds.
  path: Assets/Grass And Flowers Pack 1/Ground Textures/Materials/Groundplants 1_D 865.mat
  artifactKey: Guid(ef875e23a8f6d3948b44b5292e3c53f7) Importer(2089858483,b0f066a214c2f5e87bad3c948f4d605d)
Start importing Assets/Grass And Flowers Pack 1/Ground Textures/Materials/Groundplants 1_D 865.mat using Guid(ef875e23a8f6d3948b44b5292e3c53f7) Importer(2089858483,b0f066a214c2f5e87bad3c948f4d605d) (ScriptedImporter) -> (artifact id: '21e6854f987db4e1199fce87a5cf31be') in 0.0191371 seconds
Number of updated asset objects reloaded before import = 0Number of asset objects unloaded after import = 2

========================================================================
Received Import Request.
  Time since last request: 0.000026 seconds.
  path: Assets/Grass And Flowers Pack 1/Ground Textures/Materials/Groundplants 1_D 859.mat
  artifactKey: Guid(2f7d7afa31752e54b8cf582bb2216dfe) Importer(2089858483,b0f066a214c2f5e87bad3c948f4d605d)
Start importing Assets/Grass And Flowers Pack 1/Ground Textures/Materials/Groundplants 1_D 859.mat using Guid(2f7d7afa31752e54b8cf582bb2216dfe) Importer(2089858483,b0f066a214c2f5e87bad3c948f4d605d) (ScriptedImporter) -> (artifact id: '9ad47abf0991633f1cc441c802dad39d') in 0.0234452 seconds
Number of updated asset objects reloaded before import = 0Number of asset objects unloaded after import = 2

========================================================================
Received Import Request.
  Time since last request: 0.000035 seconds.
  path: Assets/Grass And Flowers Pack 1/Ground Textures/Materials/Groundplants 1_D 852.mat
  artifactKey: Guid(b77bf2db02155c644a2d481ca283ac80) Importer(2089858483,b0f066a214c2f5e87bad3c948f4d605d)
Start importing Assets/Grass And Flowers Pack 1/Ground Textures/Materials/Groundplants 1_D 852.mat using Guid(b77bf2db02155c644a2d481ca283ac80) Importer(2089858483,b0f066a214c2f5e87bad3c948f4d605d) (ScriptedImporter) -> (artifact id: 'e3d8516d0fb5ea7b3aa42b71c6e6d079') in 0.0196695 seconds
Number of updated asset objects reloaded before import = 0Number of asset objects unloaded after import = 2

========================================================================
Received Import Request.
  Time since last request: 0.000043 seconds.
  path: Assets/Grass And Flowers Pack 1/Ground Textures/Materials/Groundplants 1_D 853.mat
  artifactKey: Guid(127b4ea6e828beb4a8967a5fdf9b017d) Importer(2089858483,b0f066a214c2f5e87bad3c948f4d605d)
Start importing Assets/Grass And Flowers Pack 1/Ground Textures/Materials/Groundplants 1_D 853.mat using Guid(127b4ea6e828beb4a8967a5fdf9b017d) Importer(2089858483,b0f066a214c2f5e87bad3c948f4d605d) (ScriptedImporter) -> (artifact id: 'e24f533743f23ff09de9e62d0d7ea502') in 0.0259503 seconds
Number of updated asset objects reloaded before import = 0Number of asset objects unloaded after import = 2

========================================================================
Received Import Request.
  Time since last request: 0.000027 seconds.
  path: Assets/Grass And Flowers Pack 1/Ground Textures/Materials/Groundplants 1_D 891.mat
  artifactKey: Guid(9dc04467bb517c54a976052e4693f3ec) Importer(2089858483,b0f066a214c2f5e87bad3c948f4d605d)
Start importing Assets/Grass And Flowers Pack 1/Ground Textures/Materials/Groundplants 1_D 891.mat using Guid(9dc04467bb517c54a976052e4693f3ec) Importer(2089858483,b0f066a214c2f5e87bad3c948f4d605d) (ScriptedImporter) -> (artifact id: '764a2a29ed543c3f6ed59917b68f5854') in 0.0176598 seconds
Number of updated asset objects reloaded before import = 0Number of asset objects unloaded after import = 2

========================================================================
Received Import Request.
  Time since last request: 0.000027 seconds.
  path: Assets/Grass And Flowers Pack 1/Ground Textures/Materials/Groundplants 1_D 868.mat
  artifactKey: Guid(cece7cc9a5014a54fb1d9067cb47b36d) Importer(2089858483,b0f066a214c2f5e87bad3c948f4d605d)
Start importing Assets/Grass And Flowers Pack 1/Ground Textures/Materials/Groundplants 1_D 868.mat using Guid(cece7cc9a5014a54fb1d9067cb47b36d) Importer(2089858483,b0f066a214c2f5e87bad3c948f4d605d) (ScriptedImporter) -> (artifact id: '577acde2b8e3b5f6f7152730a17b9758') in 0.0179154 seconds
Number of updated asset objects reloaded before import = 0Number of asset objects unloaded after import = 2

========================================================================
Received Import Request.
  Time since last request: 0.000046 seconds.
  path: Assets/Grass And Flowers Pack 1/Ground Textures/Materials/Groundplants 1_D 872.mat
  artifactKey: Guid(fe3f8a1fabacadb478882076d83c3253) Importer(2089858483,b0f066a214c2f5e87bad3c948f4d605d)
Start importing Assets/Grass And Flowers Pack 1/Ground Textures/Materials/Groundplants 1_D 872.mat using Guid(fe3f8a1fabacadb478882076d83c3253) Importer(2089858483,b0f066a214c2f5e87bad3c948f4d605d) (ScriptedImporter) -> (artifact id: '05ea916843bcf9bf7fe0e53e4ecd83bf') in 0.0167836 seconds
Number of updated asset objects reloaded before import = 0Number of asset objects unloaded after import = 2

========================================================================
Received Import Request.
  Time since last request: 0.000027 seconds.
  path: Assets/Grass And Flowers Pack 1/Ground Textures/Materials/Groundplants 1_D 883.mat
  artifactKey: Guid(0a9fdeb62b728504eb169d5a00d70843) Importer(2089858483,b0f066a214c2f5e87bad3c948f4d605d)
Start importing Assets/Grass And Flowers Pack 1/Ground Textures/Materials/Groundplants 1_D 883.mat using Guid(0a9fdeb62b728504eb169d5a00d70843) Importer(2089858483,b0f066a214c2f5e87bad3c948f4d605d) (ScriptedImporter) -> (artifact id: '7e6c0692e2310d1c1e6aadac27cc4c2b') in 0.019118 seconds
Number of updated asset objects reloaded before import = 0Number of asset objects unloaded after import = 2

========================================================================
Received Import Request.
  Time since last request: 0.000026 seconds.
  path: Assets/Grass And Flowers Pack 1/Ground Textures/Materials/Groundplants 1_D 846.mat
  artifactKey: Guid(eb3c2dbada43f8d45a353fb43a6f87dd) Importer(2089858483,b0f066a214c2f5e87bad3c948f4d605d)
Start importing Assets/Grass And Flowers Pack 1/Ground Textures/Materials/Groundplants 1_D 846.mat using Guid(eb3c2dbada43f8d45a353fb43a6f87dd) Importer(2089858483,b0f066a214c2f5e87bad3c948f4d605d) (ScriptedImporter) -> (artifact id: '576caca1ef6ab81837289eb388d79078') in 0.0164584 seconds
Number of updated asset objects reloaded before import = 0Number of asset objects unloaded after import = 2

========================================================================
Received Import Request.
  Time since last request: 0.000025 seconds.
  path: Assets/Grass And Flowers Pack 1/Ground Textures/Materials/Groundplants 1_D 873.mat
  artifactKey: Guid(26a3feca1478c8242bff766621d7109f) Importer(2089858483,b0f066a214c2f5e87bad3c948f4d605d)
Start importing Assets/Grass And Flowers Pack 1/Ground Textures/Materials/Groundplants 1_D 873.mat using Guid(26a3feca1478c8242bff766621d7109f) Importer(2089858483,b0f066a214c2f5e87bad3c948f4d605d) (ScriptedImporter) -> (artifact id: '0f7f95cd912dd6a92b390d3d699a55d4') in 0.0172704 seconds
Number of updated asset objects reloaded before import = 0Number of asset objects unloaded after import = 2

========================================================================
Received Import Request.
  Time since last request: 0.000042 seconds.
  path: Assets/Grass And Flowers Pack 1/Ground Textures/Materials/Groundplants 1_D 909.mat
  artifactKey: Guid(35bc34cbc7fe7f9468de2b1ab78c1c9b) Importer(2089858483,b0f066a214c2f5e87bad3c948f4d605d)
Start importing Assets/Grass And Flowers Pack 1/Ground Textures/Materials/Groundplants 1_D 909.mat using Guid(35bc34cbc7fe7f9468de2b1ab78c1c9b) Importer(2089858483,b0f066a214c2f5e87bad3c948f4d605d) (ScriptedImporter) -> (artifact id: '806be2efa69b1056864f9ba88a1b5757') in 0.0187909 seconds
Number of updated asset objects reloaded before import = 0Number of asset objects unloaded after import = 2

========================================================================
Received Import Request.
  Time since last request: 0.000026 seconds.
  path: Assets/Grass And Flowers Pack 1/Ground Textures/Materials/Groundplants 1_D 903.mat
  artifactKey: Guid(d8a453076bede494c95bf9230723f28d) Importer(2089858483,b0f066a214c2f5e87bad3c948f4d605d)
Start importing Assets/Grass And Flowers Pack 1/Ground Textures/Materials/Groundplants 1_D 903.mat using Guid(d8a453076bede494c95bf9230723f28d) Importer(2089858483,b0f066a214c2f5e87bad3c948f4d605d) (ScriptedImporter) -> (artifact id: 'bc6bc4f15fecf7b91f9da5982df52b3c') in 0.0167346 seconds
Number of updated asset objects reloaded before import = 0Number of asset objects unloaded after import = 2

========================================================================
Received Import Request.
  Time since last request: 0.000039 seconds.
  path: Assets/Grass And Flowers Pack 1/Ground Textures/Materials/Groundplants 1_D 907.mat
  artifactKey: Guid(f7dde6cb567b5ea4ea80d661f6f485bf) Importer(2089858483,b0f066a214c2f5e87bad3c948f4d605d)
Start importing Assets/Grass And Flowers Pack 1/Ground Textures/Materials/Groundplants 1_D 907.mat using Guid(f7dde6cb567b5ea4ea80d661f6f485bf) Importer(2089858483,b0f066a214c2f5e87bad3c948f4d605d) (ScriptedImporter) -> (artifact id: '55e2088ca65cdadd4884a6c8e0d3bb88') in 0.0190435 seconds
Number of updated asset objects reloaded before import = 0Number of asset objects unloaded after import = 2

========================================================================
Received Import Request.
  Time since last request: 0.000026 seconds.
  path: Assets/Grass And Flowers Pack 1/Ground Textures/Materials/Groundplants 1_D 914.mat
  artifactKey: Guid(43c23a127e8a81a4f892474bfd7e3bd1) Importer(2089858483,b0f066a214c2f5e87bad3c948f4d605d)
Start importing Assets/Grass And Flowers Pack 1/Ground Textures/Materials/Groundplants 1_D 914.mat using Guid(43c23a127e8a81a4f892474bfd7e3bd1) Importer(2089858483,b0f066a214c2f5e87bad3c948f4d605d) (ScriptedImporter) -> (artifact id: '0b9c106f5f5d897ea70f05e3288b1b8f') in 0.0207146 seconds
Number of updated asset objects reloaded before import = 0Number of asset objects unloaded after import = 2

========================================================================
Received Import Request.
  Time since last request: 0.000033 seconds.
  path: Assets/Grass And Flowers Pack 1/Ground Textures/Materials/Groundplants 1_D 896.mat
  artifactKey: Guid(09956b062fb08eb49bfcfb8c38372818) Importer(2089858483,b0f066a214c2f5e87bad3c948f4d605d)
Start importing Assets/Grass And Flowers Pack 1/Ground Textures/Materials/Groundplants 1_D 896.mat using Guid(09956b062fb08eb49bfcfb8c38372818) Importer(2089858483,b0f066a214c2f5e87bad3c948f4d605d) (ScriptedImporter) -> (artifact id: '5a9ff009694aefa373583f45d995e24f') in 0.0563581 seconds
Number of updated asset objects reloaded before import = 0Number of asset objects unloaded after import = 2

========================================================================
Received Import Request.
  Time since last request: 0.000058 seconds.
  path: Assets/Grass And Flowers Pack 1/Ground Textures/Materials/Groundplants 1_D 920.mat
  artifactKey: Guid(955aecf742bc51f428a6fedba74fa1c8) Importer(2089858483,b0f066a214c2f5e87bad3c948f4d605d)
Start importing Assets/Grass And Flowers Pack 1/Ground Textures/Materials/Groundplants 1_D 920.mat using Guid(955aecf742bc51f428a6fedba74fa1c8) Importer(2089858483,b0f066a214c2f5e87bad3c948f4d605d) (ScriptedImporter) -> (artifact id: '434969aaeab9129679c39b7ee623bdd5') in 0.0581179 seconds
Number of updated asset objects reloaded before import = 0Number of asset objects unloaded after import = 2

========================================================================
Received Import Request.
  Time since last request: 0.000072 seconds.
  path: Assets/Grass And Flowers Pack 1/Ground Textures/Materials/Groundplants 1_D 950.mat
  artifactKey: Guid(99b106b4662f7e44592ed6607eeef610) Importer(2089858483,b0f066a214c2f5e87bad3c948f4d605d)
Start importing Assets/Grass And Flowers Pack 1/Ground Textures/Materials/Groundplants 1_D 950.mat using Guid(99b106b4662f7e44592ed6607eeef610) Importer(2089858483,b0f066a214c2f5e87bad3c948f4d605d) (ScriptedImporter) -> (artifact id: 'f8ebd9c3721805d544b652c2788bfc81') in 0.0585057 seconds
Number of updated asset objects reloaded before import = 0Number of asset objects unloaded after import = 2

========================================================================
Received Import Request.
  Time since last request: 0.000049 seconds.
  path: Assets/Grass And Flowers Pack 1/Ground Textures/Materials/Groundplants 1_D 932.mat
  artifactKey: Guid(b77345528b43b7b42b27a8cc159e673b) Importer(2089858483,b0f066a214c2f5e87bad3c948f4d605d)
Start importing Assets/Grass And Flowers Pack 1/Ground Textures/Materials/Groundplants 1_D 932.mat using Guid(b77345528b43b7b42b27a8cc159e673b) Importer(2089858483,b0f066a214c2f5e87bad3c948f4d605d) (ScriptedImporter) -> (artifact id: '32fcfab090f94f6827858688a46a691d') in 0.0368602 seconds
Number of updated asset objects reloaded before import = 0Number of asset objects unloaded after import = 2

========================================================================
Received Import Request.
  Time since last request: 0.000072 seconds.
  path: Assets/Grass And Flowers Pack 1/Ground Textures/Materials/Groundplants 1_D 961.mat
  artifactKey: Guid(94dac84c37f6fa94c9b1cbf439bba668) Importer(2089858483,b0f066a214c2f5e87bad3c948f4d605d)
Start importing Assets/Grass And Flowers Pack 1/Ground Textures/Materials/Groundplants 1_D 961.mat using Guid(94dac84c37f6fa94c9b1cbf439bba668) Importer(2089858483,b0f066a214c2f5e87bad3c948f4d605d) (ScriptedImporter) -> (artifact id: '4d1d463dea2cfc490fce8d5a3d4b1c60') in 0.0633202 seconds
Number of updated asset objects reloaded before import = 0Number of asset objects unloaded after import = 2

========================================================================
Received Import Request.
  Time since last request: 0.000049 seconds.
  path: Assets/Grass And Flowers Pack 1/Ground Textures/Materials/Groundplants 1_D 926.mat
  artifactKey: Guid(678fd050d93d787448e61222e4b3bdaf) Importer(2089858483,b0f066a214c2f5e87bad3c948f4d605d)
Start importing Assets/Grass And Flowers Pack 1/Ground Textures/Materials/Groundplants 1_D 926.mat using Guid(678fd050d93d787448e61222e4b3bdaf) Importer(2089858483,b0f066a214c2f5e87bad3c948f4d605d) (ScriptedImporter) -> (artifact id: 'bd95d551051b07460687e1c164a7773f') in 0.0975391 seconds
Number of updated asset objects reloaded before import = 0Number of asset objects unloaded after import = 2

========================================================================
Received Import Request.
  Time since last request: 0.000081 seconds.
  path: Assets/Grass And Flowers Pack 1/Ground Textures/Materials/Groundplants 1_D 931.mat
  artifactKey: Guid(6ae70b2cda7037c44838ab0d81b65772) Importer(2089858483,b0f066a214c2f5e87bad3c948f4d605d)
Start importing Assets/Grass And Flowers Pack 1/Ground Textures/Materials/Groundplants 1_D 931.mat using Guid(6ae70b2cda7037c44838ab0d81b65772) Importer(2089858483,b0f066a214c2f5e87bad3c948f4d605d) (ScriptedImporter) -> (artifact id: 'b28474aafe45a46d2a8a7d66251784cf') in 0.0799127 seconds
Number of updated asset objects reloaded before import = 0Number of asset objects unloaded after import = 2

========================================================================
Received Import Request.
  Time since last request: 0.000053 seconds.
  path: Assets/Grass And Flowers Pack 1/Ground Textures/Materials/Groundplants 1_D 936.mat
  artifactKey: Guid(285dd53f6b714104c93ebe64cf52fd89) Importer(2089858483,b0f066a214c2f5e87bad3c948f4d605d)
Start importing Assets/Grass And Flowers Pack 1/Ground Textures/Materials/Groundplants 1_D 936.mat using Guid(285dd53f6b714104c93ebe64cf52fd89) Importer(2089858483,b0f066a214c2f5e87bad3c948f4d605d) (ScriptedImporter) -> (artifact id: 'fa18f3ec84598537276709bcd65e29f8') in 0.0438164 seconds
Number of updated asset objects reloaded before import = 0Number of asset objects unloaded after import = 2

========================================================================
Received Import Request.
  Time since last request: 0.000086 seconds.
  path: Assets/Grass And Flowers Pack 1/Ground Textures/Materials/Groundplants 1_D 970.mat
  artifactKey: Guid(a774fa74d0d019c4389ccde89e66d22d) Importer(2089858483,b0f066a214c2f5e87bad3c948f4d605d)
Start importing Assets/Grass And Flowers Pack 1/Ground Textures/Materials/Groundplants 1_D 970.mat using Guid(a774fa74d0d019c4389ccde89e66d22d) Importer(2089858483,b0f066a214c2f5e87bad3c948f4d605d) (ScriptedImporter) -> (artifact id: '6373beb628ec1a61beedfdcb637141c6') in 0.0825996 seconds
Number of updated asset objects reloaded before import = 0Number of asset objects unloaded after import = 2

========================================================================
Received Import Request.
  Time since last request: 0.000052 seconds.
  path: Assets/Grass And Flowers Pack 1/Ground Textures/Materials/Groundplants 1_D 960.mat
  artifactKey: Guid(a3c12b1c6e7d8bf4797611393dfec500) Importer(2089858483,b0f066a214c2f5e87bad3c948f4d605d)
Start importing Assets/Grass And Flowers Pack 1/Ground Textures/Materials/Groundplants 1_D 960.mat using Guid(a3c12b1c6e7d8bf4797611393dfec500) Importer(2089858483,b0f066a214c2f5e87bad3c948f4d605d) (ScriptedImporter) -> (artifact id: '07f80342a69892bf776ddd603290fe63') in 0.0614072 seconds
Number of updated asset objects reloaded before import = 0Number of asset objects unloaded after import = 2

========================================================================
Received Import Request.
  Time since last request: 0.000083 seconds.
  path: Assets/Grass And Flowers Pack 1/Ground Textures/Materials/Groundplants 1_D 986.mat
  artifactKey: Guid(b9d3b4f00712e394abec0dbaa8a0df52) Importer(2089858483,b0f066a214c2f5e87bad3c948f4d605d)
Start importing Assets/Grass And Flowers Pack 1/Ground Textures/Materials/Groundplants 1_D 986.mat using Guid(b9d3b4f00712e394abec0dbaa8a0df52) Importer(2089858483,b0f066a214c2f5e87bad3c948f4d605d) (ScriptedImporter) -> (artifact id: 'a278433ad2ca7a119bb749ef4875828f') in 0.2170541 seconds
Number of updated asset objects reloaded before import = 0Number of asset objects unloaded after import = 2

========================================================================
Received Import Request.
  Time since last request: 0.000056 seconds.
  path: Assets/Grass And Flowers Pack 1/Ground Textures/Materials/Groundplants 1_D 963.mat
  artifactKey: Guid(08f385cc43ce66947a6f0dadfa31ab80) Importer(2089858483,b0f066a214c2f5e87bad3c948f4d605d)
Start importing Assets/Grass And Flowers Pack 1/Ground Textures/Materials/Groundplants 1_D 963.mat using Guid(08f385cc43ce66947a6f0dadfa31ab80) Importer(2089858483,b0f066a214c2f5e87bad3c948f4d605d) (ScriptedImporter) -> (artifact id: '031f6b557ff920be89cbd2ee55357253') in 0.2339126 seconds
Number of updated asset objects reloaded before import = 0Number of asset objects unloaded after import = 2

========================================================================
Received Import Request.
  Time since last request: 0.000075 seconds.
  path: Assets/Grass And Flowers Pack 1/Ground Textures/Materials/Groundplants 1_D 980.mat
  artifactKey: Guid(7828c2a720fca1143b7b1eec007142fd) Importer(2089858483,b0f066a214c2f5e87bad3c948f4d605d)
Start importing Assets/Grass And Flowers Pack 1/Ground Textures/Materials/Groundplants 1_D 980.mat using Guid(7828c2a720fca1143b7b1eec007142fd) Importer(2089858483,b0f066a214c2f5e87bad3c948f4d605d) (ScriptedImporter) -> (artifact id: '16d3038a0342baedf2175e42ccf49be1') in 0.2977763 seconds
Number of updated asset objects reloaded before import = 0Number of asset objects unloaded after import = 2

========================================================================
Received Import Request.
  Time since last request: 0.000055 seconds.
  path: Assets/Grass And Flowers Pack 1/Ground Textures/Materials/Groundplants 1_D 927.mat
  artifactKey: Guid(dd45b41237be7264a8b70114bb911576) Importer(2089858483,b0f066a214c2f5e87bad3c948f4d605d)
Start importing Assets/Grass And Flowers Pack 1/Ground Textures/Materials/Groundplants 1_D 927.mat using Guid(dd45b41237be7264a8b70114bb911576) Importer(2089858483,b0f066a214c2f5e87bad3c948f4d605d) (ScriptedImporter) -> (artifact id: '488778a5dc3ff322ef4ad9f6039243d3') in 0.0714792 seconds
Number of updated asset objects reloaded before import = 0Number of asset objects unloaded after import = 2

========================================================================
Received Import Request.
  Time since last request: 0.000090 seconds.
  path: Assets/Grass And Flowers Pack 1/Ground Textures/Materials/Groundplants 1_D 946.mat
  artifactKey: Guid(7c9eed8eaa1af90469399d47207d0bb2) Importer(2089858483,b0f066a214c2f5e87bad3c948f4d605d)
Start importing Assets/Grass And Flowers Pack 1/Ground Textures/Materials/Groundplants 1_D 946.mat using Guid(7c9eed8eaa1af90469399d47207d0bb2) Importer(2089858483,b0f066a214c2f5e87bad3c948f4d605d) (ScriptedImporter) -> (artifact id: '0457d11bad97103f925c4d7f37cb37ff') in 0.0748159 seconds
Number of updated asset objects reloaded before import = 0Number of asset objects unloaded after import = 2

========================================================================
Received Import Request.
  Time since last request: 0.000060 seconds.
  path: Assets/Grass And Flowers Pack 1/Ground Textures/Materials/Groundplants 1_D 666.mat
  artifactKey: Guid(bfa5f93a5fee09c4d947e442d9c2d98b) Importer(2089858483,b0f066a214c2f5e87bad3c948f4d605d)
Start importing Assets/Grass And Flowers Pack 1/Ground Textures/Materials/Groundplants 1_D 666.mat using Guid(bfa5f93a5fee09c4d947e442d9c2d98b) Importer(2089858483,b0f066a214c2f5e87bad3c948f4d605d) (ScriptedImporter) -> (artifact id: '87cc2d6a702461df42c2c03c843e177c') in 0.0606105 seconds
Number of updated asset objects reloaded before import = 0Number of asset objects unloaded after import = 2

========================================================================
Received Import Request.
  Time since last request: 0.000077 seconds.
  path: Assets/Grass And Flowers Pack 1/Ground Textures/Materials/Groundplants 1_D 942.mat
  artifactKey: Guid(68cbf9c8a8ac9ba458b7a133ccfca980) Importer(2089858483,b0f066a214c2f5e87bad3c948f4d605d)
Start importing Assets/Grass And Flowers Pack 1/Ground Textures/Materials/Groundplants 1_D 942.mat using Guid(68cbf9c8a8ac9ba458b7a133ccfca980) Importer(2089858483,b0f066a214c2f5e87bad3c948f4d605d) (ScriptedImporter) -> (artifact id: '0d415f543d8c4dcaf6f989a0c5807d99') in 0.3842177 seconds
Number of updated asset objects reloaded before import = 0Number of asset objects unloaded after import = 2

========================================================================
Received Import Request.
  Time since last request: 0.000055 seconds.
  path: Assets/Grass And Flowers Pack 1/Ground Textures/Materials/Groundplants 1_D 844.mat
  artifactKey: Guid(d53e4796c6a01e44c8b94dfcafb30eaf) Importer(2089858483,b0f066a214c2f5e87bad3c948f4d605d)
Start importing Assets/Grass And Flowers Pack 1/Ground Textures/Materials/Groundplants 1_D 844.mat using Guid(d53e4796c6a01e44c8b94dfcafb30eaf) Importer(2089858483,b0f066a214c2f5e87bad3c948f4d605d) (ScriptedImporter) -> (artifact id: '09da4d726793f6166d844058645b305a') in 0.0969805 seconds
Number of updated asset objects reloaded before import = 0Number of asset objects unloaded after import = 2

========================================================================
Received Import Request.
  Time since last request: 0.000073 seconds.
  path: Assets/Grass And Flowers Pack 1/Ground Textures/Materials/Groundplants 1_D 533.mat
  artifactKey: Guid(71d9bc56a3fe7c34ba5b28f4effa0682) Importer(2089858483,b0f066a214c2f5e87bad3c948f4d605d)
Start importing Assets/Grass And Flowers Pack 1/Ground Textures/Materials/Groundplants 1_D 533.mat using Guid(71d9bc56a3fe7c34ba5b28f4effa0682) Importer(2089858483,b0f066a214c2f5e87bad3c948f4d605d) (ScriptedImporter) -> (artifact id: '95939a7daccfddf5f70a272eb62137e7') in 0.0594086 seconds
Number of updated asset objects reloaded before import = 0Number of asset objects unloaded after import = 2

========================================================================
Received Import Request.
  Time since last request: 0.000064 seconds.
  path: Assets/Grass And Flowers Pack 1/Ground Textures/Materials/Groundplants 1_D 962.mat
  artifactKey: Guid(d865c1d5f2043ac499dd08dc8ddb7ef9) Importer(2089858483,b0f066a214c2f5e87bad3c948f4d605d)
Start importing Assets/Grass And Flowers Pack 1/Ground Textures/Materials/Groundplants 1_D 962.mat using Guid(d865c1d5f2043ac499dd08dc8ddb7ef9) Importer(2089858483,b0f066a214c2f5e87bad3c948f4d605d) (ScriptedImporter) -> (artifact id: '3091f29d49fb769ccaaf68f8d83fa7e0') in 0.0474835 seconds
Number of updated asset objects reloaded before import = 0Number of asset objects unloaded after import = 2

========================================================================
Received Import Request.
  Time since last request: 0.000097 seconds.
  path: Assets/Grass And Flowers Pack 1/Ground Textures/Materials/Groundplants 1_D 523.mat
  artifactKey: Guid(016c88cd08c28c54996963ab085f93d3) Importer(2089858483,b0f066a214c2f5e87bad3c948f4d605d)
Start importing Assets/Grass And Flowers Pack 1/Ground Textures/Materials/Groundplants 1_D 523.mat using Guid(016c88cd08c28c54996963ab085f93d3) Importer(2089858483,b0f066a214c2f5e87bad3c948f4d605d) (ScriptedImporter) -> (artifact id: '2ea6b8bf0592cc0e34974d1827acabee') in 0.0655155 seconds
Number of updated asset objects reloaded before import = 0Number of asset objects unloaded after import = 2

========================================================================
Received Import Request.
  Time since last request: 0.000058 seconds.
  path: Assets/Grass And Flowers Pack 1/Ground Textures/Materials/Groundplants 1_D 650.mat
  artifactKey: Guid(d18eb0801672ab9468914515e1bf8a36) Importer(2089858483,b0f066a214c2f5e87bad3c948f4d605d)
Start importing Assets/Grass And Flowers Pack 1/Ground Textures/Materials/Groundplants 1_D 650.mat using Guid(d18eb0801672ab9468914515e1bf8a36) Importer(2089858483,b0f066a214c2f5e87bad3c948f4d605d) (ScriptedImporter) -> (artifact id: '5b88a69d750a577ee0fa0ec9da8fb481') in 0.0874518 seconds
Number of updated asset objects reloaded before import = 0Number of asset objects unloaded after import = 2

========================================================================
Received Import Request.
  Time since last request: 0.000079 seconds.
  path: Assets/Grass And Flowers Pack 1/Ground Textures/Materials/Groundplants 1_D 811.mat
  artifactKey: Guid(c6c0144bd4e340640a0f0509780b9809) Importer(2089858483,b0f066a214c2f5e87bad3c948f4d605d)
Start importing Assets/Grass And Flowers Pack 1/Ground Textures/Materials/Groundplants 1_D 811.mat using Guid(c6c0144bd4e340640a0f0509780b9809) Importer(2089858483,b0f066a214c2f5e87bad3c948f4d605d) (ScriptedImporter) -> (artifact id: '7f4e719ffe355e46fa5503547384ee4a') in 0.0817334 seconds
Number of updated asset objects reloaded before import = 0Number of asset objects unloaded after import = 2

========================================================================
Received Import Request.
  Time since last request: 0.000062 seconds.
  path: Assets/Grass And Flowers Pack 1/Ground Textures/Materials/Groundplants 1_D 632.mat
  artifactKey: Guid(fe61400a002ba2946a1e74e370de8967) Importer(2089858483,b0f066a214c2f5e87bad3c948f4d605d)
Start importing Assets/Grass And Flowers Pack 1/Ground Textures/Materials/Groundplants 1_D 632.mat using Guid(fe61400a002ba2946a1e74e370de8967) Importer(2089858483,b0f066a214c2f5e87bad3c948f4d605d) (ScriptedImporter) -> (artifact id: '5993fe78f85a3b81f50c0676f77eb7c2') in 0.057625 seconds
Number of updated asset objects reloaded before import = 0Number of asset objects unloaded after import = 2

========================================================================
Received Import Request.
  Time since last request: 0.000077 seconds.
  path: Assets/Grass And Flowers Pack 1/Ground Textures/Materials/Groundplants 1_D 697.mat
  artifactKey: Guid(ab59497d4414bed4f9097e609f429017) Importer(2089858483,b0f066a214c2f5e87bad3c948f4d605d)
Start importing Assets/Grass And Flowers Pack 1/Ground Textures/Materials/Groundplants 1_D 697.mat using Guid(ab59497d4414bed4f9097e609f429017) Importer(2089858483,b0f066a214c2f5e87bad3c948f4d605d) (ScriptedImporter) -> (artifact id: 'afebf222d182bd2a546f656d64d26500') in 0.0691213 seconds
Number of updated asset objects reloaded before import = 0Number of asset objects unloaded after import = 2

========================================================================
Received Import Request.
  Time since last request: 0.000058 seconds.
  path: Assets/Grass And Flowers Pack 1/Ground Textures/Materials/Groundplants 1_D 992.mat
  artifactKey: Guid(1478a38b374879f41aabf0708a9f408a) Importer(2089858483,b0f066a214c2f5e87bad3c948f4d605d)
Start importing Assets/Grass And Flowers Pack 1/Ground Textures/Materials/Groundplants 1_D 992.mat using Guid(1478a38b374879f41aabf0708a9f408a) Importer(2089858483,b0f066a214c2f5e87bad3c948f4d605d) (ScriptedImporter) -> (artifact id: '20eec653b03fd06b6fdf99c468c1900f') in 0.0843475 seconds
Number of updated asset objects reloaded before import = 0Number of asset objects unloaded after import = 2

========================================================================
Received Import Request.
  Time since last request: 0.000072 seconds.
  path: Assets/Grass And Flowers Pack 1/Ground Textures/Materials/Groundplants 1_D 633.mat
  artifactKey: Guid(0036b0716b882194aa30ada91a522ffe) Importer(2089858483,b0f066a214c2f5e87bad3c948f4d605d)
Start importing Assets/Grass And Flowers Pack 1/Ground Textures/Materials/Groundplants 1_D 633.mat using Guid(0036b0716b882194aa30ada91a522ffe) Importer(2089858483,b0f066a214c2f5e87bad3c948f4d605d) (ScriptedImporter) -> (artifact id: '1ab1ed2cf1ca99d6c18562662a20eaff') in 0.0993946 seconds
Number of updated asset objects reloaded before import = 0Number of asset objects unloaded after import = 2

========================================================================
Received Import Request.
  Time since last request: 0.000060 seconds.
  path: Assets/Grass And Flowers Pack 1/Ground Textures/Materials/Groundplants 1_D 648.mat
  artifactKey: Guid(914c9c03664841840af2f4745f6342e0) Importer(2089858483,b0f066a214c2f5e87bad3c948f4d605d)
Start importing Assets/Grass And Flowers Pack 1/Ground Textures/Materials/Groundplants 1_D 648.mat using Guid(914c9c03664841840af2f4745f6342e0) Importer(2089858483,b0f066a214c2f5e87bad3c948f4d605d) (ScriptedImporter) -> (artifact id: '9cdfecf254a512fc87517bed956e677f') in 0.0905587 seconds
Number of updated asset objects reloaded before import = 0Number of asset objects unloaded after import = 2

========================================================================
Received Import Request.
  Time since last request: 0.000083 seconds.
  path: Assets/Grass And Flowers Pack 1/Ground Textures/Materials/Groundplants 1_D 743.mat
  artifactKey: Guid(ec83d757475990b4ca87f7163b78acd3) Importer(2089858483,b0f066a214c2f5e87bad3c948f4d605d)
Start importing Assets/Grass And Flowers Pack 1/Ground Textures/Materials/Groundplants 1_D 743.mat using Guid(ec83d757475990b4ca87f7163b78acd3) Importer(2089858483,b0f066a214c2f5e87bad3c948f4d605d) (ScriptedImporter) -> (artifact id: 'ce4a3b0bed83d36447cb4f1a8c1cc5a5') in 0.0740235 seconds
Number of updated asset objects reloaded before import = 0Number of asset objects unloaded after import = 2

========================================================================
Received Import Request.
  Time since last request: 0.000095 seconds.
  path: Assets/Grass And Flowers Pack 1/Ground Textures/Materials/Groundplants 1_D 769.mat
  artifactKey: Guid(00bb35a043243da4ea0d379c8ce4132d) Importer(2089858483,b0f066a214c2f5e87bad3c948f4d605d)
Start importing Assets/Grass And Flowers Pack 1/Ground Textures/Materials/Groundplants 1_D 769.mat using Guid(00bb35a043243da4ea0d379c8ce4132d) Importer(2089858483,b0f066a214c2f5e87bad3c948f4d605d) (ScriptedImporter) -> (artifact id: '5370513cb1e6efa27768833dd0737c82') in 0.0718286 seconds
Number of updated asset objects reloaded before import = 0Number of asset objects unloaded after import = 2

========================================================================
Received Import Request.
  Time since last request: 507.759467 seconds.
  path: Assets/Grass And Flowers Pack 1/Ground Textures/Materials/Groundplants 1_D 995.mat
  artifactKey: Guid(6228b1e3ea4d4784bb321b543596ae1f) Importer(2089858483,b0f066a214c2f5e87bad3c948f4d605d)
Start importing Assets/Grass And Flowers Pack 1/Ground Textures/Materials/Groundplants 1_D 995.mat using Guid(6228b1e3ea4d4784bb321b543596ae1f) Importer(2089858483,b0f066a214c2f5e87bad3c948f4d605d) (ScriptedImporter) -> (artifact id: 'a59f013a095a922893c64adb938a4dfe') in 0.1510136 seconds
Number of updated asset objects reloaded before import = 0Number of asset objects unloaded after import = 1

========================================================================
Received Import Request.
  Time since last request: 0.000084 seconds.
  path: Assets/Grass And Flowers Pack 1/Ground Textures/Materials/Groundplants 1_D 1032.mat
  artifactKey: Guid(ce34aa725d3dcbd41b5aa8c672a32959) Importer(2089858483,b0f066a214c2f5e87bad3c948f4d605d)
Start importing Assets/Grass And Flowers Pack 1/Ground Textures/Materials/Groundplants 1_D 1032.mat using Guid(ce34aa725d3dcbd41b5aa8c672a32959) Importer(2089858483,b0f066a214c2f5e87bad3c948f4d605d) (ScriptedImporter) -> (artifact id: 'f031f030a3349100343eb8dc3dd42d6e') in 0.4839329 seconds
Number of updated asset objects reloaded before import = 0Number of asset objects unloaded after import = 1

========================================================================
Received Import Request.
  Time since last request: 0.000077 seconds.
  path: Assets/Grass And Flowers Pack 1/Ground Textures/Materials/Groundplants 1_D 1091.mat
  artifactKey: Guid(532cd665e315a874db7f6e67ed79dd8d) Importer(2089858483,b0f066a214c2f5e87bad3c948f4d605d)
Start importing Assets/Grass And Flowers Pack 1/Ground Textures/Materials/Groundplants 1_D 1091.mat using Guid(532cd665e315a874db7f6e67ed79dd8d) Importer(2089858483,b0f066a214c2f5e87bad3c948f4d605d) (ScriptedImporter) -> (artifact id: '71c23165820ba258b5897e76edaec7f2') in 0.0888084 seconds
Number of updated asset objects reloaded before import = 0Number of asset objects unloaded after import = 1

========================================================================
Received Import Request.
  Time since last request: 0.000048 seconds.
  path: Assets/Grass And Flowers Pack 1/Ground Textures/Materials/Groundplants 1_D 1002.mat
  artifactKey: Guid(67a77e00177080245b220f5459838dd2) Importer(2089858483,b0f066a214c2f5e87bad3c948f4d605d)
Start importing Assets/Grass And Flowers Pack 1/Ground Textures/Materials/Groundplants 1_D 1002.mat using Guid(67a77e00177080245b220f5459838dd2) Importer(2089858483,b0f066a214c2f5e87bad3c948f4d605d) (ScriptedImporter) -> (artifact id: 'e7ff23b1a44f9e0838c930dd19e77860') in 0.0547913 seconds
Number of updated asset objects reloaded before import = 0Number of asset objects unloaded after import = 1

========================================================================
Received Import Request.
  Time since last request: 0.000070 seconds.
  path: Assets/Grass And Flowers Pack 1/Ground Textures/Materials/Groundplants 1_D 1062.mat
  artifactKey: Guid(27964178e722c9242afc33194705e876) Importer(2089858483,b0f066a214c2f5e87bad3c948f4d605d)
Start importing Assets/Grass And Flowers Pack 1/Ground Textures/Materials/Groundplants 1_D 1062.mat using Guid(27964178e722c9242afc33194705e876) Importer(2089858483,b0f066a214c2f5e87bad3c948f4d605d) (ScriptedImporter) -> (artifact id: '85c19a16654ac72855f5ff1b1a68102e') in 0.2034783 seconds
Number of updated asset objects reloaded before import = 0Number of asset objects unloaded after import = 1

========================================================================
Received Import Request.
  Time since last request: 0.000041 seconds.
  path: Assets/Grass And Flowers Pack 1/Ground Textures/Materials/Groundplants 1_D 1054.mat
  artifactKey: Guid(9819f54a58dd99d4891c457da3ee2674) Importer(2089858483,b0f066a214c2f5e87bad3c948f4d605d)
Start importing Assets/Grass And Flowers Pack 1/Ground Textures/Materials/Groundplants 1_D 1054.mat using Guid(9819f54a58dd99d4891c457da3ee2674) Importer(2089858483,b0f066a214c2f5e87bad3c948f4d605d) (ScriptedImporter) -> (artifact id: '09c6b3695ed385c833bd75fb628019f9') in 0.1193726 seconds
Number of updated asset objects reloaded before import = 0Number of asset objects unloaded after import = 1

========================================================================
Received Import Request.
  Time since last request: 0.000063 seconds.
  path: Assets/Grass And Flowers Pack 1/Ground Textures/Materials/Groundplants 1_D 1099.mat
  artifactKey: Guid(822f94f1713b1764791716ab6a5bb905) Importer(2089858483,b0f066a214c2f5e87bad3c948f4d605d)
Start importing Assets/Grass And Flowers Pack 1/Ground Textures/Materials/Groundplants 1_D 1099.mat using Guid(822f94f1713b1764791716ab6a5bb905) Importer(2089858483,b0f066a214c2f5e87bad3c948f4d605d) (ScriptedImporter) -> (artifact id: '9eb4625f4e7f74504df658f122ebb658') in 0.0468 seconds
Number of updated asset objects reloaded before import = 0Number of asset objects unloaded after import = 1

========================================================================
Received Import Request.
  Time since last request: 0.000048 seconds.
  path: Assets/Grass And Flowers Pack 1/Ground Textures/Materials/Groundplants 1_D 1104.mat
  artifactKey: Guid(6cd718260b063d2478990e46f4cf440c) Importer(2089858483,b0f066a214c2f5e87bad3c948f4d605d)
Start importing Assets/Grass And Flowers Pack 1/Ground Textures/Materials/Groundplants 1_D 1104.mat using Guid(6cd718260b063d2478990e46f4cf440c) Importer(2089858483,b0f066a214c2f5e87bad3c948f4d605d) (ScriptedImporter) -> (artifact id: '08ba77eb4c04c2d583c584db645378ac') in 0.4052488 seconds
Number of updated asset objects reloaded before import = 0Number of asset objects unloaded after import = 1

========================================================================
Received Import Request.
  Time since last request: 0.000058 seconds.
  path: Assets/Grass And Flowers Pack 1/Ground Textures/Materials/Groundplants 1_D 1009.mat
  artifactKey: Guid(8341f915d51269046a8f20b92678a2ca) Importer(2089858483,b0f066a214c2f5e87bad3c948f4d605d)
Start importing Assets/Grass And Flowers Pack 1/Ground Textures/Materials/Groundplants 1_D 1009.mat using Guid(8341f915d51269046a8f20b92678a2ca) Importer(2089858483,b0f066a214c2f5e87bad3c948f4d605d) (ScriptedImporter) -> (artifact id: 'e6707db061d8c3667d916909f441b892') in 0.0914655 seconds
Number of updated asset objects reloaded before import = 0Number of asset objects unloaded after import = 1

========================================================================
Received Import Request.
  Time since last request: 0.000070 seconds.
  path: Assets/Grass And Flowers Pack 1/Ground Textures/Materials/Groundplants 1_D 1036.mat
  artifactKey: Guid(5d64750c05706674ba5d21ce9528ace6) Importer(2089858483,b0f066a214c2f5e87bad3c948f4d605d)
Start importing Assets/Grass And Flowers Pack 1/Ground Textures/Materials/Groundplants 1_D 1036.mat using Guid(5d64750c05706674ba5d21ce9528ace6) Importer(2089858483,b0f066a214c2f5e87bad3c948f4d605d) (ScriptedImporter) -> (artifact id: '8704401a71cf7d195b805a5e4e41ec4e') in 0.0442165 seconds
Number of updated asset objects reloaded before import = 0Number of asset objects unloaded after import = 1

========================================================================
Received Import Request.
  Time since last request: 0.000051 seconds.
  path: Assets/Grass And Flowers Pack 1/Ground Textures/Materials/Groundplants 1_D 1110.mat
  artifactKey: Guid(c529339c98b51aa45b2760ed3a4ab130) Importer(2089858483,b0f066a214c2f5e87bad3c948f4d605d)
Start importing Assets/Grass And Flowers Pack 1/Ground Textures/Materials/Groundplants 1_D 1110.mat using Guid(c529339c98b51aa45b2760ed3a4ab130) Importer(2089858483,b0f066a214c2f5e87bad3c948f4d605d) (ScriptedImporter) -> (artifact id: '4f70728381d3b6db77e994da989236fc') in 0.0432746 seconds
Number of updated asset objects reloaded before import = 0Number of asset objects unloaded after import = 1

========================================================================
Received Import Request.
  Time since last request: 0.000064 seconds.
  path: Assets/Grass And Flowers Pack 1/Ground Textures/Materials/Groundplants 1_D 1014.mat
  artifactKey: Guid(439a7d2877554e74d9fd39b9758d061b) Importer(2089858483,b0f066a214c2f5e87bad3c948f4d605d)
Start importing Assets/Grass And Flowers Pack 1/Ground Textures/Materials/Groundplants 1_D 1014.mat using Guid(439a7d2877554e74d9fd39b9758d061b) Importer(2089858483,b0f066a214c2f5e87bad3c948f4d605d) (ScriptedImporter) -> (artifact id: '800202c76e485160608b99e3722d92f6') in 0.0475579 seconds
Number of updated asset objects reloaded before import = 0Number of asset objects unloaded after import = 1

========================================================================
Received Import Request.
  Time since last request: 0.000042 seconds.
  path: Assets/Grass And Flowers Pack 1/Ground Textures/Materials/Groundplants 1_D 1069.mat
  artifactKey: Guid(9fcfd0cd03ae3b448a244ccba79236c6) Importer(2089858483,b0f066a214c2f5e87bad3c948f4d605d)
Start importing Assets/Grass And Flowers Pack 1/Ground Textures/Materials/Groundplants 1_D 1069.mat using Guid(9fcfd0cd03ae3b448a244ccba79236c6) Importer(2089858483,b0f066a214c2f5e87bad3c948f4d605d) (ScriptedImporter) -> (artifact id: '8a60bb78f66ba9270716c938296c5f63') in 0.0411434 seconds
Number of updated asset objects reloaded before import = 0Number of asset objects unloaded after import = 1

========================================================================
Received Import Request.
  Time since last request: 0.000052 seconds.
  path: Assets/Grass And Flowers Pack 1/Ground Textures/Materials/Groundplants 1_D 1072.mat
  artifactKey: Guid(4d6f88fcf9810934195976ffb62e5179) Importer(2089858483,b0f066a214c2f5e87bad3c948f4d605d)
Start importing Assets/Grass And Flowers Pack 1/Ground Textures/Materials/Groundplants 1_D 1072.mat using Guid(4d6f88fcf9810934195976ffb62e5179) Importer(2089858483,b0f066a214c2f5e87bad3c948f4d605d) (ScriptedImporter) -> (artifact id: '94dcce6abade7ae94638f11c31df86b8') in 0.0377441 seconds
Number of updated asset objects reloaded before import = 0Number of asset objects unloaded after import = 1

========================================================================
Received Import Request.
  Time since last request: 0.000089 seconds.
  path: Assets/Grass And Flowers Pack 1/Ground Textures/Materials/Groundplants 1_D 1070.mat
  artifactKey: Guid(234c790f9b7d77b44b54813f254b0ac7) Importer(2089858483,b0f066a214c2f5e87bad3c948f4d605d)
Start importing Assets/Grass And Flowers Pack 1/Ground Textures/Materials/Groundplants 1_D 1070.mat using Guid(234c790f9b7d77b44b54813f254b0ac7) Importer(2089858483,b0f066a214c2f5e87bad3c948f4d605d) (ScriptedImporter) -> (artifact id: '7b2aafc1a83dafcb82bc13f9e07d5ee9') in 0.0414635 seconds
Number of updated asset objects reloaded before import = 0Number of asset objects unloaded after import = 1

========================================================================
Received Import Request.
  Time since last request: 0.000048 seconds.
  path: Assets/Grass And Flowers Pack 1/Ground Textures/Materials/Groundplants 1_D 1118.mat
  artifactKey: Guid(186405f285e1be349b873d96cdb52e5e) Importer(2089858483,b0f066a214c2f5e87bad3c948f4d605d)
Start importing Assets/Grass And Flowers Pack 1/Ground Textures/Materials/Groundplants 1_D 1118.mat using Guid(186405f285e1be349b873d96cdb52e5e) Importer(2089858483,b0f066a214c2f5e87bad3c948f4d605d) (ScriptedImporter) -> (artifact id: '248216963cb34b1d2b5c31e3170e40d9') in 0.0433224 seconds
Number of updated asset objects reloaded before import = 0Number of asset objects unloaded after import = 1

========================================================================
Received Import Request.
  Time since last request: 0.000076 seconds.
  path: Assets/Grass And Flowers Pack 1/Ground Textures/Materials/Groundplants 1_D 997.mat
  artifactKey: Guid(9ee57fe88d882994992b2d86653ba22b) Importer(2089858483,b0f066a214c2f5e87bad3c948f4d605d)
Start importing Assets/Grass And Flowers Pack 1/Ground Textures/Materials/Groundplants 1_D 997.mat using Guid(9ee57fe88d882994992b2d86653ba22b) Importer(2089858483,b0f066a214c2f5e87bad3c948f4d605d) (ScriptedImporter) -> (artifact id: 'f266d3b70d5a6b84f27c753c0c4c3289') in 0.1380193 seconds
Number of updated asset objects reloaded before import = 0Number of asset objects unloaded after import = 1

========================================================================
Received Import Request.
  Time since last request: 0.000047 seconds.
  path: Assets/Grass And Flowers Pack 1/Ground Textures/Materials/Groundplants 1_D 1084.mat
  artifactKey: Guid(4fd7df727a50b0547a4905423507d02c) Importer(2089858483,b0f066a214c2f5e87bad3c948f4d605d)
Start importing Assets/Grass And Flowers Pack 1/Ground Textures/Materials/Groundplants 1_D 1084.mat using Guid(4fd7df727a50b0547a4905423507d02c) Importer(2089858483,b0f066a214c2f5e87bad3c948f4d605d) (ScriptedImporter) -> (artifact id: '229662d868f3cb439200efa7db9d7a67') in 0.1028869 seconds
Number of updated asset objects reloaded before import = 0Number of asset objects unloaded after import = 1

========================================================================
Received Import Request.
  Time since last request: 0.000066 seconds.
  path: Assets/Grass And Flowers Pack 1/Ground Textures/Materials/Groundplants 1_D 1122.mat
  artifactKey: Guid(de0269af919e59b49b4656f1580b36de) Importer(2089858483,b0f066a214c2f5e87bad3c948f4d605d)
Start importing Assets/Grass And Flowers Pack 1/Ground Textures/Materials/Groundplants 1_D 1122.mat using Guid(de0269af919e59b49b4656f1580b36de) Importer(2089858483,b0f066a214c2f5e87bad3c948f4d605d) (ScriptedImporter) -> (artifact id: 'd19cfaa41da12cc21b4eee691f3c7237') in 0.1984288 seconds
Number of updated asset objects reloaded before import = 0Number of asset objects unloaded after import = 1

========================================================================
Received Import Request.
  Time since last request: 0.000045 seconds.
  path: Assets/Grass And Flowers Pack 1/Ground Textures/Materials/Groundplants 1_D 1127.mat
  artifactKey: Guid(da21aa09d66a135488aaf65e94ed4cb2) Importer(2089858483,b0f066a214c2f5e87bad3c948f4d605d)
Start importing Assets/Grass And Flowers Pack 1/Ground Textures/Materials/Groundplants 1_D 1127.mat using Guid(da21aa09d66a135488aaf65e94ed4cb2) Importer(2089858483,b0f066a214c2f5e87bad3c948f4d605d) (ScriptedImporter) -> (artifact id: '7dcfd8fdedaf6fab6408ac8e286a7b2c') in 0.081957 seconds
Number of updated asset objects reloaded before import = 0Number of asset objects unloaded after import = 1

========================================================================
Received Import Request.
  Time since last request: 0.000077 seconds.
  path: Assets/Grass And Flowers Pack 1/Ground Textures/Materials/Groundplants 1_D 1073.mat
  artifactKey: Guid(9058642734174fa45a0dab20c1be7997) Importer(2089858483,b0f066a214c2f5e87bad3c948f4d605d)
Start importing Assets/Grass And Flowers Pack 1/Ground Textures/Materials/Groundplants 1_D 1073.mat using Guid(9058642734174fa45a0dab20c1be7997) Importer(2089858483,b0f066a214c2f5e87bad3c948f4d605d) (ScriptedImporter) -> (artifact id: '1155813b04614704e8bb9a255babd1ca') in 0.0403525 seconds
Number of updated asset objects reloaded before import = 0Number of asset objects unloaded after import = 1

========================================================================
Received Import Request.
  Time since last request: 0.000048 seconds.
  path: Assets/Grass And Flowers Pack 1/Ground Textures/Materials/Groundplants 1_D 1133.mat
  artifactKey: Guid(cdaf5f8bcb9e7e14f847f578636875f0) Importer(2089858483,b0f066a214c2f5e87bad3c948f4d605d)
Start importing Assets/Grass And Flowers Pack 1/Ground Textures/Materials/Groundplants 1_D 1133.mat using Guid(cdaf5f8bcb9e7e14f847f578636875f0) Importer(2089858483,b0f066a214c2f5e87bad3c948f4d605d) (ScriptedImporter) -> (artifact id: '7bbc82803bf48845ee0ef7cc115803c9') in 0.043109 seconds
Number of updated asset objects reloaded before import = 0Number of asset objects unloaded after import = 1

========================================================================
Received Import Request.
  Time since last request: 0.000058 seconds.
  path: Assets/Grass And Flowers Pack 1/Ground Textures/Materials/Groundplants 1_D 1006.mat
  artifactKey: Guid(8fc5c719774b1c84ebc133afbee066a9) Importer(2089858483,b0f066a214c2f5e87bad3c948f4d605d)
Start importing Assets/Grass And Flowers Pack 1/Ground Textures/Materials/Groundplants 1_D 1006.mat using Guid(8fc5c719774b1c84ebc133afbee066a9) Importer(2089858483,b0f066a214c2f5e87bad3c948f4d605d) (ScriptedImporter) -> (artifact id: 'ed17cc86eaa8a315c6eadf653ad39bfc') in 0.0363837 seconds
Number of updated asset objects reloaded before import = 0Number of asset objects unloaded after import = 1

========================================================================
Received Import Request.
  Time since last request: 0.000076 seconds.
  path: Assets/Grass And Flowers Pack 1/Ground Textures/Materials/Groundplants 1_D 1026.mat
  artifactKey: Guid(4da1c1a34ca9cbe4ab76ae10e2f55de5) Importer(2089858483,b0f066a214c2f5e87bad3c948f4d605d)
Start importing Assets/Grass And Flowers Pack 1/Ground Textures/Materials/Groundplants 1_D 1026.mat using Guid(4da1c1a34ca9cbe4ab76ae10e2f55de5) Importer(2089858483,b0f066a214c2f5e87bad3c948f4d605d) (ScriptedImporter) -> (artifact id: 'dc6c4ee328cb239cf730978e24ff94bc') in 0.0449076 seconds
Number of updated asset objects reloaded before import = 0Number of asset objects unloaded after import = 1

========================================================================
Received Import Request.
  Time since last request: 0.000046 seconds.
  path: Assets/Grass And Flowers Pack 1/Ground Textures/Materials/Groundplants 1_D 1138.mat
  artifactKey: Guid(67fa6497631c5944a9bbb2397a612d5b) Importer(2089858483,b0f066a214c2f5e87bad3c948f4d605d)
Start importing Assets/Grass And Flowers Pack 1/Ground Textures/Materials/Groundplants 1_D 1138.mat using Guid(67fa6497631c5944a9bbb2397a612d5b) Importer(2089858483,b0f066a214c2f5e87bad3c948f4d605d) (ScriptedImporter) -> (artifact id: '31fcd86fa4cf1c0b53edab70d781cdde') in 0.0422903 seconds
Number of updated asset objects reloaded before import = 0Number of asset objects unloaded after import = 1

========================================================================
Received Import Request.
  Time since last request: 0.000093 seconds.
  path: Assets/Grass And Flowers Pack 1/Ground Textures/Materials/Groundplants 1_D 1023.mat
  artifactKey: Guid(d0eb62aa9ec9c794abb459449089be05) Importer(2089858483,b0f066a214c2f5e87bad3c948f4d605d)
Start importing Assets/Grass And Flowers Pack 1/Ground Textures/Materials/Groundplants 1_D 1023.mat using Guid(d0eb62aa9ec9c794abb459449089be05) Importer(2089858483,b0f066a214c2f5e87bad3c948f4d605d) (ScriptedImporter) -> (artifact id: '001388e9f8d5ec1c47c672d46f900c6f') in 0.0401061 seconds
Number of updated asset objects reloaded before import = 0Number of asset objects unloaded after import = 1

========================================================================
Received Import Request.
  Time since last request: 0.000086 seconds.
  path: Assets/Grass And Flowers Pack 1/Ground Textures/Materials/Groundplants 1_D 1024.mat
  artifactKey: Guid(3a0a5b51aad06fc498ce19fcf8bd709e) Importer(2089858483,b0f066a214c2f5e87bad3c948f4d605d)
Start importing Assets/Grass And Flowers Pack 1/Ground Textures/Materials/Groundplants 1_D 1024.mat using Guid(3a0a5b51aad06fc498ce19fcf8bd709e) Importer(2089858483,b0f066a214c2f5e87bad3c948f4d605d) (ScriptedImporter) -> (artifact id: 'f06cddf93f94915c5a131012fc210bd9') in 0.1735606 seconds
Number of updated asset objects reloaded before import = 0Number of asset objects unloaded after import = 1

========================================================================
Received Import Request.
  Time since last request: 0.000053 seconds.
  path: Assets/Grass And Flowers Pack 1/Ground Textures/Materials/Groundplants 1_D 1130.mat
  artifactKey: Guid(215e5facdd20cc242bf43bf26e21553f) Importer(2089858483,b0f066a214c2f5e87bad3c948f4d605d)
Start importing Assets/Grass And Flowers Pack 1/Ground Textures/Materials/Groundplants 1_D 1130.mat using Guid(215e5facdd20cc242bf43bf26e21553f) Importer(2089858483,b0f066a214c2f5e87bad3c948f4d605d) (ScriptedImporter) -> (artifact id: 'e41cc95a0af5518ef8f403ff0d83624f') in 0.0481617 seconds
Number of updated asset objects reloaded before import = 0Number of asset objects unloaded after import = 1

========================================================================
Received Import Request.
  Time since last request: 132.788173 seconds.
  path: Assets/Grass And Flowers Pack 1/Ground Textures/Materials/Groundplants 1_D 998.mat
  artifactKey: Guid(dde82d63ddf71e04ea94b31ebfd31760) Importer(2089858483,b0f066a214c2f5e87bad3c948f4d605d)
Start importing Assets/Grass And Flowers Pack 1/Ground Textures/Materials/Groundplants 1_D 998.mat using Guid(dde82d63ddf71e04ea94b31ebfd31760) Importer(2089858483,b0f066a214c2f5e87bad3c948f4d605d) (ScriptedImporter) -> (artifact id: '97ee3ad7983520598f7329455ba4ee52') in 0.02157 seconds
Number of updated asset objects reloaded before import = 0Number of asset objects unloaded after import = 1

========================================================================
Received Import Request.
  Time since last request: 0.000073 seconds.
  path: Assets/Grass And Flowers Pack 1/Ground Textures/Materials/Groundplants 1_D 1147.mat
  artifactKey: Guid(f6932e044ba82124398c266aaba76ebc) Importer(2089858483,b0f066a214c2f5e87bad3c948f4d605d)
Start importing Assets/Grass And Flowers Pack 1/Ground Textures/Materials/Groundplants 1_D 1147.mat using Guid(f6932e044ba82124398c266aaba76ebc) Importer(2089858483,b0f066a214c2f5e87bad3c948f4d605d) (ScriptedImporter) -> (artifact id: 'cb6f7d4e9f3e88e579de598fcac73892') in 0.1222725 seconds
Number of updated asset objects reloaded before import = 0Number of asset objects unloaded after import = 1

========================================================================
Received Import Request.
  Time since last request: 17.743128 seconds.
  path: Assets/Grass And Flowers Pack 1/Ground Textures/Materials/Groundplants 1_D 1001.mat
  artifactKey: Guid(7ec4bf47baa6de1428e49ab9cfacb2d2) Importer(2089858483,b0f066a214c2f5e87bad3c948f4d605d)
Start importing Assets/Grass And Flowers Pack 1/Ground Textures/Materials/Groundplants 1_D 1001.mat using Guid(7ec4bf47baa6de1428e49ab9cfacb2d2) Importer(2089858483,b0f066a214c2f5e87bad3c948f4d605d) (ScriptedImporter) -> (artifact id: '1fd840e78ea2117554888c0595d7af13') in 0.0549168 seconds
Number of updated asset objects reloaded before import = 0Number of asset objects unloaded after import = 1

========================================================================
Received Import Request.
  Time since last request: 0.000076 seconds.
  path: Assets/Grass And Flowers Pack 1/Ground Textures/Materials/Groundplants 1_D 1154.mat
  artifactKey: Guid(a8d04efef6b09444592076d94aec0db8) Importer(2089858483,b0f066a214c2f5e87bad3c948f4d605d)
Start importing Assets/Grass And Flowers Pack 1/Ground Textures/Materials/Groundplants 1_D 1154.mat using Guid(a8d04efef6b09444592076d94aec0db8) Importer(2089858483,b0f066a214c2f5e87bad3c948f4d605d) (ScriptedImporter) -> (artifact id: '522f12ea980601b41c92d6a49acc78be') in 0.0504709 seconds
Number of updated asset objects reloaded before import = 0Number of asset objects unloaded after import = 1

========================================================================
Received Import Request.
  Time since last request: 0.000066 seconds.
  path: Assets/Grass And Flowers Pack 1/Ground Textures/Materials/Groundplants 1_D 1107.mat
  artifactKey: Guid(5b411ab520fc42c45a0e41c3fabc98c0) Importer(2089858483,b0f066a214c2f5e87bad3c948f4d605d)
Start importing Assets/Grass And Flowers Pack 1/Ground Textures/Materials/Groundplants 1_D 1107.mat using Guid(5b411ab520fc42c45a0e41c3fabc98c0) Importer(2089858483,b0f066a214c2f5e87bad3c948f4d605d) (ScriptedImporter) -> (artifact id: '63d7f372117f1629ebbecd256141b4fd') in 0.0719964 seconds
Number of updated asset objects reloaded before import = 0Number of asset objects unloaded after import = 1

========================================================================
Received Import Request.
  Time since last request: 0.000048 seconds.
  path: Assets/Grass And Flowers Pack 1/Ground Textures/Materials/Groundplants 1_D 1035.mat
  artifactKey: Guid(23608e67447903f4292db3a14050622e) Importer(2089858483,b0f066a214c2f5e87bad3c948f4d605d)
Start importing Assets/Grass And Flowers Pack 1/Ground Textures/Materials/Groundplants 1_D 1035.mat using Guid(23608e67447903f4292db3a14050622e) Importer(2089858483,b0f066a214c2f5e87bad3c948f4d605d) (ScriptedImporter) -> (artifact id: 'b76a9eab12173b0073eb400eb5b976bd') in 0.0583889 seconds
Number of updated asset objects reloaded before import = 0Number of asset objects unloaded after import = 1

========================================================================
Received Import Request.
  Time since last request: 0.000060 seconds.
  path: Assets/Grass And Flowers Pack 1/Ground Textures/Materials/Groundplants 1_D 1060.mat
  artifactKey: Guid(b0b9a3f2377a80646a497029b0bc8383) Importer(2089858483,b0f066a214c2f5e87bad3c948f4d605d)
Start importing Assets/Grass And Flowers Pack 1/Ground Textures/Materials/Groundplants 1_D 1060.mat using Guid(b0b9a3f2377a80646a497029b0bc8383) Importer(2089858483,b0f066a214c2f5e87bad3c948f4d605d) (ScriptedImporter) -> (artifact id: 'cb002bf9e6c4a37e1ef3ec7881a1c74a') in 0.0850627 seconds
Number of updated asset objects reloaded before import = 0Number of asset objects unloaded after import = 1

========================================================================
Received Import Request.
  Time since last request: 0.000059 seconds.
  path: Assets/Grass And Flowers Pack 1/Ground Textures/Materials/Groundplants 1_D 1040.mat
  artifactKey: Guid(8523c806ca25b82438aca51d391b3cad) Importer(2089858483,b0f066a214c2f5e87bad3c948f4d605d)
Start importing Assets/Grass And Flowers Pack 1/Ground Textures/Materials/Groundplants 1_D 1040.mat using Guid(8523c806ca25b82438aca51d391b3cad) Importer(2089858483,b0f066a214c2f5e87bad3c948f4d605d) (ScriptedImporter) -> (artifact id: 'ef225ffd957b58f2bd123e031d6b694d') in 0.0509022 seconds
Number of updated asset objects reloaded before import = 0Number of asset objects unloaded after import = 1

========================================================================
Received Import Request.
  Time since last request: 0.000080 seconds.
  path: Assets/Grass And Flowers Pack 1/Ground Textures/Materials/Groundplants 1_D 1160.mat
  artifactKey: Guid(34ff12ff3fe9f7840aaf089302791512) Importer(2089858483,b0f066a214c2f5e87bad3c948f4d605d)
Start importing Assets/Grass And Flowers Pack 1/Ground Textures/Materials/Groundplants 1_D 1160.mat using Guid(34ff12ff3fe9f7840aaf089302791512) Importer(2089858483,b0f066a214c2f5e87bad3c948f4d605d) (ScriptedImporter) -> (artifact id: '5b670a83873aa88bca439b0139c40a06') in 0.0504571 seconds
Number of updated asset objects reloaded before import = 0Number of asset objects unloaded after import = 1

========================================================================
Received Import Request.
  Time since last request: 0.000052 seconds.
  path: Assets/Grass And Flowers Pack 1/Ground Textures/Materials/Groundplants 1_D 1165.mat
  artifactKey: Guid(b2c0fcfa566c40740b4f6123ee96e1c2) Importer(2089858483,b0f066a214c2f5e87bad3c948f4d605d)
Start importing Assets/Grass And Flowers Pack 1/Ground Textures/Materials/Groundplants 1_D 1165.mat using Guid(b2c0fcfa566c40740b4f6123ee96e1c2) Importer(2089858483,b0f066a214c2f5e87bad3c948f4d605d) (ScriptedImporter) -> (artifact id: 'fe7a9057ff23e0ebf71c485e0cc20728') in 0.0677392 seconds
Number of updated asset objects reloaded before import = 0Number of asset objects unloaded after import = 1

========================================================================
Received Import Request.
  Time since last request: 0.000079 seconds.
  path: Assets/Grass And Flowers Pack 1/Ground Textures/Materials/Groundplants 1_D 1166.mat
  artifactKey: Guid(61a2edaf603e0dc4998d122e3fc6c089) Importer(2089858483,b0f066a214c2f5e87bad3c948f4d605d)
Start importing Assets/Grass And Flowers Pack 1/Ground Textures/Materials/Groundplants 1_D 1166.mat using Guid(61a2edaf603e0dc4998d122e3fc6c089) Importer(2089858483,b0f066a214c2f5e87bad3c948f4d605d) (ScriptedImporter) -> (artifact id: '2b00c99523ebf292b2a762c6235bc26a') in 0.0484247 seconds
Number of updated asset objects reloaded before import = 0Number of asset objects unloaded after import = 1

========================================================================
Received Import Request.
  Time since last request: 0.000163 seconds.
  path: Assets/Grass And Flowers Pack 1/Ground Textures/Materials/Groundplants 1_D 1185.mat
  artifactKey: Guid(06af6e042f0ca9e4488251d3d53f6ff5) Importer(2089858483,b0f066a214c2f5e87bad3c948f4d605d)
Start importing Assets/Grass And Flowers Pack 1/Ground Textures/Materials/Groundplants 1_D 1185.mat using Guid(06af6e042f0ca9e4488251d3d53f6ff5) Importer(2089858483,b0f066a214c2f5e87bad3c948f4d605d) (ScriptedImporter) -> (artifact id: '86fc9028466bcb9adf7f71700b4bcb3b') in 0.127028 seconds
Number of updated asset objects reloaded before import = 0Number of asset objects unloaded after import = 1

========================================================================
Received Import Request.
  Time since last request: 0.000069 seconds.
  path: Assets/Grass And Flowers Pack 1/Ground Textures/Materials/Groundplants 1_D 1181.mat
  artifactKey: Guid(d164a32673326a346a4f0186d070496e) Importer(2089858483,b0f066a214c2f5e87bad3c948f4d605d)
Start importing Assets/Grass And Flowers Pack 1/Ground Textures/Materials/Groundplants 1_D 1181.mat using Guid(d164a32673326a346a4f0186d070496e) Importer(2089858483,b0f066a214c2f5e87bad3c948f4d605d) (ScriptedImporter) -> (artifact id: '79952ffd7ca0bbaa43cc32675a79d2fc') in 0.0930307 seconds
Number of updated asset objects reloaded before import = 0Number of asset objects unloaded after import = 1

========================================================================
Received Import Request.
  Time since last request: 0.000046 seconds.
  path: Assets/Grass And Flowers Pack 1/Ground Textures/Materials/Groundplants 1_D 1194.mat
  artifactKey: Guid(39eb4e2b7b0cdff46a4d4e50dbdab6b7) Importer(2089858483,b0f066a214c2f5e87bad3c948f4d605d)
Start importing Assets/Grass And Flowers Pack 1/Ground Textures/Materials/Groundplants 1_D 1194.mat using Guid(39eb4e2b7b0cdff46a4d4e50dbdab6b7) Importer(2089858483,b0f066a214c2f5e87bad3c948f4d605d) (ScriptedImporter) -> (artifact id: 'bbbfce3a9ae9d26a3b1bfd8711819d52') in 0.1731229 seconds
Number of updated asset objects reloaded before import = 0Number of asset objects unloaded after import = 1

========================================================================
Received Import Request.
  Time since last request: 0.000098 seconds.
  path: Assets/Grass And Flowers Pack 1/Ground Textures/Materials/Groundplants 1_D 1098.mat
  artifactKey: Guid(9f2e9670c903b9d469d761a6395e409b) Importer(2089858483,b0f066a214c2f5e87bad3c948f4d605d)
Start importing Assets/Grass And Flowers Pack 1/Ground Textures/Materials/Groundplants 1_D 1098.mat using Guid(9f2e9670c903b9d469d761a6395e409b) Importer(2089858483,b0f066a214c2f5e87bad3c948f4d605d) (ScriptedImporter) -> (artifact id: '23a5ec0c20d335d51f205e5fb1bb5aaf') in 0.0458295 seconds
Number of updated asset objects reloaded before import = 0Number of asset objects unloaded after import = 1

========================================================================
Received Import Request.
  Time since last request: 0.000037 seconds.
  path: Assets/Grass And Flowers Pack 1/Ground Textures/Materials/Groundplants 1_D 1200.mat
  artifactKey: Guid(bfa614d366ce5854882d143ea1af5387) Importer(2089858483,b0f066a214c2f5e87bad3c948f4d605d)
Start importing Assets/Grass And Flowers Pack 1/Ground Textures/Materials/Groundplants 1_D 1200.mat using Guid(bfa614d366ce5854882d143ea1af5387) Importer(2089858483,b0f066a214c2f5e87bad3c948f4d605d) (ScriptedImporter) -> (artifact id: '107487fd99b4c145fc3f4818cd35a71c') in 0.1023064 seconds
Number of updated asset objects reloaded before import = 0Number of asset objects unloaded after import = 1

========================================================================
Received Import Request.
  Time since last request: 0.000047 seconds.
  path: Assets/Grass And Flowers Pack 1/Ground Textures/Materials/Groundplants 1_D 1064.mat
  artifactKey: Guid(673469944ab134e4990f23502a63342b) Importer(2089858483,b0f066a214c2f5e87bad3c948f4d605d)
Start importing Assets/Grass And Flowers Pack 1/Ground Textures/Materials/Groundplants 1_D 1064.mat using Guid(673469944ab134e4990f23502a63342b) Importer(2089858483,b0f066a214c2f5e87bad3c948f4d605d) (ScriptedImporter) -> (artifact id: 'c15c09ac15730bd3aa9f80b1f52eea69') in 0.1617597 seconds
Number of updated asset objects reloaded before import = 0Number of asset objects unloaded after import = 1

========================================================================
Received Import Request.
  Time since last request: 0.000057 seconds.
  path: Assets/Grass And Flowers Pack 1/Ground Textures/Materials/Groundplants 1_D 1213.mat
  artifactKey: Guid(8573629854a15f548b72f024cc5969cb) Importer(2089858483,b0f066a214c2f5e87bad3c948f4d605d)
Start importing Assets/Grass And Flowers Pack 1/Ground Textures/Materials/Groundplants 1_D 1213.mat using Guid(8573629854a15f548b72f024cc5969cb) Importer(2089858483,b0f066a214c2f5e87bad3c948f4d605d) (ScriptedImporter) -> (artifact id: 'a3ea766decac845ec6ce66b052090a8f') in 0.0492407 seconds
Number of updated asset objects reloaded before import = 0Number of asset objects unloaded after import = 1

========================================================================
Received Import Request.
  Time since last request: 0.000064 seconds.
  path: Assets/Grass And Flowers Pack 1/Ground Textures/Materials/Groundplants 1_D 1149.mat
  artifactKey: Guid(1e72e4e07dd04ef4db89503a77366637) Importer(2089858483,b0f066a214c2f5e87bad3c948f4d605d)
Start importing Assets/Grass And Flowers Pack 1/Ground Textures/Materials/Groundplants 1_D 1149.mat using Guid(1e72e4e07dd04ef4db89503a77366637) Importer(2089858483,b0f066a214c2f5e87bad3c948f4d605d) (ScriptedImporter) -> (artifact id: '46ac80e4d93f5d36bb31a72893e3dedd') in 0.041327 seconds
Number of updated asset objects reloaded before import = 0Number of asset objects unloaded after import = 1

========================================================================
Received Import Request.
  Time since last request: 0.000090 seconds.
  path: Assets/Grass And Flowers Pack 1/Ground Textures/Materials/Groundplants 1_D 1216.mat
  artifactKey: Guid(14aa2608cebe52547bcea274f2c2dccc) Importer(2089858483,b0f066a214c2f5e87bad3c948f4d605d)
Start importing Assets/Grass And Flowers Pack 1/Ground Textures/Materials/Groundplants 1_D 1216.mat using Guid(14aa2608cebe52547bcea274f2c2dccc) Importer(2089858483,b0f066a214c2f5e87bad3c948f4d605d) (ScriptedImporter) -> (artifact id: '55795ffda991c963dad2342a163cba36') in 0.036896 seconds
Number of updated asset objects reloaded before import = 0Number of asset objects unloaded after import = 1

========================================================================
Received Import Request.
  Time since last request: 0.000043 seconds.
  path: Assets/Grass And Flowers Pack 1/Ground Textures/Materials/Groundplants 1_D 1153.mat
  artifactKey: Guid(2d267a759ffd73c4daafa7713e0b82d2) Importer(2089858483,b0f066a214c2f5e87bad3c948f4d605d)
Start importing Assets/Grass And Flowers Pack 1/Ground Textures/Materials/Groundplants 1_D 1153.mat using Guid(2d267a759ffd73c4daafa7713e0b82d2) Importer(2089858483,b0f066a214c2f5e87bad3c948f4d605d) (ScriptedImporter) -> (artifact id: '33c8272fb9c080aa9def035eb0105635') in 0.0677159 seconds
Number of updated asset objects reloaded before import = 0Number of asset objects unloaded after import = 1

========================================================================
Received Import Request.
  Time since last request: 0.000081 seconds.
  path: Assets/Grass And Flowers Pack 1/Ground Textures/Materials/Groundplants 1_D 1229.mat
  artifactKey: Guid(b6cce0af4ed7a4848898c7c8a2824621) Importer(2089858483,b0f066a214c2f5e87bad3c948f4d605d)
Start importing Assets/Grass And Flowers Pack 1/Ground Textures/Materials/Groundplants 1_D 1229.mat using Guid(b6cce0af4ed7a4848898c7c8a2824621) Importer(2089858483,b0f066a214c2f5e87bad3c948f4d605d) (ScriptedImporter) -> (artifact id: '9bb8a24555b855006ca3d79b99c098ec') in 0.1102487 seconds
Number of updated asset objects reloaded before import = 0Number of asset objects unloaded after import = 1

========================================================================
Received Import Request.
  Time since last request: 0.000041 seconds.
  path: Assets/Grass And Flowers Pack 1/Ground Textures/Materials/Groundplants 1_D 1184.mat
  artifactKey: Guid(27508b7481743bd4587cb7e863869f8e) Importer(2089858483,b0f066a214c2f5e87bad3c948f4d605d)
Start importing Assets/Grass And Flowers Pack 1/Ground Textures/Materials/Groundplants 1_D 1184.mat using Guid(27508b7481743bd4587cb7e863869f8e) Importer(2089858483,b0f066a214c2f5e87bad3c948f4d605d) (ScriptedImporter) -> (artifact id: '16db75148aa8a28a244b913eca6dd9b9') in 0.1511929 seconds
Number of updated asset objects reloaded before import = 0Number of asset objects unloaded after import = 1

========================================================================
Received Import Request.
  Time since last request: 0.000087 seconds.
  path: Assets/Grass And Flowers Pack 1/Ground Textures/Materials/Groundplants 1_D 1238.mat
  artifactKey: Guid(5944c501637968c4d9eca63b32063a76) Importer(2089858483,b0f066a214c2f5e87bad3c948f4d605d)
Start importing Assets/Grass And Flowers Pack 1/Ground Textures/Materials/Groundplants 1_D 1238.mat using Guid(5944c501637968c4d9eca63b32063a76) Importer(2089858483,b0f066a214c2f5e87bad3c948f4d605d) (ScriptedImporter) -> (artifact id: 'a9a072964e4b2286661e1ed30bcc63fd') in 0.0551666 seconds
Number of updated asset objects reloaded before import = 0Number of asset objects unloaded after import = 1

========================================================================
Received Import Request.
  Time since last request: 0.000033 seconds.
  path: Assets/Grass And Flowers Pack 1/Ground Textures/Materials/Groundplants 1_D 1116.mat
  artifactKey: Guid(6c20245115749eb4aa17e93a06396855) Importer(2089858483,b0f066a214c2f5e87bad3c948f4d605d)
Start importing Assets/Grass And Flowers Pack 1/Ground Textures/Materials/Groundplants 1_D 1116.mat using Guid(6c20245115749eb4aa17e93a06396855) Importer(2089858483,b0f066a214c2f5e87bad3c948f4d605d) (ScriptedImporter) -> (artifact id: '51733f72d9989781a485d6c88f7992f9') in 0.0590383 seconds
Number of updated asset objects reloaded before import = 0Number of asset objects unloaded after import = 1

========================================================================
Received Import Request.
  Time since last request: 0.000062 seconds.
  path: Assets/Grass And Flowers Pack 1/Ground Textures/Materials/Groundplants 1_D 1243.mat
  artifactKey: Guid(fdb9ddc40016f584e844b2d9c78fcf36) Importer(2089858483,b0f066a214c2f5e87bad3c948f4d605d)
Start importing Assets/Grass And Flowers Pack 1/Ground Textures/Materials/Groundplants 1_D 1243.mat using Guid(fdb9ddc40016f584e844b2d9c78fcf36) Importer(2089858483,b0f066a214c2f5e87bad3c948f4d605d) (ScriptedImporter) -> (artifact id: 'f89d656d35a50f0527a646f0c69cd088') in 0.0688812 seconds
Number of updated asset objects reloaded before import = 0Number of asset objects unloaded after import = 1

========================================================================
Received Import Request.
  Time since last request: 0.000139 seconds.
  path: Assets/Grass And Flowers Pack 1/Ground Textures/Materials/Groundplants 1_D 1029.mat
  artifactKey: Guid(6c7ea60ab32404348b04783026da77cc) Importer(2089858483,b0f066a214c2f5e87bad3c948f4d605d)
Start importing Assets/Grass And Flowers Pack 1/Ground Textures/Materials/Groundplants 1_D 1029.mat using Guid(6c7ea60ab32404348b04783026da77cc) Importer(2089858483,b0f066a214c2f5e87bad3c948f4d605d) (ScriptedImporter) -> (artifact id: '9cc565b6ff502f07eea09df1e2cccf71') in 0.3437569 seconds
Number of updated asset objects reloaded before import = 0Number of asset objects unloaded after import = 1

========================================================================
Received Import Request.
  Time since last request: 0.000049 seconds.
  path: Assets/Grass And Flowers Pack 1/Ground Textures/Materials/Groundplants 1_D 1257.mat
  artifactKey: Guid(3ab2c6eab0330ca498a3437f3f1b2bd7) Importer(2089858483,b0f066a214c2f5e87bad3c948f4d605d)
Start importing Assets/Grass And Flowers Pack 1/Ground Textures/Materials/Groundplants 1_D 1257.mat using Guid(3ab2c6eab0330ca498a3437f3f1b2bd7) Importer(2089858483,b0f066a214c2f5e87bad3c948f4d605d) (ScriptedImporter) -> (artifact id: '88ffa517494ce5b00225294492c26642') in 0.0474898 seconds
Number of updated asset objects reloaded before import = 0Number of asset objects unloaded after import = 1

========================================================================
Received Import Request.
  Time since last request: 0.000074 seconds.
  path: Assets/Grass And Flowers Pack 1/Ground Textures/Materials/Groundplants 1_D 1265.mat
  artifactKey: Guid(a9a8ad7c8c240824b9fa4d6d411a9665) Importer(2089858483,b0f066a214c2f5e87bad3c948f4d605d)
Start importing Assets/Grass And Flowers Pack 1/Ground Textures/Materials/Groundplants 1_D 1265.mat using Guid(a9a8ad7c8c240824b9fa4d6d411a9665) Importer(2089858483,b0f066a214c2f5e87bad3c948f4d605d) (ScriptedImporter) -> (artifact id: '452cf3f55c7af2972a44f7090ee01f52') in 0.0484528 seconds
Number of updated asset objects reloaded before import = 0Number of asset objects unloaded after import = 1

========================================================================
Received Import Request.
  Time since last request: 0.000036 seconds.
  path: Assets/Grass And Flowers Pack 1/Ground Textures/Materials/Groundplants 1_D 1080.mat
  artifactKey: Guid(d363ceec590bfb84788b93daadb2d49a) Importer(2089858483,b0f066a214c2f5e87bad3c948f4d605d)
Start importing Assets/Grass And Flowers Pack 1/Ground Textures/Materials/Groundplants 1_D 1080.mat using Guid(d363ceec590bfb84788b93daadb2d49a) Importer(2089858483,b0f066a214c2f5e87bad3c948f4d605d) (ScriptedImporter) -> (artifact id: '4a7620ff51782cec466f04d631cf60ff') in 0.0492184 seconds
Number of updated asset objects reloaded before import = 0Number of asset objects unloaded after import = 1

========================================================================
Received Import Request.
  Time since last request: 0.000045 seconds.
  path: Assets/Grass And Flowers Pack 1/Ground Textures/Materials/Groundplants 1_D 1144.mat
  artifactKey: Guid(155058056a3fe9b418ef5e732291e0a1) Importer(2089858483,b0f066a214c2f5e87bad3c948f4d605d)
Start importing Assets/Grass And Flowers Pack 1/Ground Textures/Materials/Groundplants 1_D 1144.mat using Guid(155058056a3fe9b418ef5e732291e0a1) Importer(2089858483,b0f066a214c2f5e87bad3c948f4d605d) (ScriptedImporter) -> (artifact id: '5f1fbcef8ad1444b98dbdc2adab23904') in 0.0566512 seconds
Number of updated asset objects reloaded before import = 0Number of asset objects unloaded after import = 1

========================================================================
Received Import Request.
  Time since last request: 0.000084 seconds.
  path: Assets/Grass And Flowers Pack 1/Ground Textures/Materials/Groundplants 1_D 1275.mat
  artifactKey: Guid(d796fa67d9b66cf429aadb7831d8a471) Importer(2089858483,b0f066a214c2f5e87bad3c948f4d605d)
Start importing Assets/Grass And Flowers Pack 1/Ground Textures/Materials/Groundplants 1_D 1275.mat using Guid(d796fa67d9b66cf429aadb7831d8a471) Importer(2089858483,b0f066a214c2f5e87bad3c948f4d605d) (ScriptedImporter) -> (artifact id: '54bb9198ab0bbdfb48034091980d6095') in 0.0515508 seconds
Number of updated asset objects reloaded before import = 0Number of asset objects unloaded after import = 1

========================================================================
Received Import Request.
  Time since last request: 0.000069 seconds.
  path: Assets/Grass And Flowers Pack 1/Ground Textures/Materials/Groundplants 1_D 1273.mat
  artifactKey: Guid(32d92c2c69a74bd45a0ce742bce3a608) Importer(2089858483,b0f066a214c2f5e87bad3c948f4d605d)
Start importing Assets/Grass And Flowers Pack 1/Ground Textures/Materials/Groundplants 1_D 1273.mat using Guid(32d92c2c69a74bd45a0ce742bce3a608) Importer(2089858483,b0f066a214c2f5e87bad3c948f4d605d) (ScriptedImporter) -> (artifact id: 'b2fd0eede347f55369b68eb2c8df4216') in 0.1091523 seconds
Number of updated asset objects reloaded before import = 0Number of asset objects unloaded after import = 1

========================================================================
Received Import Request.
  Time since last request: 0.000067 seconds.
  path: Assets/Grass And Flowers Pack 1/Ground Textures/Materials/Groundplants 1_D 1289.mat
  artifactKey: Guid(bf0af641e6388ae4fa117a6aa12d3fd3) Importer(2089858483,b0f066a214c2f5e87bad3c948f4d605d)
Start importing Assets/Grass And Flowers Pack 1/Ground Textures/Materials/Groundplants 1_D 1289.mat using Guid(bf0af641e6388ae4fa117a6aa12d3fd3) Importer(2089858483,b0f066a214c2f5e87bad3c948f4d605d) (ScriptedImporter) -> (artifact id: '0d1efe3939a15180853841333b6e7cc0') in 0.2405368 seconds
Number of updated asset objects reloaded before import = 0Number of asset objects unloaded after import = 1

========================================================================
Received Import Request.
  Time since last request: 0.000043 seconds.
  path: Assets/Grass And Flowers Pack 1/Ground Textures/Materials/Groundplants 1_D 1294.mat
  artifactKey: Guid(5ffc0ddc47982f040aed172fde4eb648) Importer(2089858483,b0f066a214c2f5e87bad3c948f4d605d)
Start importing Assets/Grass And Flowers Pack 1/Ground Textures/Materials/Groundplants 1_D 1294.mat using Guid(5ffc0ddc47982f040aed172fde4eb648) Importer(2089858483,b0f066a214c2f5e87bad3c948f4d605d) (ScriptedImporter) -> (artifact id: '2baace7143737b5e04347e2b79b1f55a') in 0.1136592 seconds
Number of updated asset objects reloaded before import = 0Number of asset objects unloaded after import = 1

========================================================================
Received Import Request.
  Time since last request: 0.000076 seconds.
  path: Assets/Grass And Flowers Pack 1/Ground Textures/Materials/Groundplants 1_D 1075.mat
  artifactKey: Guid(151d650b7013a2247ad6474111c23984) Importer(2089858483,b0f066a214c2f5e87bad3c948f4d605d)
Start importing Assets/Grass And Flowers Pack 1/Ground Textures/Materials/Groundplants 1_D 1075.mat using Guid(151d650b7013a2247ad6474111c23984) Importer(2089858483,b0f066a214c2f5e87bad3c948f4d605d) (ScriptedImporter) -> (artifact id: '04b6e6f6db0601241b513d507467ec7b') in 0.167524 seconds
Number of updated asset objects reloaded before import = 0Number of asset objects unloaded after import = 1

========================================================================
Received Import Request.
  Time since last request: 0.000063 seconds.
  path: Assets/Grass And Flowers Pack 1/Ground Textures/Materials/Groundplants 1_D 1301.mat
  artifactKey: Guid(9ed38e61cce38ea4f8be37e7d77d192c) Importer(2089858483,b0f066a214c2f5e87bad3c948f4d605d)
Start importing Assets/Grass And Flowers Pack 1/Ground Textures/Materials/Groundplants 1_D 1301.mat using Guid(9ed38e61cce38ea4f8be37e7d77d192c) Importer(2089858483,b0f066a214c2f5e87bad3c948f4d605d) (ScriptedImporter) -> (artifact id: '6f5c759a6f510215e3c0fa854d906429') in 0.1242479 seconds
Number of updated asset objects reloaded before import = 0Number of asset objects unloaded after import = 1

========================================================================
Received Import Request.
  Time since last request: 0.000064 seconds.
  path: Assets/Grass And Flowers Pack 1/Ground Textures/Materials/Groundplants 1_D 1121.mat
  artifactKey: Guid(9bb1b0124ed715c4285f0531ffb460f6) Importer(2089858483,b0f066a214c2f5e87bad3c948f4d605d)
Start importing Assets/Grass And Flowers Pack 1/Ground Textures/Materials/Groundplants 1_D 1121.mat using Guid(9bb1b0124ed715c4285f0531ffb460f6) Importer(2089858483,b0f066a214c2f5e87bad3c948f4d605d) (ScriptedImporter) -> (artifact id: '9d31072004c4a769ac5f82062c59346e') in 0.0614789 seconds
Number of updated asset objects reloaded before import = 0Number of asset objects unloaded after import = 1

========================================================================
Received Import Request.
  Time since last request: 0.000043 seconds.
  path: Assets/Grass And Flowers Pack 1/Ground Textures/Materials/Groundplants 1_D 1311.mat
  artifactKey: Guid(55c4684718735144aab8ba095de752b0) Importer(2089858483,b0f066a214c2f5e87bad3c948f4d605d)
Start importing Assets/Grass And Flowers Pack 1/Ground Textures/Materials/Groundplants 1_D 1311.mat using Guid(55c4684718735144aab8ba095de752b0) Importer(2089858483,b0f066a214c2f5e87bad3c948f4d605d) (ScriptedImporter) -> (artifact id: '2783feea8c3c76ddb818d4b03a4d8d96') in 0.1849036 seconds
Number of updated asset objects reloaded before import = 0Number of asset objects unloaded after import = 1

========================================================================
Received Import Request.
  Time since last request: 0.000119 seconds.
  path: Assets/Grass And Flowers Pack 1/Ground Textures/Materials/Groundplants 1_D 1162.mat
  artifactKey: Guid(f2e3aa45a937e5c40b87405c2f3ee381) Importer(2089858483,b0f066a214c2f5e87bad3c948f4d605d)
Start importing Assets/Grass And Flowers Pack 1/Ground Textures/Materials/Groundplants 1_D 1162.mat using Guid(f2e3aa45a937e5c40b87405c2f3ee381) Importer(2089858483,b0f066a214c2f5e87bad3c948f4d605d) (ScriptedImporter) -> (artifact id: '7968bdefe2edeeec646436c93a00e92e') in 0.0543859 seconds
Number of updated asset objects reloaded before import = 0Number of asset objects unloaded after import = 1

========================================================================
Received Import Request.
  Time since last request: 0.000049 seconds.
  path: Assets/Grass And Flowers Pack 1/Ground Textures/Materials/Groundplants 1_D 1324.mat
  artifactKey: Guid(6e394dd549c53b7498fe59b7e17ceb2c) Importer(2089858483,b0f066a214c2f5e87bad3c948f4d605d)
Start importing Assets/Grass And Flowers Pack 1/Ground Textures/Materials/Groundplants 1_D 1324.mat using Guid(6e394dd549c53b7498fe59b7e17ceb2c) Importer(2089858483,b0f066a214c2f5e87bad3c948f4d605d) (ScriptedImporter) -> (artifact id: 'e80e6dc6ed6ad389b2ccec08f8cb58f9') in 0.0750052 seconds
Number of updated asset objects reloaded before import = 0Number of asset objects unloaded after import = 1

========================================================================
Received Import Request.
  Time since last request: 0.000045 seconds.
  path: Assets/Grass And Flowers Pack 1/Ground Textures/Materials/Groundplants 1_D 1317.mat
  artifactKey: Guid(97119d0598e4ae444beb43adbc3ad5c2) Importer(2089858483,b0f066a214c2f5e87bad3c948f4d605d)
Start importing Assets/Grass And Flowers Pack 1/Ground Textures/Materials/Groundplants 1_D 1317.mat using Guid(97119d0598e4ae444beb43adbc3ad5c2) Importer(2089858483,b0f066a214c2f5e87bad3c948f4d605d) (ScriptedImporter) -> (artifact id: '78d7bba64c79223b3e49637faf88a6c4') in 0.1577928 seconds
Number of updated asset objects reloaded before import = 0Number of asset objects unloaded after import = 1

========================================================================
Received Import Request.
  Time since last request: 0.000055 seconds.
  path: Assets/Grass And Flowers Pack 1/Ground Textures/Materials/Groundplants 1_D 1327.mat
  artifactKey: Guid(ddb85eab8ce68e5478485b3e3cecc804) Importer(2089858483,b0f066a214c2f5e87bad3c948f4d605d)
Start importing Assets/Grass And Flowers Pack 1/Ground Textures/Materials/Groundplants 1_D 1327.mat using Guid(ddb85eab8ce68e5478485b3e3cecc804) Importer(2089858483,b0f066a214c2f5e87bad3c948f4d605d) (ScriptedImporter) -> (artifact id: '64b436f84fabebfb1fad77b3595d88ef') in 0.2085096 seconds
Number of updated asset objects reloaded before import = 0Number of asset objects unloaded after import = 1

========================================================================
Received Import Request.
  Time since last request: 0.000046 seconds.
  path: Assets/Grass And Flowers Pack 1/Ground Textures/Materials/Groundplants 1_D 1345.mat
  artifactKey: Guid(a3f94cca57606e944a02dbd2e75f9c89) Importer(2089858483,b0f066a214c2f5e87bad3c948f4d605d)
Start importing Assets/Grass And Flowers Pack 1/Ground Textures/Materials/Groundplants 1_D 1345.mat using Guid(a3f94cca57606e944a02dbd2e75f9c89) Importer(2089858483,b0f066a214c2f5e87bad3c948f4d605d) (ScriptedImporter) -> (artifact id: 'a8ae21ce8aea5761884d7a35ea71d810') in 0.0528352 seconds
Number of updated asset objects reloaded before import = 0Number of asset objects unloaded after import = 1

========================================================================
Received Import Request.
  Time since last request: 0.000065 seconds.
  path: Assets/Grass And Flowers Pack 1/Ground Textures/Materials/Groundplants 1_D 1338.mat
  artifactKey: Guid(e30715b97d6db7c40ad04515fffda48d) Importer(2089858483,b0f066a214c2f5e87bad3c948f4d605d)
Start importing Assets/Grass And Flowers Pack 1/Ground Textures/Materials/Groundplants 1_D 1338.mat using Guid(e30715b97d6db7c40ad04515fffda48d) Importer(2089858483,b0f066a214c2f5e87bad3c948f4d605d) (ScriptedImporter) -> (artifact id: '37d88ce8683c79bc118863737a418c0e') in 0.2487804 seconds
Number of updated asset objects reloaded before import = 0Number of asset objects unloaded after import = 1

========================================================================
Received Import Request.
  Time since last request: 0.000067 seconds.
  path: Assets/Grass And Flowers Pack 1/Ground Textures/Materials/Groundplants 1_D 1347.mat
  artifactKey: Guid(043904bef16d85c4380744f68c260ddf) Importer(2089858483,b0f066a214c2f5e87bad3c948f4d605d)
Start importing Assets/Grass And Flowers Pack 1/Ground Textures/Materials/Groundplants 1_D 1347.mat using Guid(043904bef16d85c4380744f68c260ddf) Importer(2089858483,b0f066a214c2f5e87bad3c948f4d605d) (ScriptedImporter) -> (artifact id: '4faed6ffdb1106a1d4894e8a5030b6a3') in 0.100479 seconds
Number of updated asset objects reloaded before import = 0Number of asset objects unloaded after import = 1

========================================================================
Received Import Request.
  Time since last request: 0.000081 seconds.
  path: Assets/Grass And Flowers Pack 1/Ground Textures/Materials/Groundplants 1_D 1231.mat
  artifactKey: Guid(8692f133a83c9ca449dd77c8c2a59ca6) Importer(2089858483,b0f066a214c2f5e87bad3c948f4d605d)
Start importing Assets/Grass And Flowers Pack 1/Ground Textures/Materials/Groundplants 1_D 1231.mat using Guid(8692f133a83c9ca449dd77c8c2a59ca6) Importer(2089858483,b0f066a214c2f5e87bad3c948f4d605d) (ScriptedImporter) -> (artifact id: '52ba24c5e994640f5ad8a058ce02c607') in 0.3171278 seconds
Number of updated asset objects reloaded before import = 0Number of asset objects unloaded after import = 1

========================================================================
Received Import Request.
  Time since last request: 0.000048 seconds.
  path: Assets/Grass And Flowers Pack 1/Ground Textures/Materials/Groundplants 1_D 1356.mat
  artifactKey: Guid(c25a66ff41afcab4e9e2a4a01dda2193) Importer(2089858483,b0f066a214c2f5e87bad3c948f4d605d)
Start importing Assets/Grass And Flowers Pack 1/Ground Textures/Materials/Groundplants 1_D 1356.mat using Guid(c25a66ff41afcab4e9e2a4a01dda2193) Importer(2089858483,b0f066a214c2f5e87bad3c948f4d605d) (ScriptedImporter) -> (artifact id: 'da11b864720677c34b658c87f5582e6d') in 0.0409805 seconds
Number of updated asset objects reloaded before import = 0Number of asset objects unloaded after import = 1

========================================================================
Received Import Request.
  Time since last request: 0.000102 seconds.
  path: Assets/Grass And Flowers Pack 1/Ground Textures/Materials/Groundplants 1_D 1355.mat
  artifactKey: Guid(8ee739f6b4f505f48a51c3ec313d2c38) Importer(2089858483,b0f066a214c2f5e87bad3c948f4d605d)
Start importing Assets/Grass And Flowers Pack 1/Ground Textures/Materials/Groundplants 1_D 1355.mat using Guid(8ee739f6b4f505f48a51c3ec313d2c38) Importer(2089858483,b0f066a214c2f5e87bad3c948f4d605d) (ScriptedImporter) -> (artifact id: '8b8e811af954cfa2a97c18172a3fe369') in 0.1998045 seconds
Number of updated asset objects reloaded before import = 0Number of asset objects unloaded after import = 1

========================================================================
Received Import Request.
  Time since last request: 0.000058 seconds.
  path: Assets/Grass And Flowers Pack 1/Ground Textures/Materials/Groundplants 1_D 1370.mat
  artifactKey: Guid(e38389cf1dbd5c545a4eddc9af56183a) Importer(2089858483,b0f066a214c2f5e87bad3c948f4d605d)
Start importing Assets/Grass And Flowers Pack 1/Ground Textures/Materials/Groundplants 1_D 1370.mat using Guid(e38389cf1dbd5c545a4eddc9af56183a) Importer(2089858483,b0f066a214c2f5e87bad3c948f4d605d) (ScriptedImporter) -> (artifact id: '4817619997feda0779e6b085c2f6fe09') in 0.0486985 seconds
Number of updated asset objects reloaded before import = 0Number of asset objects unloaded after import = 1

========================================================================
Received Import Request.
  Time since last request: 0.000071 seconds.
  path: Assets/Grass And Flowers Pack 1/Ground Textures/Materials/Groundplants 1_D 1373.mat
  artifactKey: Guid(52192019fd3b9884aad6de85ab4b7849) Importer(2089858483,b0f066a214c2f5e87bad3c948f4d605d)
Start importing Assets/Grass And Flowers Pack 1/Ground Textures/Materials/Groundplants 1_D 1373.mat using Guid(52192019fd3b9884aad6de85ab4b7849) Importer(2089858483,b0f066a214c2f5e87bad3c948f4d605d) (ScriptedImporter) -> (artifact id: 'edb3b2fcec29ea09fdb23fe01ba1c9d3') in 0.2461146 seconds
Number of updated asset objects reloaded before import = 0Number of asset objects unloaded after import = 1

========================================================================
Received Import Request.
  Time since last request: 0.000046 seconds.
  path: Assets/Grass And Flowers Pack 1/Ground Textures/Materials/Groundplants 1_D 1381.mat
  artifactKey: Guid(872fffa2b09b7de429a4b01eb10b7cba) Importer(2089858483,b0f066a214c2f5e87bad3c948f4d605d)
Start importing Assets/Grass And Flowers Pack 1/Ground Textures/Materials/Groundplants 1_D 1381.mat using Guid(872fffa2b09b7de429a4b01eb10b7cba) Importer(2089858483,b0f066a214c2f5e87bad3c948f4d605d) (ScriptedImporter) -> (artifact id: 'a1953941935fb90ad22057a0583116d0') in 0.2211465 seconds
Number of updated asset objects reloaded before import = 0Number of asset objects unloaded after import = 1

========================================================================
Received Import Request.
  Time since last request: 0.000066 seconds.
  path: Assets/Grass And Flowers Pack 1/Ground Textures/Materials/Groundplants 1_D 1388.mat
  artifactKey: Guid(bbcc1877d8b6ba748bf27c05a46683c4) Importer(2089858483,b0f066a214c2f5e87bad3c948f4d605d)
Start importing Assets/Grass And Flowers Pack 1/Ground Textures/Materials/Groundplants 1_D 1388.mat using Guid(bbcc1877d8b6ba748bf27c05a46683c4) Importer(2089858483,b0f066a214c2f5e87bad3c948f4d605d) (ScriptedImporter) -> (artifact id: '51228330be30de7c582255ef9b2f1119') in 0.1023724 seconds
Number of updated asset objects reloaded before import = 0Number of asset objects unloaded after import = 1

========================================================================
Received Import Request.
  Time since last request: 0.000051 seconds.
  path: Assets/Grass And Flowers Pack 1/Ground Textures/Materials/Groundplants 1_D 1341.mat
  artifactKey: Guid(21855321410154f48bf1c68cc82c036d) Importer(2089858483,b0f066a214c2f5e87bad3c948f4d605d)
Start importing Assets/Grass And Flowers Pack 1/Ground Textures/Materials/Groundplants 1_D 1341.mat using Guid(21855321410154f48bf1c68cc82c036d) Importer(2089858483,b0f066a214c2f5e87bad3c948f4d605d) (ScriptedImporter) -> (artifact id: '0c59b7f169660b3cc210942fa6e7dca1') in 0.0554257 seconds
Number of updated asset objects reloaded before import = 0Number of asset objects unloaded after import = 1

========================================================================
Received Import Request.
  Time since last request: 0.000051 seconds.
  path: Assets/Grass And Flowers Pack 1/Ground Textures/Materials/Groundplants 1_D 1391.mat
  artifactKey: Guid(3b608de6a3e7bb24cb60b794cbf3ac5a) Importer(2089858483,b0f066a214c2f5e87bad3c948f4d605d)
Start importing Assets/Grass And Flowers Pack 1/Ground Textures/Materials/Groundplants 1_D 1391.mat using Guid(3b608de6a3e7bb24cb60b794cbf3ac5a) Importer(2089858483,b0f066a214c2f5e87bad3c948f4d605d) (ScriptedImporter) -> (artifact id: '6ad6d2bdea1fe858e8d7b15de9fb55e8') in 0.051919 seconds
Number of updated asset objects reloaded before import = 0Number of asset objects unloaded after import = 1

========================================================================
Received Import Request.
  Time since last request: 0.000035 seconds.
  path: Assets/Grass And Flowers Pack 1/Ground Textures/Materials/Groundplants 1_D 1394.mat
  artifactKey: Guid(dd4c96fcf03f7b1458ae671eab3f0ef0) Importer(2089858483,b0f066a214c2f5e87bad3c948f4d605d)
Start importing Assets/Grass And Flowers Pack 1/Ground Textures/Materials/Groundplants 1_D 1394.mat using Guid(dd4c96fcf03f7b1458ae671eab3f0ef0) Importer(2089858483,b0f066a214c2f5e87bad3c948f4d605d) (ScriptedImporter) -> (artifact id: 'a2e452c00cec6eacc665fe33d84dd483') in 0.0657191 seconds
Number of updated asset objects reloaded before import = 0Number of asset objects unloaded after import = 1

========================================================================
Received Import Request.
  Time since last request: 0.000063 seconds.
  path: Assets/Grass And Flowers Pack 1/Ground Textures/Materials/Groundplants 1_D 1134.mat
  artifactKey: Guid(8d8a31cf48f9dd3479bed1d421c8d4ec) Importer(2089858483,b0f066a214c2f5e87bad3c948f4d605d)
Start importing Assets/Grass And Flowers Pack 1/Ground Textures/Materials/Groundplants 1_D 1134.mat using Guid(8d8a31cf48f9dd3479bed1d421c8d4ec) Importer(2089858483,b0f066a214c2f5e87bad3c948f4d605d) (ScriptedImporter) -> (artifact id: '78aee4cd82472e55afea1298a3cb99af') in 0.107958 seconds
Number of updated asset objects reloaded before import = 0Number of asset objects unloaded after import = 1

========================================================================
Received Import Request.
  Time since last request: 0.000044 seconds.
  path: Assets/Grass And Flowers Pack 1/Ground Textures/Materials/Groundplants 1_D 1401.mat
  artifactKey: Guid(a00e2729b786dde45ba431e2f252c421) Importer(2089858483,b0f066a214c2f5e87bad3c948f4d605d)
Start importing Assets/Grass And Flowers Pack 1/Ground Textures/Materials/Groundplants 1_D 1401.mat using Guid(a00e2729b786dde45ba431e2f252c421) Importer(2089858483,b0f066a214c2f5e87bad3c948f4d605d) (ScriptedImporter) -> (artifact id: '3dbde0f01bffbf4ba53704c38723a2e4') in 0.2092214 seconds
Number of updated asset objects reloaded before import = 0Number of asset objects unloaded after import = 1

========================================================================
Received Import Request.
  Time since last request: 0.000066 seconds.
  path: Assets/Grass And Flowers Pack 1/Ground Textures/Materials/Groundplants 1_D 1417.mat
  artifactKey: Guid(151024b4ecd752840a5b41d3dcffcdb9) Importer(2089858483,b0f066a214c2f5e87bad3c948f4d605d)
Start importing Assets/Grass And Flowers Pack 1/Ground Textures/Materials/Groundplants 1_D 1417.mat using Guid(151024b4ecd752840a5b41d3dcffcdb9) Importer(2089858483,b0f066a214c2f5e87bad3c948f4d605d) (ScriptedImporter) -> (artifact id: '0b6899e0f296fc2dab7eea2f45c2f27d') in 0.2368246 seconds
Number of updated asset objects reloaded before import = 0Number of asset objects unloaded after import = 1

========================================================================
Received Import Request.
  Time since last request: 0.000038 seconds.
  path: Assets/Grass And Flowers Pack 1/Ground Textures/Materials/Groundplants 1_D 1400.mat
  artifactKey: Guid(868768b2e416ce944b1f4144b13bda93) Importer(2089858483,b0f066a214c2f5e87bad3c948f4d605d)
Start importing Assets/Grass And Flowers Pack 1/Ground Textures/Materials/Groundplants 1_D 1400.mat using Guid(868768b2e416ce944b1f4144b13bda93) Importer(2089858483,b0f066a214c2f5e87bad3c948f4d605d) (ScriptedImporter) -> (artifact id: '563d7b00024ab5b73dec8c1f7ff0389d') in 0.1028428 seconds
Number of updated asset objects reloaded before import = 0Number of asset objects unloaded after import = 1

========================================================================
Received Import Request.
  Time since last request: 0.000076 seconds.
  path: Assets/Grass And Flowers Pack 1/Ground Textures/Materials/Groundplants 1_D 1424.mat
  artifactKey: Guid(1a29e9cfc658bf644878a9e619ba85bd) Importer(2089858483,b0f066a214c2f5e87bad3c948f4d605d)
Start importing Assets/Grass And Flowers Pack 1/Ground Textures/Materials/Groundplants 1_D 1424.mat using Guid(1a29e9cfc658bf644878a9e619ba85bd) Importer(2089858483,b0f066a214c2f5e87bad3c948f4d605d) (ScriptedImporter) -> (artifact id: '8ae8ee6185863692ed7c667757b1ad72') in 0.0931212 seconds
Number of updated asset objects reloaded before import = 0Number of asset objects unloaded after import = 1

========================================================================
Received Import Request.
  Time since last request: 0.000138 seconds.
  path: Assets/Grass And Flowers Pack 1/Ground Textures/Materials/Groundplants 1_D 1419.mat
  artifactKey: Guid(0837ebe293f2e914ba9b3744091c826e) Importer(2089858483,b0f066a214c2f5e87bad3c948f4d605d)
Start importing Assets/Grass And Flowers Pack 1/Ground Textures/Materials/Groundplants 1_D 1419.mat using Guid(0837ebe293f2e914ba9b3744091c826e) Importer(2089858483,b0f066a214c2f5e87bad3c948f4d605d) (ScriptedImporter) -> (artifact id: '5b2e72961c25bd1ad1ad924798d72561') in 0.1462139 seconds
Number of updated asset objects reloaded before import = 0Number of asset objects unloaded after import = 1

========================================================================
Received Import Request.
  Time since last request: 0.000099 seconds.
  path: Assets/Grass And Flowers Pack 1/Ground Textures/Materials/Groundplants 1_D 1434.mat
  artifactKey: Guid(e27dedcc7b6667d4681e663704f41807) Importer(2089858483,b0f066a214c2f5e87bad3c948f4d605d)
Start importing Assets/Grass And Flowers Pack 1/Ground Textures/Materials/Groundplants 1_D 1434.mat using Guid(e27dedcc7b6667d4681e663704f41807) Importer(2089858483,b0f066a214c2f5e87bad3c948f4d605d) (ScriptedImporter) -> (artifact id: '6d2a1459ae893bab16c130036deee9c0') in 0.0929668 seconds
Number of updated asset objects reloaded before import = 0Number of asset objects unloaded after import = 1

========================================================================
Received Import Request.
  Time since last request: 0.000043 seconds.
  path: Assets/Grass And Flowers Pack 1/Ground Textures/Materials/Groundplants 1_D 1237.mat
  artifactKey: Guid(ef3e37c650f0c7c4893cb79948b0690c) Importer(2089858483,b0f066a214c2f5e87bad3c948f4d605d)
Start importing Assets/Grass And Flowers Pack 1/Ground Textures/Materials/Groundplants 1_D 1237.mat using Guid(ef3e37c650f0c7c4893cb79948b0690c) Importer(2089858483,b0f066a214c2f5e87bad3c948f4d605d) (ScriptedImporter) -> (artifact id: '924b469220341f9e0378df740dbf3b09') in 0.1013856 seconds
Number of updated asset objects reloaded before import = 0Number of asset objects unloaded after import = 1

========================================================================
Received Import Request.
  Time since last request: 0.000144 seconds.
  path: Assets/Grass And Flowers Pack 1/Ground Textures/Materials/Groundplants 1_D 1440.mat
  artifactKey: Guid(399bc2378e9ae9749856eb843c65d2d0) Importer(2089858483,b0f066a214c2f5e87bad3c948f4d605d)
Start importing Assets/Grass And Flowers Pack 1/Ground Textures/Materials/Groundplants 1_D 1440.mat using Guid(399bc2378e9ae9749856eb843c65d2d0) Importer(2089858483,b0f066a214c2f5e87bad3c948f4d605d) (ScriptedImporter) -> (artifact id: '100e5657fdc434306fd5674227bcf1f3') in 0.0471004 seconds
Number of updated asset objects reloaded before import = 0Number of asset objects unloaded after import = 1

========================================================================
Received Import Request.
  Time since last request: 0.000031 seconds.
  path: Assets/Grass And Flowers Pack 1/Ground Textures/Materials/Groundplants 1_D 1443.mat
  artifactKey: Guid(67eaacd45b3169f4690dc8ffea1e7b56) Importer(2089858483,b0f066a214c2f5e87bad3c948f4d605d)
Start importing Assets/Grass And Flowers Pack 1/Ground Textures/Materials/Groundplants 1_D 1443.mat using Guid(67eaacd45b3169f4690dc8ffea1e7b56) Importer(2089858483,b0f066a214c2f5e87bad3c948f4d605d) (ScriptedImporter) -> (artifact id: '9e4c1ec7a066138bafc3c8f327e412b4') in 0.0627283 seconds
Number of updated asset objects reloaded before import = 0Number of asset objects unloaded after import = 1

========================================================================
Received Import Request.
  Time since last request: 0.000044 seconds.
  path: Assets/Grass And Flowers Pack 1/Ground Textures/Materials/Groundplants 1_D 1450.mat
  artifactKey: Guid(20f92bc6104a85b4483dfd1d4d029ee7) Importer(2089858483,b0f066a214c2f5e87bad3c948f4d605d)
Start importing Assets/Grass And Flowers Pack 1/Ground Textures/Materials/Groundplants 1_D 1450.mat using Guid(20f92bc6104a85b4483dfd1d4d029ee7) Importer(2089858483,b0f066a214c2f5e87bad3c948f4d605d) (ScriptedImporter) -> (artifact id: '15036c849c27a24feb812d9410ea27da') in 0.1470052 seconds
Number of updated asset objects reloaded before import = 0Number of asset objects unloaded after import = 1

========================================================================
Received Import Request.
  Time since last request: 0.000083 seconds.
  path: Assets/Grass And Flowers Pack 1/Ground Textures/Materials/Groundplants 1_D 1454.mat
  artifactKey: Guid(82d050451bd784a4c9e3745957dfa3bb) Importer(2089858483,b0f066a214c2f5e87bad3c948f4d605d)
Start importing Assets/Grass And Flowers Pack 1/Ground Textures/Materials/Groundplants 1_D 1454.mat using Guid(82d050451bd784a4c9e3745957dfa3bb) Importer(2089858483,b0f066a214c2f5e87bad3c948f4d605d) (ScriptedImporter) -> (artifact id: '1e1d600c65e74ab2622982047a6841fe') in 0.0946343 seconds
Number of updated asset objects reloaded before import = 0Number of asset objects unloaded after import = 1

========================================================================
Received Import Request.
  Time since last request: 0.000051 seconds.
  path: Assets/Grass And Flowers Pack 1/Ground Textures/Materials/Groundplants 1_D 1461.mat
  artifactKey: Guid(5cd8de089b5aaf2419726081a0ada041) Importer(2089858483,b0f066a214c2f5e87bad3c948f4d605d)
Start importing Assets/Grass And Flowers Pack 1/Ground Textures/Materials/Groundplants 1_D 1461.mat using Guid(5cd8de089b5aaf2419726081a0ada041) Importer(2089858483,b0f066a214c2f5e87bad3c948f4d605d) (ScriptedImporter) -> (artifact id: 'cfb1f1844150b1ccecf9e8129c1096a9') in 0.061591 seconds
Number of updated asset objects reloaded before import = 0Number of asset objects unloaded after import = 1

========================================================================
Received Import Request.
  Time since last request: 0.000087 seconds.
  path: Assets/Grass And Flowers Pack 1/Ground Textures/Materials/Groundplants 1_D 1460.mat
  artifactKey: Guid(b625dabfe005fe74c84f8ba8ca8d46e8) Importer(2089858483,b0f066a214c2f5e87bad3c948f4d605d)
Start importing Assets/Grass And Flowers Pack 1/Ground Textures/Materials/Groundplants 1_D 1460.mat using Guid(b625dabfe005fe74c84f8ba8ca8d46e8) Importer(2089858483,b0f066a214c2f5e87bad3c948f4d605d) (ScriptedImporter) -> (artifact id: 'a03f6e5a46f171ce63817436aa4f35b1') in 0.0673078 seconds
Number of updated asset objects reloaded before import = 0Number of asset objects unloaded after import = 1

========================================================================
Received Import Request.
  Time since last request: 0.000047 seconds.
  path: Assets/Grass And Flowers Pack 1/Ground Textures/Materials/Groundplants 1_D 1470.mat
  artifactKey: Guid(58c1b66b64019c5499a60af013282300) Importer(2089858483,b0f066a214c2f5e87bad3c948f4d605d)
Start importing Assets/Grass And Flowers Pack 1/Ground Textures/Materials/Groundplants 1_D 1470.mat using Guid(58c1b66b64019c5499a60af013282300) Importer(2089858483,b0f066a214c2f5e87bad3c948f4d605d) (ScriptedImporter) -> (artifact id: 'f496eeeef2ab5cc28e1713ae48e555fc') in 0.1455651 seconds
Number of updated asset objects reloaded before import = 0Number of asset objects unloaded after import = 1

========================================================================
Received Import Request.
  Time since last request: 0.000081 seconds.
  path: Assets/Grass And Flowers Pack 1/Ground Textures/Materials/Groundplants 1_D 1471.mat
  artifactKey: Guid(d8a6e73d5c466f940abe4b047f678f68) Importer(2089858483,b0f066a214c2f5e87bad3c948f4d605d)
Start importing Assets/Grass And Flowers Pack 1/Ground Textures/Materials/Groundplants 1_D 1471.mat using Guid(d8a6e73d5c466f940abe4b047f678f68) Importer(2089858483,b0f066a214c2f5e87bad3c948f4d605d) (ScriptedImporter) -> (artifact id: '5c52b62d1e581a4a364703d03fae0a4c') in 0.2363075 seconds
Number of updated asset objects reloaded before import = 0Number of asset objects unloaded after import = 1

========================================================================
Received Import Request.
  Time since last request: 0.000041 seconds.
  path: Assets/Grass And Flowers Pack 1/Ground Textures/Materials/Groundplants 1_D 1482.mat
  artifactKey: Guid(e0f2e7afdc687cb41aaa1817c71a4d31) Importer(2089858483,b0f066a214c2f5e87bad3c948f4d605d)
Start importing Assets/Grass And Flowers Pack 1/Ground Textures/Materials/Groundplants 1_D 1482.mat using Guid(e0f2e7afdc687cb41aaa1817c71a4d31) Importer(2089858483,b0f066a214c2f5e87bad3c948f4d605d) (ScriptedImporter) -> (artifact id: '3bc3a88ddbb501a88f280b958624a256') in 0.1245676 seconds
Number of updated asset objects reloaded before import = 0Number of asset objects unloaded after import = 1

========================================================================
Received Import Request.
  Time since last request: 0.000047 seconds.
  path: Assets/Grass And Flowers Pack 1/Ground Textures/Materials/Groundplants 1_D 1483.mat
  artifactKey: Guid(f7e43e25eab7a2c41978f01ab28443f4) Importer(2089858483,b0f066a214c2f5e87bad3c948f4d605d)
Start importing Assets/Grass And Flowers Pack 1/Ground Textures/Materials/Groundplants 1_D 1483.mat using Guid(f7e43e25eab7a2c41978f01ab28443f4) Importer(2089858483,b0f066a214c2f5e87bad3c948f4d605d) (ScriptedImporter) -> (artifact id: 'd39efbeb5e2ddb1bad7052e15b5aaf99') in 0.0700028 seconds
Number of updated asset objects reloaded before import = 0Number of asset objects unloaded after import = 1

========================================================================
Received Import Request.
  Time since last request: 0.000055 seconds.
  path: Assets/Grass And Flowers Pack 1/Ground Textures/Materials/Groundplants 1_D 1484.mat
  artifactKey: Guid(f92dca569c593f847849db410051134a) Importer(2089858483,b0f066a214c2f5e87bad3c948f4d605d)
Start importing Assets/Grass And Flowers Pack 1/Ground Textures/Materials/Groundplants 1_D 1484.mat using Guid(f92dca569c593f847849db410051134a) Importer(2089858483,b0f066a214c2f5e87bad3c948f4d605d) (ScriptedImporter) -> (artifact id: '4d790bc80c9d59b4298f35cba5791c86') in 0.8909441 seconds
Number of updated asset objects reloaded before import = 0Number of asset objects unloaded after import = 1

========================================================================
Received Import Request.
  Time since last request: 0.000091 seconds.
  path: Assets/Grass And Flowers Pack 1/Ground Textures/Materials/Groundplants 1_D 1260.mat
  artifactKey: Guid(bcf1223016a0bf04caf925bd82980915) Importer(2089858483,b0f066a214c2f5e87bad3c948f4d605d)
Start importing Assets/Grass And Flowers Pack 1/Ground Textures/Materials/Groundplants 1_D 1260.mat using Guid(bcf1223016a0bf04caf925bd82980915) Importer(2089858483,b0f066a214c2f5e87bad3c948f4d605d) (ScriptedImporter) -> (artifact id: '4908c3710511ece125d073355e71c756') in 0.316522 seconds
Number of updated asset objects reloaded before import = 0Number of asset objects unloaded after import = 1

========================================================================
Received Import Request.
  Time since last request: 0.000070 seconds.
  path: Assets/Grass And Flowers Pack 1/Ground Textures/Materials/Groundplants 1_D 1087.mat
  artifactKey: Guid(05345b28b6ad1e94ba21db199727a0c9) Importer(2089858483,b0f066a214c2f5e87bad3c948f4d605d)
Start importing Assets/Grass And Flowers Pack 1/Ground Textures/Materials/Groundplants 1_D 1087.mat using Guid(05345b28b6ad1e94ba21db199727a0c9) Importer(2089858483,b0f066a214c2f5e87bad3c948f4d605d) (ScriptedImporter) -> (artifact id: 'b50773c6ed745495a30de4d0ed97d508') in 0.3190217 seconds
Number of updated asset objects reloaded before import = 0Number of asset objects unloaded after import = 1

========================================================================
Received Import Request.
  Time since last request: 0.000076 seconds.
  path: Assets/Grass And Flowers Pack 1/Ground Textures/Materials/Groundplants 1_D 1089.mat
  artifactKey: Guid(4c014e6e9302c4a4aab03dbff5a92dcf) Importer(2089858483,b0f066a214c2f5e87bad3c948f4d605d)
Start importing Assets/Grass And Flowers Pack 1/Ground Textures/Materials/Groundplants 1_D 1089.mat using Guid(4c014e6e9302c4a4aab03dbff5a92dcf) Importer(2089858483,b0f066a214c2f5e87bad3c948f4d605d) (ScriptedImporter) -> (artifact id: 'dc7d86b88a79966e06901a7eb7284fdd') in 0.0571708 seconds
Number of updated asset objects reloaded before import = 0Number of asset objects unloaded after import = 1

========================================================================
Received Import Request.
  Time since last request: 0.000045 seconds.
  path: Assets/Grass And Flowers Pack 1/Ground Textures/Materials/Groundplants 1_D 1227.mat
  artifactKey: Guid(890312509dac1bd48b0c77005d23ee0d) Importer(2089858483,b0f066a214c2f5e87bad3c948f4d605d)
Start importing Assets/Grass And Flowers Pack 1/Ground Textures/Materials/Groundplants 1_D 1227.mat using Guid(890312509dac1bd48b0c77005d23ee0d) Importer(2089858483,b0f066a214c2f5e87bad3c948f4d605d) (ScriptedImporter) -> (artifact id: 'bdc46262f02cdb247bb13e24986644b0') in 0.0970294 seconds
Number of updated asset objects reloaded before import = 0Number of asset objects unloaded after import = 1

========================================================================
Received Import Request.
  Time since last request: 0.000056 seconds.
  path: Assets/Grass And Flowers Pack 1/Ground Textures/Materials/Groundplants 1_D 1145.mat
  artifactKey: Guid(26c015b77e97b604888e4a8d9daadfb0) Importer(2089858483,b0f066a214c2f5e87bad3c948f4d605d)
Start importing Assets/Grass And Flowers Pack 1/Ground Textures/Materials/Groundplants 1_D 1145.mat using Guid(26c015b77e97b604888e4a8d9daadfb0) Importer(2089858483,b0f066a214c2f5e87bad3c948f4d605d) (ScriptedImporter) -> (artifact id: '577e463180aa371c978f7978b913e43e') in 0.1145687 seconds
Number of updated asset objects reloaded before import = 0Number of asset objects unloaded after import = 1

========================================================================
Received Import Request.
  Time since last request: 0.000051 seconds.
  path: Assets/Grass And Flowers Pack 1/Ground Textures/Materials/Groundplants 1_D 1021.mat
  artifactKey: Guid(686661c8c54a9674ebc36e392421c436) Importer(2089858483,b0f066a214c2f5e87bad3c948f4d605d)
Start importing Assets/Grass And Flowers Pack 1/Ground Textures/Materials/Groundplants 1_D 1021.mat using Guid(686661c8c54a9674ebc36e392421c436) Importer(2089858483,b0f066a214c2f5e87bad3c948f4d605d) (ScriptedImporter) -> (artifact id: 'c2da047d1d16271e34897d68e72efa3c') in 0.1456918 seconds
Number of updated asset objects reloaded before import = 0Number of asset objects unloaded after import = 1

========================================================================
Received Import Request.
  Time since last request: 0.000073 seconds.
  path: Assets/Grass And Flowers Pack 1/Ground Textures/Materials/Groundplants 1_D 1269.mat
  artifactKey: Guid(26f099a800aba304b98ad2a3b2a502cb) Importer(2089858483,b0f066a214c2f5e87bad3c948f4d605d)
Start importing Assets/Grass And Flowers Pack 1/Ground Textures/Materials/Groundplants 1_D 1269.mat using Guid(26f099a800aba304b98ad2a3b2a502cb) Importer(2089858483,b0f066a214c2f5e87bad3c948f4d605d) (ScriptedImporter) -> (artifact id: 'bd10fc487292729de410a3d43f383333') in 0.0499966 seconds
Number of updated asset objects reloaded before import = 0Number of asset objects unloaded after import = 1

========================================================================
Received Import Request.
  Time since last request: 0.000052 seconds.
  path: Assets/Grass And Flowers Pack 1/Ground Textures/Materials/Groundplants 1_D 1182.mat
  artifactKey: Guid(79b5df08186031f449fd15617d5ce0ef) Importer(2089858483,b0f066a214c2f5e87bad3c948f4d605d)
Start importing Assets/Grass And Flowers Pack 1/Ground Textures/Materials/Groundplants 1_D 1182.mat using Guid(79b5df08186031f449fd15617d5ce0ef) Importer(2089858483,b0f066a214c2f5e87bad3c948f4d605d) (ScriptedImporter) -> (artifact id: '977b03b3769a8b0f4be4894489f7a64a') in 0.139428 seconds
Number of updated asset objects reloaded before import = 0Number of asset objects unloaded after import = 1

========================================================================
Received Import Request.
  Time since last request: 0.000057 seconds.
  path: Assets/Grass And Flowers Pack 1/Ground Textures/Materials/Groundplants 1_D 1112.mat
  artifactKey: Guid(0d1a60d132fa06842903b3d188f3146a) Importer(2089858483,b0f066a214c2f5e87bad3c948f4d605d)
Start importing Assets/Grass And Flowers Pack 1/Ground Textures/Materials/Groundplants 1_D 1112.mat using Guid(0d1a60d132fa06842903b3d188f3146a) Importer(2089858483,b0f066a214c2f5e87bad3c948f4d605d) (ScriptedImporter) -> (artifact id: '1d72afe66d9ebf0d9e2f5eb46655dc15') in 0.1046981 seconds
Number of updated asset objects reloaded before import = 0Number of asset objects unloaded after import = 1

========================================================================
Received Import Request.
  Time since last request: 0.000050 seconds.
  path: Assets/Grass And Flowers Pack 1/Ground Textures/Materials/Groundplants 1_D 1068.mat
  artifactKey: Guid(0f503eab86791464198fde662280d9d1) Importer(2089858483,b0f066a214c2f5e87bad3c948f4d605d)
Start importing Assets/Grass And Flowers Pack 1/Ground Textures/Materials/Groundplants 1_D 1068.mat using Guid(0f503eab86791464198fde662280d9d1) Importer(2089858483,b0f066a214c2f5e87bad3c948f4d605d) (ScriptedImporter) -> (artifact id: '70033adec94a579ae538fdc0803ec42b') in 0.1417028 seconds
Number of updated asset objects reloaded before import = 0Number of asset objects unloaded after import = 1

========================================================================
Received Import Request.
  Time since last request: 0.000071 seconds.
  path: Assets/Grass And Flowers Pack 1/Ground Textures/Materials/Groundplants 1_D 1428.mat
  artifactKey: Guid(3e3c8ca5232ee1b4ba7963e1d5766df3) Importer(2089858483,b0f066a214c2f5e87bad3c948f4d605d)
Start importing Assets/Grass And Flowers Pack 1/Ground Textures/Materials/Groundplants 1_D 1428.mat using Guid(3e3c8ca5232ee1b4ba7963e1d5766df3) Importer(2089858483,b0f066a214c2f5e87bad3c948f4d605d) (ScriptedImporter) -> (artifact id: 'b973e0183fb23b52514fef9a1e3843ee') in 0.0459872 seconds
Number of updated asset objects reloaded before import = 0Number of asset objects unloaded after import = 1

========================================================================
Received Import Request.
  Time since last request: 0.000050 seconds.
  path: Assets/Grass And Flowers Pack 1/Ground Textures/Materials/Groundplants 1_D 1426.mat
  artifactKey: Guid(eaac24ec287114d4ca5970a9838ccc69) Importer(2089858483,b0f066a214c2f5e87bad3c948f4d605d)
Start importing Assets/Grass And Flowers Pack 1/Ground Textures/Materials/Groundplants 1_D 1426.mat using Guid(eaac24ec287114d4ca5970a9838ccc69) Importer(2089858483,b0f066a214c2f5e87bad3c948f4d605d) (ScriptedImporter) -> (artifact id: 'eee690654a4dd6a776fbe8092b5a26ce') in 0.1346936 seconds
Number of updated asset objects reloaded before import = 0Number of asset objects unloaded after import = 1

========================================================================
Received Import Request.
  Time since last request: 0.000073 seconds.
  path: Assets/Grass And Flowers Pack 1/Ground Textures/Materials/Groundplants 1_D 1279.mat
  artifactKey: Guid(0b826a6fa8f864b4e8b3abcb2329a303) Importer(2089858483,b0f066a214c2f5e87bad3c948f4d605d)
Start importing Assets/Grass And Flowers Pack 1/Ground Textures/Materials/Groundplants 1_D 1279.mat using Guid(0b826a6fa8f864b4e8b3abcb2329a303) Importer(2089858483,b0f066a214c2f5e87bad3c948f4d605d) (ScriptedImporter) -> (artifact id: 'a9a88689750531b2948bc3db7b348aaf') in 0.124182 seconds
Number of updated asset objects reloaded before import = 0Number of asset objects unloaded after import = 1

========================================================================
Received Import Request.
  Time since last request: 0.000035 seconds.
  path: Assets/Grass And Flowers Pack 1/Ground Textures/Materials/Groundplants 1_D 1059.mat
  artifactKey: Guid(1110d17d31f2079459743fcc873fa9b1) Importer(2089858483,b0f066a214c2f5e87bad3c948f4d605d)
Start importing Assets/Grass And Flowers Pack 1/Ground Textures/Materials/Groundplants 1_D 1059.mat using Guid(1110d17d31f2079459743fcc873fa9b1) Importer(2089858483,b0f066a214c2f5e87bad3c948f4d605d) (ScriptedImporter) -> (artifact id: '6457e526c1a6f9f5ed6746a5b7a049e8') in 0.0400831 seconds
Number of updated asset objects reloaded before import = 0Number of asset objects unloaded after import = 1

========================================================================
Received Import Request.
  Time since last request: 0.000087 seconds.
  path: Assets/Grass And Flowers Pack 1/Ground Textures/Materials/Groundplants 1_D 1124.mat
  artifactKey: Guid(cac047caee7161846bb57c177175133f) Importer(2089858483,b0f066a214c2f5e87bad3c948f4d605d)
Start importing Assets/Grass And Flowers Pack 1/Ground Textures/Materials/Groundplants 1_D 1124.mat using Guid(cac047caee7161846bb57c177175133f) Importer(2089858483,b0f066a214c2f5e87bad3c948f4d605d) (ScriptedImporter) -> (artifact id: '43baf4b5e16ab62c069489e621a1414f') in 0.1295154 seconds
Number of updated asset objects reloaded before import = 0Number of asset objects unloaded after import = 1

========================================================================
Received Import Request.
  Time since last request: 0.000047 seconds.
  path: Assets/Grass And Flowers Pack 1/Ground Textures/Materials/Groundplants 1_D 1333.mat
  artifactKey: Guid(9a3248f737045104c9cce9231690f51b) Importer(2089858483,b0f066a214c2f5e87bad3c948f4d605d)
Start importing Assets/Grass And Flowers Pack 1/Ground Textures/Materials/Groundplants 1_D 1333.mat using Guid(9a3248f737045104c9cce9231690f51b) Importer(2089858483,b0f066a214c2f5e87bad3c948f4d605d) (ScriptedImporter) -> (artifact id: '98a43182c7cb0d1558f352eaa8d973d6') in 0.2268141 seconds
Number of updated asset objects reloaded before import = 0Number of asset objects unloaded after import = 1

========================================================================
Received Import Request.
  Time since last request: 2.177408 seconds.
  path: Assets/Grass And Flowers Pack 1/Ground Textures/Materials/Groundplants 1_D 1489.mat
  artifactKey: Guid(300d57e19fb276645bb207c478cc5011) Importer(2089858483,b0f066a214c2f5e87bad3c948f4d605d)
Start importing Assets/Grass And Flowers Pack 1/Ground Textures/Materials/Groundplants 1_D 1489.mat using Guid(300d57e19fb276645bb207c478cc5011) Importer(2089858483,b0f066a214c2f5e87bad3c948f4d605d) (ScriptedImporter) -> (artifact id: '0999d94bd6c6d6a68966f789d196f059') in 0.0848028 seconds
Number of updated asset objects reloaded before import = 0Number of asset objects unloaded after import = 2

========================================================================
Received Import Request.
  Time since last request: 0.000064 seconds.
  path: Assets/Grass And Flowers Pack 1/Ground Textures/Materials/Groundplants 1_D 1539.mat
  artifactKey: Guid(958f873607dba8e43b7d0c9604f32a5e) Importer(2089858483,b0f066a214c2f5e87bad3c948f4d605d)
Start importing Assets/Grass And Flowers Pack 1/Ground Textures/Materials/Groundplants 1_D 1539.mat using Guid(958f873607dba8e43b7d0c9604f32a5e) Importer(2089858483,b0f066a214c2f5e87bad3c948f4d605d) (ScriptedImporter) -> (artifact id: '0f91ffe4f16f3a1cc20ce4a6bf09a9f9') in 0.0496903 seconds
Number of updated asset objects reloaded before import = 0Number of asset objects unloaded after import = 2

========================================================================
Received Import Request.
  Time since last request: 0.000097 seconds.
  path: Assets/Grass And Flowers Pack 1/Ground Textures/Materials/Groundplants 1_D 1565.mat
  artifactKey: Guid(b668413f684bb8042bee9125a00f3f79) Importer(2089858483,b0f066a214c2f5e87bad3c948f4d605d)
Start importing Assets/Grass And Flowers Pack 1/Ground Textures/Materials/Groundplants 1_D 1565.mat using Guid(b668413f684bb8042bee9125a00f3f79) Importer(2089858483,b0f066a214c2f5e87bad3c948f4d605d) (ScriptedImporter) -> (artifact id: '650a91259f1f50cd38e9b4c35187cf87') in 0.315857 seconds
Number of updated asset objects reloaded before import = 0Number of asset objects unloaded after import = 2

========================================================================
Received Import Request.
  Time since last request: 0.000046 seconds.
  path: Assets/Grass And Flowers Pack 1/Ground Textures/Materials/Groundplants 1_D 1552.mat
  artifactKey: Guid(cd8cf6c7e0f068345b769131a662f720) Importer(2089858483,b0f066a214c2f5e87bad3c948f4d605d)
Start importing Assets/Grass And Flowers Pack 1/Ground Textures/Materials/Groundplants 1_D 1552.mat using Guid(cd8cf6c7e0f068345b769131a662f720) Importer(2089858483,b0f066a214c2f5e87bad3c948f4d605d) (ScriptedImporter) -> (artifact id: '8365d4ea2f9caeabacb1692d5ef33618') in 0.0699835 seconds
Number of updated asset objects reloaded before import = 0Number of asset objects unloaded after import = 2

========================================================================
Received Import Request.
  Time since last request: 0.000096 seconds.
  path: Assets/Grass And Flowers Pack 1/Ground Textures/Materials/Groundplants 1_D 1602.mat
  artifactKey: Guid(16a624594572f2d44a56c1381e48bb4f) Importer(2089858483,b0f066a214c2f5e87bad3c948f4d605d)
Start importing Assets/Grass And Flowers Pack 1/Ground Textures/Materials/Groundplants 1_D 1602.mat using Guid(16a624594572f2d44a56c1381e48bb4f) Importer(2089858483,b0f066a214c2f5e87bad3c948f4d605d) (ScriptedImporter) -> (artifact id: '74c446c0f5c6f418f08bb11ad7b7c216') in 0.0920932 seconds
Number of updated asset objects reloaded before import = 0Number of asset objects unloaded after import = 2

========================================================================
Received Import Request.
  Time since last request: 0.000094 seconds.
  path: Assets/Grass And Flowers Pack 1/Ground Textures/Materials/Groundplants 1_D 1573.mat
  artifactKey: Guid(91784c0830522cc478dfa0db5e74dd27) Importer(2089858483,b0f066a214c2f5e87bad3c948f4d605d)
Start importing Assets/Grass And Flowers Pack 1/Ground Textures/Materials/Groundplants 1_D 1573.mat using Guid(91784c0830522cc478dfa0db5e74dd27) Importer(2089858483,b0f066a214c2f5e87bad3c948f4d605d) (ScriptedImporter) -> (artifact id: 'a07cf92a04ba0d4a7c660d289ca7ce8b') in 0.1967498 seconds
Number of updated asset objects reloaded before import = 0Number of asset objects unloaded after import = 2

========================================================================
Received Import Request.
  Time since last request: 0.000082 seconds.
  path: Assets/Grass And Flowers Pack 1/Ground Textures/Materials/Groundplants 1_D 1606.mat
  artifactKey: Guid(379436f6c406f7645af7412aa1c7d9f2) Importer(2089858483,b0f066a214c2f5e87bad3c948f4d605d)
Start importing Assets/Grass And Flowers Pack 1/Ground Textures/Materials/Groundplants 1_D 1606.mat using Guid(379436f6c406f7645af7412aa1c7d9f2) Importer(2089858483,b0f066a214c2f5e87bad3c948f4d605d) (ScriptedImporter) -> (artifact id: 'ae334c858319e046dbc9b1b3fdf936b9') in 0.1395558 seconds
Number of updated asset objects reloaded before import = 0Number of asset objects unloaded after import = 2

========================================================================
Received Import Request.
  Time since last request: 0.000051 seconds.
  path: Assets/Grass And Flowers Pack 1/Ground Textures/Materials/Groundplants 1_D 1615.mat
  artifactKey: Guid(5e719a14d4ca5e14f8708b72f77a0aaa) Importer(2089858483,b0f066a214c2f5e87bad3c948f4d605d)
Start importing Assets/Grass And Flowers Pack 1/Ground Textures/Materials/Groundplants 1_D 1615.mat using Guid(5e719a14d4ca5e14f8708b72f77a0aaa) Importer(2089858483,b0f066a214c2f5e87bad3c948f4d605d) (ScriptedImporter) -> (artifact id: '6d72a38bf82aa52523d959587ade9ed9') in 0.1206094 seconds
Number of updated asset objects reloaded before import = 0Number of asset objects unloaded after import = 2

========================================================================
Received Import Request.
  Time since last request: 0.000074 seconds.
  path: Assets/Grass And Flowers Pack 1/Ground Textures/Materials/Groundplants 1_D 1529.mat
  artifactKey: Guid(cd66874453e3f1343a3b8b21338a6e86) Importer(2089858483,b0f066a214c2f5e87bad3c948f4d605d)
Start importing Assets/Grass And Flowers Pack 1/Ground Textures/Materials/Groundplants 1_D 1529.mat using Guid(cd66874453e3f1343a3b8b21338a6e86) Importer(2089858483,b0f066a214c2f5e87bad3c948f4d605d) (ScriptedImporter) -> (artifact id: '8cbc216bb78277c08d8cb941a7f64d0d') in 0.0510965 seconds
Number of updated asset objects reloaded before import = 0Number of asset objects unloaded after import = 2

========================================================================
Received Import Request.
  Time since last request: 0.000056 seconds.
  path: Assets/Grass And Flowers Pack 1/Ground Textures/Materials/Groundplants 1_D 1622.mat
  artifactKey: Guid(9c0839f7ec1e27443a774b2d7ab5861c) Importer(2089858483,b0f066a214c2f5e87bad3c948f4d605d)
Start importing Assets/Grass And Flowers Pack 1/Ground Textures/Materials/Groundplants 1_D 1622.mat using Guid(9c0839f7ec1e27443a774b2d7ab5861c) Importer(2089858483,b0f066a214c2f5e87bad3c948f4d605d) (ScriptedImporter) -> (artifact id: '2adba0601cd41e711a6a0af3135ba505') in 0.1168171 seconds
Number of updated asset objects reloaded before import = 0Number of asset objects unloaded after import = 2

========================================================================
Received Import Request.
  Time since last request: 0.000071 seconds.
  path: Assets/Grass And Flowers Pack 1/Ground Textures/Materials/Groundplants 1_D 1527.mat
  artifactKey: Guid(85a1e2aaeb2ea644cb82fc58eb6d4508) Importer(2089858483,b0f066a214c2f5e87bad3c948f4d605d)
Start importing Assets/Grass And Flowers Pack 1/Ground Textures/Materials/Groundplants 1_D 1527.mat using Guid(85a1e2aaeb2ea644cb82fc58eb6d4508) Importer(2089858483,b0f066a214c2f5e87bad3c948f4d605d) (ScriptedImporter) -> (artifact id: 'ea5ddc27a5d068525560737f4de6f83b') in 0.1795883 seconds
Number of updated asset objects reloaded before import = 0Number of asset objects unloaded after import = 2

========================================================================
Received Import Request.
  Time since last request: 0.000043 seconds.
  path: Assets/Grass And Flowers Pack 1/Ground Textures/Materials/Groundplants 1_D 1636.mat
  artifactKey: Guid(d2a0e1ac3f27f104fa6ad5e339863c4b) Importer(2089858483,b0f066a214c2f5e87bad3c948f4d605d)
Start importing Assets/Grass And Flowers Pack 1/Ground Textures/Materials/Groundplants 1_D 1636.mat using Guid(d2a0e1ac3f27f104fa6ad5e339863c4b) Importer(2089858483,b0f066a214c2f5e87bad3c948f4d605d) (ScriptedImporter) -> (artifact id: 'b21a8fb8ac674f5f9c527a3a9925a3a4') in 0.0470312 seconds
Number of updated asset objects reloaded before import = 0Number of asset objects unloaded after import = 2

========================================================================
Received Import Request.
  Time since last request: 0.000062 seconds.
  path: Assets/Grass And Flowers Pack 1/Ground Textures/Materials/Groundplants 1_D 1635.mat
  artifactKey: Guid(489a1565d88d7a04b99e4554c3c9e672) Importer(2089858483,b0f066a214c2f5e87bad3c948f4d605d)
Start importing Assets/Grass And Flowers Pack 1/Ground Textures/Materials/Groundplants 1_D 1635.mat using Guid(489a1565d88d7a04b99e4554c3c9e672) Importer(2089858483,b0f066a214c2f5e87bad3c948f4d605d) (ScriptedImporter) -> (artifact id: 'ce88dfc071f40f99c49f6c79c938b269') in 0.0516515 seconds
Number of updated asset objects reloaded before import = 0Number of asset objects unloaded after import = 2

========================================================================
Received Import Request.
  Time since last request: 0.000059 seconds.
  path: Assets/Grass And Flowers Pack 1/Ground Textures/Materials/Groundplants 1_D 1641.mat
  artifactKey: Guid(08c7367547afe9e439d9481eb4728966) Importer(2089858483,b0f066a214c2f5e87bad3c948f4d605d)
Start importing Assets/Grass And Flowers Pack 1/Ground Textures/Materials/Groundplants 1_D 1641.mat using Guid(08c7367547afe9e439d9481eb4728966) Importer(2089858483,b0f066a214c2f5e87bad3c948f4d605d) (ScriptedImporter) -> (artifact id: '325af38fcee171aa85b3774b67ed5949') in 0.060465 seconds
Number of updated asset objects reloaded before import = 0Number of asset objects unloaded after import = 2

========================================================================
Received Import Request.
  Time since last request: 0.000082 seconds.
  path: Assets/Grass And Flowers Pack 1/Ground Textures/Materials/Groundplants 1_D 1634.mat
  artifactKey: Guid(fc65cd6e38e1f7d468443506d9faf986) Importer(2089858483,b0f066a214c2f5e87bad3c948f4d605d)
Start importing Assets/Grass And Flowers Pack 1/Ground Textures/Materials/Groundplants 1_D 1634.mat using Guid(fc65cd6e38e1f7d468443506d9faf986) Importer(2089858483,b0f066a214c2f5e87bad3c948f4d605d) (ScriptedImporter) -> (artifact id: '87192ed0e3f1fd9a38860e032cfe51c1') in 0.0585082 seconds
Number of updated asset objects reloaded before import = 0Number of asset objects unloaded after import = 2

========================================================================
Received Import Request.
  Time since last request: 0.000061 seconds.
  path: Assets/Grass And Flowers Pack 1/Ground Textures/Materials/Groundplants 1_D 1655.mat
  artifactKey: Guid(b113542ecfa599248b2dd4fa9ac48e5f) Importer(2089858483,b0f066a214c2f5e87bad3c948f4d605d)
Start importing Assets/Grass And Flowers Pack 1/Ground Textures/Materials/Groundplants 1_D 1655.mat using Guid(b113542ecfa599248b2dd4fa9ac48e5f) Importer(2089858483,b0f066a214c2f5e87bad3c948f4d605d) (ScriptedImporter) -> (artifact id: '1af19c0dcfee205b590dfd5678b4a6b2') in 0.0478818 seconds
Number of updated asset objects reloaded before import = 0Number of asset objects unloaded after import = 2

========================================================================
Received Import Request.
  Time since last request: 0.000086 seconds.
  path: Assets/Grass And Flowers Pack 1/Ground Textures/Materials/Groundplants 1_D 1505.mat
  artifactKey: Guid(b9e972a2adcf7be4aababc7fd9e84671) Importer(2089858483,b0f066a214c2f5e87bad3c948f4d605d)
Start importing Assets/Grass And Flowers Pack 1/Ground Textures/Materials/Groundplants 1_D 1505.mat using Guid(b9e972a2adcf7be4aababc7fd9e84671) Importer(2089858483,b0f066a214c2f5e87bad3c948f4d605d) (ScriptedImporter) -> (artifact id: '1e69bac2eab1091dd17b8465e455ea1d') in 0.0561803 seconds
Number of updated asset objects reloaded before import = 0Number of asset objects unloaded after import = 2

========================================================================
Received Import Request.
  Time since last request: 0.000054 seconds.
  path: Assets/Grass And Flowers Pack 1/Ground Textures/Materials/Groundplants 1_D 1567.mat
  artifactKey: Guid(5e659fb0ad588f24a899ec3f3e57d7b6) Importer(2089858483,b0f066a214c2f5e87bad3c948f4d605d)
Start importing Assets/Grass And Flowers Pack 1/Ground Textures/Materials/Groundplants 1_D 1567.mat using Guid(5e659fb0ad588f24a899ec3f3e57d7b6) Importer(2089858483,b0f066a214c2f5e87bad3c948f4d605d) (ScriptedImporter) -> (artifact id: '1d34b86e6c855584df7c46b84a2e48fe') in 0.0366692 seconds
Number of updated asset objects reloaded before import = 0Number of asset objects unloaded after import = 2

========================================================================
Received Import Request.
  Time since last request: 0.000078 seconds.
  path: Assets/Grass And Flowers Pack 1/Ground Textures/Materials/Groundplants 1_D 1670.mat
  artifactKey: Guid(ac44228cf52f78a4f9b2c1fe9b3e1df8) Importer(2089858483,b0f066a214c2f5e87bad3c948f4d605d)
Start importing Assets/Grass And Flowers Pack 1/Ground Textures/Materials/Groundplants 1_D 1670.mat using Guid(ac44228cf52f78a4f9b2c1fe9b3e1df8) Importer(2089858483,b0f066a214c2f5e87bad3c948f4d605d) (ScriptedImporter) -> (artifact id: '22dd406576c6f0954b6af4f751be24e5') in 0.0404251 seconds
Number of updated asset objects reloaded before import = 0Number of asset objects unloaded after import = 2

========================================================================
Received Import Request.
  Time since last request: 0.000051 seconds.
  path: Assets/Grass And Flowers Pack 1/Ground Textures/Materials/Groundplants 1_D 1668.mat
  artifactKey: Guid(4afafb89b98df5f48a87dab055429ab2) Importer(2089858483,b0f066a214c2f5e87bad3c948f4d605d)
Start importing Assets/Grass And Flowers Pack 1/Ground Textures/Materials/Groundplants 1_D 1668.mat using Guid(4afafb89b98df5f48a87dab055429ab2) Importer(2089858483,b0f066a214c2f5e87bad3c948f4d605d) (ScriptedImporter) -> (artifact id: '6f81b9939e8aa232c0f2ba026e1f61c2') in 0.0407534 seconds
Number of updated asset objects reloaded before import = 0Number of asset objects unloaded after import = 2

========================================================================
Received Import Request.
  Time since last request: 0.000075 seconds.
  path: Assets/Grass And Flowers Pack 1/Ground Textures/Materials/Groundplants 1_D 1678.mat
  artifactKey: Guid(57250c1a429351e47b1ab33e2e9b04b0) Importer(2089858483,b0f066a214c2f5e87bad3c948f4d605d)
Start importing Assets/Grass And Flowers Pack 1/Ground Textures/Materials/Groundplants 1_D 1678.mat using Guid(57250c1a429351e47b1ab33e2e9b04b0) Importer(2089858483,b0f066a214c2f5e87bad3c948f4d605d) (ScriptedImporter) -> (artifact id: '0ebdbc339a4ab23c49bc80dfa90b6d81') in 0.041224 seconds
Number of updated asset objects reloaded before import = 0Number of asset objects unloaded after import = 2

========================================================================
Received Import Request.
  Time since last request: 0.000059 seconds.
  path: Assets/Grass And Flowers Pack 1/Ground Textures/Materials/Groundplants 1_D 1660.mat
  artifactKey: Guid(f4e62980f22ceb046a9843f5b439d217) Importer(2089858483,b0f066a214c2f5e87bad3c948f4d605d)
Start importing Assets/Grass And Flowers Pack 1/Ground Textures/Materials/Groundplants 1_D 1660.mat using Guid(f4e62980f22ceb046a9843f5b439d217) Importer(2089858483,b0f066a214c2f5e87bad3c948f4d605d) (ScriptedImporter) -> (artifact id: '3b690d28336112c062d42bc29b9d5f11') in 0.0402953 seconds
Number of updated asset objects reloaded before import = 0Number of asset objects unloaded after import = 2

========================================================================
Received Import Request.
  Time since last request: 0.000106 seconds.
  path: Assets/Grass And Flowers Pack 1/Ground Textures/Materials/Groundplants 1_D 1694.mat
  artifactKey: Guid(480247aeda4b4ef42bac2e9c4c7db7ea) Importer(2089858483,b0f066a214c2f5e87bad3c948f4d605d)
Start importing Assets/Grass And Flowers Pack 1/Ground Textures/Materials/Groundplants 1_D 1694.mat using Guid(480247aeda4b4ef42bac2e9c4c7db7ea) Importer(2089858483,b0f066a214c2f5e87bad3c948f4d605d) (ScriptedImporter) -> (artifact id: '0cb6bae5186ad438f431d07c9a124229') in 0.0371394 seconds
Number of updated asset objects reloaded before import = 0Number of asset objects unloaded after import = 2

========================================================================
Received Import Request.
  Time since last request: 0.000091 seconds.
  path: Assets/Grass And Flowers Pack 1/Ground Textures/Materials/Groundplants 1_D 1513.mat
  artifactKey: Guid(ae2c9eb6141aa06489a2f87f774cf386) Importer(2089858483,b0f066a214c2f5e87bad3c948f4d605d)
Start importing Assets/Grass And Flowers Pack 1/Ground Textures/Materials/Groundplants 1_D 1513.mat using Guid(ae2c9eb6141aa06489a2f87f774cf386) Importer(2089858483,b0f066a214c2f5e87bad3c948f4d605d) (ScriptedImporter) -> (artifact id: '1ec1a5722207e3698d255fa77ffab7ca') in 0.0440287 seconds
Number of updated asset objects reloaded before import = 0Number of asset objects unloaded after import = 2

========================================================================
Received Import Request.
  Time since last request: 0.000078 seconds.
  path: Assets/Grass And Flowers Pack 1/Ground Textures/Materials/Groundplants 1_D 1538.mat
  artifactKey: Guid(a561b350aeb198b4b8516379cb2add8b) Importer(2089858483,b0f066a214c2f5e87bad3c948f4d605d)
Start importing Assets/Grass And Flowers Pack 1/Ground Textures/Materials/Groundplants 1_D 1538.mat using Guid(a561b350aeb198b4b8516379cb2add8b) Importer(2089858483,b0f066a214c2f5e87bad3c948f4d605d) (ScriptedImporter) -> (artifact id: '0c8c083a784f7bcf524353d70b6e6100') in 0.0424784 seconds
Number of updated asset objects reloaded before import = 0Number of asset objects unloaded after import = 2

========================================================================
Received Import Request.
  Time since last request: 0.000067 seconds.
  path: Assets/Grass And Flowers Pack 1/Ground Textures/Materials/Groundplants 1_D 1702.mat
  artifactKey: Guid(cea0d4d0254474d40854e22cfefda29c) Importer(2089858483,b0f066a214c2f5e87bad3c948f4d605d)
Start importing Assets/Grass And Flowers Pack 1/Ground Textures/Materials/Groundplants 1_D 1702.mat using Guid(cea0d4d0254474d40854e22cfefda29c) Importer(2089858483,b0f066a214c2f5e87bad3c948f4d605d) (ScriptedImporter) -> (artifact id: 'b1b72ef5a6db9509857689b3b2d5d527') in 0.0360506 seconds
Number of updated asset objects reloaded before import = 0Number of asset objects unloaded after import = 2

========================================================================
Received Import Request.
  Time since last request: 0.000065 seconds.
  path: Assets/Grass And Flowers Pack 1/Ground Textures/Materials/Groundplants 1_D 1704.mat
  artifactKey: Guid(4577e9e3bc8444b4d8f50f6929d63626) Importer(2089858483,b0f066a214c2f5e87bad3c948f4d605d)
Start importing Assets/Grass And Flowers Pack 1/Ground Textures/Materials/Groundplants 1_D 1704.mat using Guid(4577e9e3bc8444b4d8f50f6929d63626) Importer(2089858483,b0f066a214c2f5e87bad3c948f4d605d) (ScriptedImporter) -> (artifact id: '3c862c27ea2eb441cc81723cd35d7349') in 0.0460972 seconds
Number of updated asset objects reloaded before import = 0Number of asset objects unloaded after import = 2

========================================================================
Received Import Request.
  Time since last request: 0.000073 seconds.
  path: Assets/Grass And Flowers Pack 1/Ground Textures/Materials/Groundplants 1_D 1715.mat
  artifactKey: Guid(e7fa0f54f70db164394e7ad602f138ad) Importer(2089858483,b0f066a214c2f5e87bad3c948f4d605d)
Start importing Assets/Grass And Flowers Pack 1/Ground Textures/Materials/Groundplants 1_D 1715.mat using Guid(e7fa0f54f70db164394e7ad602f138ad) Importer(2089858483,b0f066a214c2f5e87bad3c948f4d605d) (ScriptedImporter) -> (artifact id: '8e16b5e2b699923b95d1e9dd52e0b0ff') in 0.0433002 seconds
Number of updated asset objects reloaded before import = 0Number of asset objects unloaded after import = 2

========================================================================
Received Import Request.
  Time since last request: 0.000052 seconds.
  path: Assets/Grass And Flowers Pack 1/Ground Textures/Materials/Groundplants 1_D 1516.mat
  artifactKey: Guid(bebe3ccf0172bed4b862881bb7c11be1) Importer(2089858483,b0f066a214c2f5e87bad3c948f4d605d)
Start importing Assets/Grass And Flowers Pack 1/Ground Textures/Materials/Groundplants 1_D 1516.mat using Guid(bebe3ccf0172bed4b862881bb7c11be1) Importer(2089858483,b0f066a214c2f5e87bad3c948f4d605d) (ScriptedImporter) -> (artifact id: '718b8fac22e67424e1c9b95c54346dea') in 0.0416108 seconds
Number of updated asset objects reloaded before import = 0Number of asset objects unloaded after import = 2

========================================================================
Received Import Request.
  Time since last request: 0.000076 seconds.
  path: Assets/Grass And Flowers Pack 1/Ground Textures/Materials/Groundplants 1_D 1605.mat
  artifactKey: Guid(7c3fb13f2c28fe945b0445ba2bbaadaa) Importer(2089858483,b0f066a214c2f5e87bad3c948f4d605d)
Start importing Assets/Grass And Flowers Pack 1/Ground Textures/Materials/Groundplants 1_D 1605.mat using Guid(7c3fb13f2c28fe945b0445ba2bbaadaa) Importer(2089858483,b0f066a214c2f5e87bad3c948f4d605d) (ScriptedImporter) -> (artifact id: '5030ea2f13f55140251d9aa2d98104e8') in 0.0410731 seconds
Number of updated asset objects reloaded before import = 0Number of asset objects unloaded after import = 2

========================================================================
Received Import Request.
  Time since last request: 0.000038 seconds.
  path: Assets/Grass And Flowers Pack 1/Ground Textures/Materials/Groundplants 1_D 1732.mat
  artifactKey: Guid(a99c40ad3f93ef64ba946d6b480dec5b) Importer(2089858483,b0f066a214c2f5e87bad3c948f4d605d)
Start importing Assets/Grass And Flowers Pack 1/Ground Textures/Materials/Groundplants 1_D 1732.mat using Guid(a99c40ad3f93ef64ba946d6b480dec5b) Importer(2089858483,b0f066a214c2f5e87bad3c948f4d605d) (ScriptedImporter) -> (artifact id: '5a477336a73d24a807a9f66c151b32c8') in 0.1014463 seconds
Number of updated asset objects reloaded before import = 0Number of asset objects unloaded after import = 2

========================================================================
Received Import Request.
  Time since last request: 0.000057 seconds.
  path: Assets/Grass And Flowers Pack 1/Ground Textures/Materials/Groundplants 1_D 1585.mat
  artifactKey: Guid(c83eccf3ff7fd524d9358884a7beb943) Importer(2089858483,b0f066a214c2f5e87bad3c948f4d605d)
Start importing Assets/Grass And Flowers Pack 1/Ground Textures/Materials/Groundplants 1_D 1585.mat using Guid(c83eccf3ff7fd524d9358884a7beb943) Importer(2089858483,b0f066a214c2f5e87bad3c948f4d605d) (ScriptedImporter) -> (artifact id: '445191d50c9377b46d672e55a2378317') in 0.0485238 seconds
Number of updated asset objects reloaded before import = 0Number of asset objects unloaded after import = 2

========================================================================
Received Import Request.
  Time since last request: 0.000067 seconds.
  path: Assets/Grass And Flowers Pack 1/Ground Textures/Materials/Groundplants 1_D 1742.mat
  artifactKey: Guid(9a772b26592484e458938d2be91ba665) Importer(2089858483,b0f066a214c2f5e87bad3c948f4d605d)
Start importing Assets/Grass And Flowers Pack 1/Ground Textures/Materials/Groundplants 1_D 1742.mat using Guid(9a772b26592484e458938d2be91ba665) Importer(2089858483,b0f066a214c2f5e87bad3c948f4d605d) (ScriptedImporter) -> (artifact id: '5e972483a1ad9cfc7e4ecccd6e5ef2dc') in 0.0460012 seconds
Number of updated asset objects reloaded before import = 0Number of asset objects unloaded after import = 2

========================================================================
Received Import Request.
  Time since last request: 0.000048 seconds.
  path: Assets/Grass And Flowers Pack 1/Ground Textures/Materials/Groundplants 1_D 1720.mat
  artifactKey: Guid(f1f09dfc13bebeb48ab181f347a57e4a) Importer(2089858483,b0f066a214c2f5e87bad3c948f4d605d)
Start importing Assets/Grass And Flowers Pack 1/Ground Textures/Materials/Groundplants 1_D 1720.mat using Guid(f1f09dfc13bebeb48ab181f347a57e4a) Importer(2089858483,b0f066a214c2f5e87bad3c948f4d605d) (ScriptedImporter) -> (artifact id: 'd782979af10b8d0db8bde9bab0cd9aae') in 0.0483574 seconds
Number of updated asset objects reloaded before import = 0Number of asset objects unloaded after import = 2

========================================================================
Received Import Request.
  Time since last request: 0.000132 seconds.
  path: Assets/Grass And Flowers Pack 1/Ground Textures/Materials/Groundplants 1_D 1627.mat
  artifactKey: Guid(4caee210837eb1345b08fb6c1a19ec86) Importer(2089858483,b0f066a214c2f5e87bad3c948f4d605d)
Start importing Assets/Grass And Flowers Pack 1/Ground Textures/Materials/Groundplants 1_D 1627.mat using Guid(4caee210837eb1345b08fb6c1a19ec86) Importer(2089858483,b0f066a214c2f5e87bad3c948f4d605d) (ScriptedImporter) -> (artifact id: '8861ef38a6f697125b9cc5122ab41cb7') in 0.0436974 seconds
Number of updated asset objects reloaded before import = 0Number of asset objects unloaded after import = 2

========================================================================
Received Import Request.
  Time since last request: 0.000046 seconds.
  path: Assets/Grass And Flowers Pack 1/Ground Textures/Materials/Groundplants 1_D 1754.mat
  artifactKey: Guid(80f86f379fc6a964aa0e0122f0c67cd3) Importer(2089858483,b0f066a214c2f5e87bad3c948f4d605d)
Start importing Assets/Grass And Flowers Pack 1/Ground Textures/Materials/Groundplants 1_D 1754.mat using Guid(80f86f379fc6a964aa0e0122f0c67cd3) Importer(2089858483,b0f066a214c2f5e87bad3c948f4d605d) (ScriptedImporter) -> (artifact id: '7ea6f5978527fdf464a1b80532381c73') in 0.0494141 seconds
Number of updated asset objects reloaded before import = 0Number of asset objects unloaded after import = 2

========================================================================
Received Import Request.
  Time since last request: 0.000075 seconds.
  path: Assets/Grass And Flowers Pack 1/Ground Textures/Materials/Groundplants 1_D 1750.mat
  artifactKey: Guid(45ad907c0eb55134ba83fc5b30bbd9f8) Importer(2089858483,b0f066a214c2f5e87bad3c948f4d605d)
Start importing Assets/Grass And Flowers Pack 1/Ground Textures/Materials/Groundplants 1_D 1750.mat using Guid(45ad907c0eb55134ba83fc5b30bbd9f8) Importer(2089858483,b0f066a214c2f5e87bad3c948f4d605d) (ScriptedImporter) -> (artifact id: '3e124ebed9c67b0305cf7d809d3ee55a') in 0.0576294 seconds
Number of updated asset objects reloaded before import = 0Number of asset objects unloaded after import = 2

========================================================================
Received Import Request.
  Time since last request: 0.000076 seconds.
  path: Assets/Grass And Flowers Pack 1/Ground Textures/Materials/Groundplants 1_D 1758.mat
  artifactKey: Guid(376a0da046b2bc7438c1db4752c98f5b) Importer(2089858483,b0f066a214c2f5e87bad3c948f4d605d)
Start importing Assets/Grass And Flowers Pack 1/Ground Textures/Materials/Groundplants 1_D 1758.mat using Guid(376a0da046b2bc7438c1db4752c98f5b) Importer(2089858483,b0f066a214c2f5e87bad3c948f4d605d) (ScriptedImporter) -> (artifact id: '27d9b5b7bd9005f142806c269d45dbd6') in 0.0451055 seconds
Number of updated asset objects reloaded before import = 0Number of asset objects unloaded after import = 2

========================================================================
Received Import Request.
  Time since last request: 0.000085 seconds.
  path: Assets/Grass And Flowers Pack 1/Ground Textures/Materials/Groundplants 1_D 1546.mat
  artifactKey: Guid(c31c206a752085143a82cec7fa8bd063) Importer(2089858483,b0f066a214c2f5e87bad3c948f4d605d)
Start importing Assets/Grass And Flowers Pack 1/Ground Textures/Materials/Groundplants 1_D 1546.mat using Guid(c31c206a752085143a82cec7fa8bd063) Importer(2089858483,b0f066a214c2f5e87bad3c948f4d605d) (ScriptedImporter) -> (artifact id: 'b287714fb3313d6667b2734a360c4ee7') in 0.0519744 seconds
Number of updated asset objects reloaded before import = 0Number of asset objects unloaded after import = 2

========================================================================
Received Import Request.
  Time since last request: 0.000058 seconds.
  path: Assets/Grass And Flowers Pack 1/Ground Textures/Materials/Groundplants 1_D 1717.mat
  artifactKey: Guid(0fe0ecd57e96ee6488c15f2b4963eb59) Importer(2089858483,b0f066a214c2f5e87bad3c948f4d605d)
Start importing Assets/Grass And Flowers Pack 1/Ground Textures/Materials/Groundplants 1_D 1717.mat using Guid(0fe0ecd57e96ee6488c15f2b4963eb59) Importer(2089858483,b0f066a214c2f5e87bad3c948f4d605d) (ScriptedImporter) -> (artifact id: '1db2104482209d47afcc299f47ee7b0c') in 0.0445105 seconds
Number of updated asset objects reloaded before import = 0Number of asset objects unloaded after import = 2

========================================================================
Received Import Request.
  Time since last request: 0.000071 seconds.
  path: Assets/Grass And Flowers Pack 1/Ground Textures/Materials/Groundplants 1_D 1773.mat
  artifactKey: Guid(5a014fe3031d6cd499d36b6869c6eb01) Importer(2089858483,b0f066a214c2f5e87bad3c948f4d605d)
Start importing Assets/Grass And Flowers Pack 1/Ground Textures/Materials/Groundplants 1_D 1773.mat using Guid(5a014fe3031d6cd499d36b6869c6eb01) Importer(2089858483,b0f066a214c2f5e87bad3c948f4d605d) (ScriptedImporter) -> (artifact id: '7c6b4836b8485491178cefc2546351af') in 0.130177 seconds
Number of updated asset objects reloaded before import = 0Number of asset objects unloaded after import = 2

========================================================================
Received Import Request.
  Time since last request: 0.000040 seconds.
  path: Assets/Grass And Flowers Pack 1/Ground Textures/Materials/Groundplants 1_D 1770.mat
  artifactKey: Guid(a1dc4b9fcf231d04381e365c3278deb2) Importer(2089858483,b0f066a214c2f5e87bad3c948f4d605d)
Start importing Assets/Grass And Flowers Pack 1/Ground Textures/Materials/Groundplants 1_D 1770.mat using Guid(a1dc4b9fcf231d04381e365c3278deb2) Importer(2089858483,b0f066a214c2f5e87bad3c948f4d605d) (ScriptedImporter) -> (artifact id: '971f588426cd25d318d770f59c3efa92') in 0.2017141 seconds
Number of updated asset objects reloaded before import = 0Number of asset objects unloaded after import = 2

========================================================================
Received Import Request.
  Time since last request: 0.000104 seconds.
  path: Assets/Grass And Flowers Pack 1/Ground Textures/Materials/Groundplants 1_D 1786.mat
  artifactKey: Guid(fd42e1c3d14437e429d5daeca7fd0fac) Importer(2089858483,b0f066a214c2f5e87bad3c948f4d605d)
Start importing Assets/Grass And Flowers Pack 1/Ground Textures/Materials/Groundplants 1_D 1786.mat using Guid(fd42e1c3d14437e429d5daeca7fd0fac) Importer(2089858483,b0f066a214c2f5e87bad3c948f4d605d) (ScriptedImporter) -> (artifact id: '7a14794b04b003d92df483f8644515a5') in 0.0470456 seconds
Number of updated asset objects reloaded before import = 0Number of asset objects unloaded after import = 2

========================================================================
Received Import Request.
  Time since last request: 0.000044 seconds.
  path: Assets/Grass And Flowers Pack 1/Ground Textures/Materials/Groundplants 1_D 1797.mat
  artifactKey: Guid(6a83e3114d39fbf428ba77178b32b7ee) Importer(2089858483,b0f066a214c2f5e87bad3c948f4d605d)
Start importing Assets/Grass And Flowers Pack 1/Ground Textures/Materials/Groundplants 1_D 1797.mat using Guid(6a83e3114d39fbf428ba77178b32b7ee) Importer(2089858483,b0f066a214c2f5e87bad3c948f4d605d) (ScriptedImporter) -> (artifact id: '2e7da08f259f132481dade5f53a98979') in 0.0368316 seconds
Number of updated asset objects reloaded before import = 0Number of asset objects unloaded after import = 2

========================================================================
Received Import Request.
  Time since last request: 0.000078 seconds.
  path: Assets/Grass And Flowers Pack 1/Ground Textures/Materials/Groundplants 1_D 1795.mat
  artifactKey: Guid(eeb4b4f654c934b41918c33a022d10fc) Importer(2089858483,b0f066a214c2f5e87bad3c948f4d605d)
Start importing Assets/Grass And Flowers Pack 1/Ground Textures/Materials/Groundplants 1_D 1795.mat using Guid(eeb4b4f654c934b41918c33a022d10fc) Importer(2089858483,b0f066a214c2f5e87bad3c948f4d605d) (ScriptedImporter) -> (artifact id: 'b7cb9bf597f73a999ece7ee32cd54465') in 0.0395363 seconds
Number of updated asset objects reloaded before import = 0Number of asset objects unloaded after import = 2

========================================================================
Received Import Request.
  Time since last request: 0.000039 seconds.
  path: Assets/Grass And Flowers Pack 1/Ground Textures/Materials/Groundplants 1_D 1707.mat
  artifactKey: Guid(947eee85d4b15ee44b8da557550e42e3) Importer(2089858483,b0f066a214c2f5e87bad3c948f4d605d)
Start importing Assets/Grass And Flowers Pack 1/Ground Textures/Materials/Groundplants 1_D 1707.mat using Guid(947eee85d4b15ee44b8da557550e42e3) Importer(2089858483,b0f066a214c2f5e87bad3c948f4d605d) (ScriptedImporter) -> (artifact id: '6e262eb29181770b3da5f349c1815ba5') in 0.0427441 seconds
Number of updated asset objects reloaded before import = 0Number of asset objects unloaded after import = 2

========================================================================
Received Import Request.
  Time since last request: 0.000050 seconds.
  path: Assets/Grass And Flowers Pack 1/Ground Textures/Materials/Groundplants 1_D 1810.mat
  artifactKey: Guid(5b3194f399ccd7b40ad24d2b45cbef6b) Importer(2089858483,b0f066a214c2f5e87bad3c948f4d605d)
Start importing Assets/Grass And Flowers Pack 1/Ground Textures/Materials/Groundplants 1_D 1810.mat using Guid(5b3194f399ccd7b40ad24d2b45cbef6b) Importer(2089858483,b0f066a214c2f5e87bad3c948f4d605d) (ScriptedImporter) -> (artifact id: 'fff80c93abfcfcc24cfd73588048802a') in 0.0408347 seconds
Number of updated asset objects reloaded before import = 0Number of asset objects unloaded after import = 2

========================================================================
Received Import Request.
  Time since last request: 0.000081 seconds.
  path: Assets/Grass And Flowers Pack 1/Ground Textures/Materials/Groundplants 1_D 1812.mat
  artifactKey: Guid(442c69269f5c17444bea4c307d736f02) Importer(2089858483,b0f066a214c2f5e87bad3c948f4d605d)
Start importing Assets/Grass And Flowers Pack 1/Ground Textures/Materials/Groundplants 1_D 1812.mat using Guid(442c69269f5c17444bea4c307d736f02) Importer(2089858483,b0f066a214c2f5e87bad3c948f4d605d) (ScriptedImporter) -> (artifact id: '3ce905f3972ec627b5344d0e4632b9da') in 0.0397515 seconds
Number of updated asset objects reloaded before import = 0Number of asset objects unloaded after import = 2

========================================================================
Received Import Request.
  Time since last request: 0.000061 seconds.
  path: Assets/Grass And Flowers Pack 1/Ground Textures/Materials/Groundplants 1_D 1814.mat
  artifactKey: Guid(6a697784b0d3d0742a263a1a78216e90) Importer(2089858483,b0f066a214c2f5e87bad3c948f4d605d)
Start importing Assets/Grass And Flowers Pack 1/Ground Textures/Materials/Groundplants 1_D 1814.mat using Guid(6a697784b0d3d0742a263a1a78216e90) Importer(2089858483,b0f066a214c2f5e87bad3c948f4d605d) (ScriptedImporter) -> (artifact id: '3a6e3ef04cb0427a8b19ef755c50775a') in 0.035901 seconds
Number of updated asset objects reloaded before import = 0Number of asset objects unloaded after import = 2

========================================================================
Received Import Request.
  Time since last request: 0.000052 seconds.
  path: Assets/Grass And Flowers Pack 1/Ground Textures/Materials/Groundplants 1_D 1817.mat
  artifactKey: Guid(9466e00ed223b3047a1d80d38553130d) Importer(2089858483,b0f066a214c2f5e87bad3c948f4d605d)
Start importing Assets/Grass And Flowers Pack 1/Ground Textures/Materials/Groundplants 1_D 1817.mat using Guid(9466e00ed223b3047a1d80d38553130d) Importer(2089858483,b0f066a214c2f5e87bad3c948f4d605d) (ScriptedImporter) -> (artifact id: '20395ef322bd568c83b2180e658d6994') in 0.0539919 seconds
Number of updated asset objects reloaded before import = 0Number of asset objects unloaded after import = 2

========================================================================
Received Import Request.
  Time since last request: 0.000080 seconds.
  path: Assets/Grass And Flowers Pack 1/Ground Textures/Materials/Groundplants 1_D 1709.mat
  artifactKey: Guid(bbe69cfc6bc9d814fa755f3278a304b2) Importer(2089858483,b0f066a214c2f5e87bad3c948f4d605d)
Start importing Assets/Grass And Flowers Pack 1/Ground Textures/Materials/Groundplants 1_D 1709.mat using Guid(bbe69cfc6bc9d814fa755f3278a304b2) Importer(2089858483,b0f066a214c2f5e87bad3c948f4d605d) (ScriptedImporter) -> (artifact id: '0e4d7eaf5c0755372da71305c9d00439') in 0.0401919 seconds
Number of updated asset objects reloaded before import = 0Number of asset objects unloaded after import = 2

========================================================================
Received Import Request.
  Time since last request: 0.000050 seconds.
  path: Assets/Grass And Flowers Pack 1/Ground Textures/Materials/Groundplants 1_D 1826.mat
  artifactKey: Guid(45ea2ab93b93ec841aec904b2dd19f7e) Importer(2089858483,b0f066a214c2f5e87bad3c948f4d605d)
Start importing Assets/Grass And Flowers Pack 1/Ground Textures/Materials/Groundplants 1_D 1826.mat using Guid(45ea2ab93b93ec841aec904b2dd19f7e) Importer(2089858483,b0f066a214c2f5e87bad3c948f4d605d) (ScriptedImporter) -> (artifact id: '8007f991d17cc961dc8ae8d2a3fff97d') in 0.0473405 seconds
Number of updated asset objects reloaded before import = 0Number of asset objects unloaded after import = 2

========================================================================
Received Import Request.
  Time since last request: 0.000093 seconds.
  path: Assets/Grass And Flowers Pack 1/Ground Textures/Materials/Groundplants 1_D 1828.mat
  artifactKey: Guid(a8a320cad65216c4f991dbe49620b580) Importer(2089858483,b0f066a214c2f5e87bad3c948f4d605d)
Start importing Assets/Grass And Flowers Pack 1/Ground Textures/Materials/Groundplants 1_D 1828.mat using Guid(a8a320cad65216c4f991dbe49620b580) Importer(2089858483,b0f066a214c2f5e87bad3c948f4d605d) (ScriptedImporter) -> (artifact id: '4bcb0ac743dc1ac1ef0ac36a45fba182') in 0.040782 seconds
Number of updated asset objects reloaded before import = 0Number of asset objects unloaded after import = 2

========================================================================
Received Import Request.
  Time since last request: 0.000045 seconds.
  path: Assets/Grass And Flowers Pack 1/Ground Textures/Materials/Groundplants 1_D 1841.mat
  artifactKey: Guid(37c7c3ca60eb7cf4983aabc1db0a4793) Importer(2089858483,b0f066a214c2f5e87bad3c948f4d605d)
Start importing Assets/Grass And Flowers Pack 1/Ground Textures/Materials/Groundplants 1_D 1841.mat using Guid(37c7c3ca60eb7cf4983aabc1db0a4793) Importer(2089858483,b0f066a214c2f5e87bad3c948f4d605d) (ScriptedImporter) -> (artifact id: 'b278b32a17f897e655a6a03d442161fa') in 0.0497456 seconds
Number of updated asset objects reloaded before import = 0Number of asset objects unloaded after import = 2

========================================================================
Received Import Request.
  Time since last request: 0.000066 seconds.
  path: Assets/Grass And Flowers Pack 1/Ground Textures/Materials/Groundplants 1_D 1703.mat
  artifactKey: Guid(b47a43edb0dae2a44b83531da9e03655) Importer(2089858483,b0f066a214c2f5e87bad3c948f4d605d)
Start importing Assets/Grass And Flowers Pack 1/Ground Textures/Materials/Groundplants 1_D 1703.mat using Guid(b47a43edb0dae2a44b83531da9e03655) Importer(2089858483,b0f066a214c2f5e87bad3c948f4d605d) (ScriptedImporter) -> (artifact id: '7c1ba3205e61174fb1eccb12ee5af41b') in 0.0414689 seconds
Number of updated asset objects reloaded before import = 0Number of asset objects unloaded after import = 2

========================================================================
Received Import Request.
  Time since last request: 0.000069 seconds.
  path: Assets/Grass And Flowers Pack 1/Ground Textures/Materials/Groundplants 1_D 1853.mat
  artifactKey: Guid(e5d36d379f559c74a850cefd9e4c6071) Importer(2089858483,b0f066a214c2f5e87bad3c948f4d605d)
Start importing Assets/Grass And Flowers Pack 1/Ground Textures/Materials/Groundplants 1_D 1853.mat using Guid(e5d36d379f559c74a850cefd9e4c6071) Importer(2089858483,b0f066a214c2f5e87bad3c948f4d605d) (ScriptedImporter) -> (artifact id: '927c39087451edfff57945195abee1f1') in 0.0352641 seconds
Number of updated asset objects reloaded before import = 0Number of asset objects unloaded after import = 2

========================================================================
Received Import Request.
  Time since last request: 0.000101 seconds.
  path: Assets/Grass And Flowers Pack 1/Ground Textures/Materials/Groundplants 1_D 1854.mat
  artifactKey: Guid(daef92ebc2693434d906f5151d31a9f9) Importer(2089858483,b0f066a214c2f5e87bad3c948f4d605d)
Start importing Assets/Grass And Flowers Pack 1/Ground Textures/Materials/Groundplants 1_D 1854.mat using Guid(daef92ebc2693434d906f5151d31a9f9) Importer(2089858483,b0f066a214c2f5e87bad3c948f4d605d) (ScriptedImporter) -> (artifact id: '9f628ee3320b036140185b7fe9529d23') in 0.0507754 seconds
Number of updated asset objects reloaded before import = 0Number of asset objects unloaded after import = 2

========================================================================
Received Import Request.
  Time since last request: 0.000045 seconds.
  path: Assets/Grass And Flowers Pack 1/Ground Textures/Materials/Groundplants 1_D 1808.mat
  artifactKey: Guid(1a6a6a73fc0a30347a8bfe419a3b4999) Importer(2089858483,b0f066a214c2f5e87bad3c948f4d605d)
Start importing Assets/Grass And Flowers Pack 1/Ground Textures/Materials/Groundplants 1_D 1808.mat using Guid(1a6a6a73fc0a30347a8bfe419a3b4999) Importer(2089858483,b0f066a214c2f5e87bad3c948f4d605d) (ScriptedImporter) -> (artifact id: 'f2121598c1477fb8c1b4ae0f8b16b49a') in 0.0437861 seconds
Number of updated asset objects reloaded before import = 0Number of asset objects unloaded after import = 2

========================================================================
Received Import Request.
  Time since last request: 0.000061 seconds.
  path: Assets/Grass And Flowers Pack 1/Ground Textures/Materials/Groundplants 1_D 1872.mat
  artifactKey: Guid(0b1ec9fd22e209b48a0583bfccc78a60) Importer(2089858483,b0f066a214c2f5e87bad3c948f4d605d)
Start importing Assets/Grass And Flowers Pack 1/Ground Textures/Materials/Groundplants 1_D 1872.mat using Guid(0b1ec9fd22e209b48a0583bfccc78a60) Importer(2089858483,b0f066a214c2f5e87bad3c948f4d605d) (ScriptedImporter) -> (artifact id: '286d2448be47a121a027c6c1a83a04df') in 0.0531836 seconds
Number of updated asset objects reloaded before import = 0Number of asset objects unloaded after import = 2

========================================================================
Received Import Request.
  Time since last request: 0.000047 seconds.
  path: Assets/Grass And Flowers Pack 1/Ground Textures/Materials/Groundplants 1_D 1867.mat
  artifactKey: Guid(dcb50f1e3f41d364eb9c8723a507f2c7) Importer(2089858483,b0f066a214c2f5e87bad3c948f4d605d)
Start importing Assets/Grass And Flowers Pack 1/Ground Textures/Materials/Groundplants 1_D 1867.mat using Guid(dcb50f1e3f41d364eb9c8723a507f2c7) Importer(2089858483,b0f066a214c2f5e87bad3c948f4d605d) (ScriptedImporter) -> (artifact id: '9842d9240f953e780a60070a56783d20') in 0.048305 seconds
Number of updated asset objects reloaded before import = 0Number of asset objects unloaded after import = 2

========================================================================
Received Import Request.
  Time since last request: 0.000079 seconds.
  path: Assets/Grass And Flowers Pack 1/Ground Textures/Materials/Groundplants 1_D 1881.mat
  artifactKey: Guid(775b270918a373540a53c20efd649c84) Importer(2089858483,b0f066a214c2f5e87bad3c948f4d605d)
Start importing Assets/Grass And Flowers Pack 1/Ground Textures/Materials/Groundplants 1_D 1881.mat using Guid(775b270918a373540a53c20efd649c84) Importer(2089858483,b0f066a214c2f5e87bad3c948f4d605d) (ScriptedImporter) -> (artifact id: 'b2298dd468da40aca5a3157c6395e898') in 0.0482317 seconds
Number of updated asset objects reloaded before import = 0Number of asset objects unloaded after import = 2

========================================================================
Received Import Request.
  Time since last request: 0.000046 seconds.
  path: Assets/Grass And Flowers Pack 1/Ground Textures/Materials/Groundplants 1_D 1882.mat
  artifactKey: Guid(c811e968b8729d24c8f3bd87e3b95b6a) Importer(2089858483,b0f066a214c2f5e87bad3c948f4d605d)
Start importing Assets/Grass And Flowers Pack 1/Ground Textures/Materials/Groundplants 1_D 1882.mat using Guid(c811e968b8729d24c8f3bd87e3b95b6a) Importer(2089858483,b0f066a214c2f5e87bad3c948f4d605d) (ScriptedImporter) -> (artifact id: 'd4b8319901358df2c26fb2176a15facf') in 0.1548396 seconds
Number of updated asset objects reloaded before import = 0Number of asset objects unloaded after import = 2

========================================================================
Received Import Request.
  Time since last request: 0.000083 seconds.
  path: Assets/Grass And Flowers Pack 1/Ground Textures/Materials/Groundplants 1_D 1887.mat
  artifactKey: Guid(27618874e13b148469760ccab481f30f) Importer(2089858483,b0f066a214c2f5e87bad3c948f4d605d)
Start importing Assets/Grass And Flowers Pack 1/Ground Textures/Materials/Groundplants 1_D 1887.mat using Guid(27618874e13b148469760ccab481f30f) Importer(2089858483,b0f066a214c2f5e87bad3c948f4d605d) (ScriptedImporter) -> (artifact id: 'e83bf3ddc40102dff552d3f8c646ffe0') in 0.2367207 seconds
Number of updated asset objects reloaded before import = 0Number of asset objects unloaded after import = 2

========================================================================
Received Import Request.
  Time since last request: 0.000047 seconds.
  path: Assets/Grass And Flowers Pack 1/Ground Textures/Materials/Groundplants 1_D 1898.mat
  artifactKey: Guid(ed4693c73674b1e4ba011d5d4f99020a) Importer(2089858483,b0f066a214c2f5e87bad3c948f4d605d)
Start importing Assets/Grass And Flowers Pack 1/Ground Textures/Materials/Groundplants 1_D 1898.mat using Guid(ed4693c73674b1e4ba011d5d4f99020a) Importer(2089858483,b0f066a214c2f5e87bad3c948f4d605d) (ScriptedImporter) -> (artifact id: 'bdaf6809d033de1205619a2c54bad473') in 0.0507712 seconds
Number of updated asset objects reloaded before import = 0Number of asset objects unloaded after import = 2

========================================================================
Received Import Request.
  Time since last request: 0.000074 seconds.
  path: Assets/Grass And Flowers Pack 1/Ground Textures/Materials/Groundplants 1_D 1899.mat
  artifactKey: Guid(523eb4d89124172468c6ba8fc03451b8) Importer(2089858483,b0f066a214c2f5e87bad3c948f4d605d)
Start importing Assets/Grass And Flowers Pack 1/Ground Textures/Materials/Groundplants 1_D 1899.mat using Guid(523eb4d89124172468c6ba8fc03451b8) Importer(2089858483,b0f066a214c2f5e87bad3c948f4d605d) (ScriptedImporter) -> (artifact id: '88f9f9c9f3a0e426acff9c3997198262') in 0.0500441 seconds
Number of updated asset objects reloaded before import = 0Number of asset objects unloaded after import = 2

========================================================================
Received Import Request.
  Time since last request: 0.000040 seconds.
  path: Assets/Grass And Flowers Pack 1/Ground Textures/Materials/Groundplants 1_D 1723.mat
  artifactKey: Guid(9590777cf41de7c4d92df9444404973b) Importer(2089858483,b0f066a214c2f5e87bad3c948f4d605d)
Start importing Assets/Grass And Flowers Pack 1/Ground Textures/Materials/Groundplants 1_D 1723.mat using Guid(9590777cf41de7c4d92df9444404973b) Importer(2089858483,b0f066a214c2f5e87bad3c948f4d605d) (ScriptedImporter) -> (artifact id: '79e3dee4481ee9f05f34ffd3927b33db') in 0.0454459 seconds
Number of updated asset objects reloaded before import = 0Number of asset objects unloaded after import = 2

========================================================================
Received Import Request.
  Time since last request: 0.000043 seconds.
  path: Assets/Grass And Flowers Pack 1/Ground Textures/Materials/Groundplants 1_D 1906.mat
  artifactKey: Guid(8eca42201b845d74d93c9a27642c3812) Importer(2089858483,b0f066a214c2f5e87bad3c948f4d605d)
Start importing Assets/Grass And Flowers Pack 1/Ground Textures/Materials/Groundplants 1_D 1906.mat using Guid(8eca42201b845d74d93c9a27642c3812) Importer(2089858483,b0f066a214c2f5e87bad3c948f4d605d) (ScriptedImporter) -> (artifact id: '738346ddff8e776f877a1cba7bcf2c88') in 0.0498231 seconds
Number of updated asset objects reloaded before import = 0Number of asset objects unloaded after import = 2

========================================================================
Received Import Request.
  Time since last request: 0.000395 seconds.
  path: Assets/Grass And Flowers Pack 1/Ground Textures/Materials/Groundplants 1_D 1910.mat
  artifactKey: Guid(f3cb8005aa76eb44c892a7d9bea28f8a) Importer(2089858483,b0f066a214c2f5e87bad3c948f4d605d)
Start importing Assets/Grass And Flowers Pack 1/Ground Textures/Materials/Groundplants 1_D 1910.mat using Guid(f3cb8005aa76eb44c892a7d9bea28f8a) Importer(2089858483,b0f066a214c2f5e87bad3c948f4d605d) (ScriptedImporter) -> (artifact id: 'f39dc64cd01dd234aa0d74a5fd05ca2e') in 0.0550036 seconds
Number of updated asset objects reloaded before import = 0Number of asset objects unloaded after import = 2

========================================================================
Received Import Request.
  Time since last request: 0.000046 seconds.
  path: Assets/Grass And Flowers Pack 1/Ground Textures/Materials/Groundplants 1_D 1922.mat
  artifactKey: Guid(5e06c63cf5017e041af9f7055ed5a38a) Importer(2089858483,b0f066a214c2f5e87bad3c948f4d605d)
Start importing Assets/Grass And Flowers Pack 1/Ground Textures/Materials/Groundplants 1_D 1922.mat using Guid(5e06c63cf5017e041af9f7055ed5a38a) Importer(2089858483,b0f066a214c2f5e87bad3c948f4d605d) (ScriptedImporter) -> (artifact id: 'f49075a3668335e3125a168d0b6f25e5') in 0.0364573 seconds
Number of updated asset objects reloaded before import = 0Number of asset objects unloaded after import = 2

========================================================================
Received Import Request.
  Time since last request: 0.000060 seconds.
  path: Assets/Grass And Flowers Pack 1/Ground Textures/Materials/Groundplants 1_D 1923.mat
  artifactKey: Guid(17fd55a24222e0b4d895dd5d2f5c6c09) Importer(2089858483,b0f066a214c2f5e87bad3c948f4d605d)
Start importing Assets/Grass And Flowers Pack 1/Ground Textures/Materials/Groundplants 1_D 1923.mat using Guid(17fd55a24222e0b4d895dd5d2f5c6c09) Importer(2089858483,b0f066a214c2f5e87bad3c948f4d605d) (ScriptedImporter) -> (artifact id: '629f23ef82fcc2ca079a6cb8000232f6') in 0.0448906 seconds
Number of updated asset objects reloaded before import = 0Number of asset objects unloaded after import = 2

========================================================================
Received Import Request.
  Time since last request: 0.000045 seconds.
  path: Assets/Grass And Flowers Pack 1/Ground Textures/Materials/Groundplants 1_D 1566.mat
  artifactKey: Guid(b1e17e0a0976c9a49b0dc4a024596375) Importer(2089858483,b0f066a214c2f5e87bad3c948f4d605d)
Start importing Assets/Grass And Flowers Pack 1/Ground Textures/Materials/Groundplants 1_D 1566.mat using Guid(b1e17e0a0976c9a49b0dc4a024596375) Importer(2089858483,b0f066a214c2f5e87bad3c948f4d605d) (ScriptedImporter) -> (artifact id: '791c1f59e3d600ac3efa5c02b8e2e98f') in 0.0373485 seconds
Number of updated asset objects reloaded before import = 0Number of asset objects unloaded after import = 2

========================================================================
Received Import Request.
  Time since last request: 0.000076 seconds.
  path: Assets/Grass And Flowers Pack 1/Ground Textures/Materials/Groundplants 1_D 1925.mat
  artifactKey: Guid(dac3bb8595326fc4f93e15c8c9eda21b) Importer(2089858483,b0f066a214c2f5e87bad3c948f4d605d)
Start importing Assets/Grass And Flowers Pack 1/Ground Textures/Materials/Groundplants 1_D 1925.mat using Guid(dac3bb8595326fc4f93e15c8c9eda21b) Importer(2089858483,b0f066a214c2f5e87bad3c948f4d605d) (ScriptedImporter) -> (artifact id: '96d1a0236c9008bfc40ae4abc3a31207') in 0.0394581 seconds
Number of updated asset objects reloaded before import = 0Number of asset objects unloaded after import = 2

========================================================================
Received Import Request.
  Time since last request: 0.000059 seconds.
  path: Assets/Grass And Flowers Pack 1/Ground Textures/Materials/Groundplants 1_D 1932.mat
  artifactKey: Guid(1efae5bfb4485f445b9ee691ad3aba7b) Importer(2089858483,b0f066a214c2f5e87bad3c948f4d605d)
Start importing Assets/Grass And Flowers Pack 1/Ground Textures/Materials/Groundplants 1_D 1932.mat using Guid(1efae5bfb4485f445b9ee691ad3aba7b) Importer(2089858483,b0f066a214c2f5e87bad3c948f4d605d) (ScriptedImporter) -> (artifact id: '0e9fcfdfa0e6fe2d1f490dfb01eb7baf') in 0.0440968 seconds
Number of updated asset objects reloaded before import = 0Number of asset objects unloaded after import = 2

========================================================================
Received Import Request.
  Time since last request: 0.000051 seconds.
  path: Assets/Grass And Flowers Pack 1/Ground Textures/Materials/Groundplants 1_D 1941.mat
  artifactKey: Guid(e4cae688cb3712b498515e3a8b3c7f51) Importer(2089858483,b0f066a214c2f5e87bad3c948f4d605d)
Start importing Assets/Grass And Flowers Pack 1/Ground Textures/Materials/Groundplants 1_D 1941.mat using Guid(e4cae688cb3712b498515e3a8b3c7f51) Importer(2089858483,b0f066a214c2f5e87bad3c948f4d605d) (ScriptedImporter) -> (artifact id: 'a9deba6f0cf17a0fd066848d68680da9') in 0.0388026 seconds
Number of updated asset objects reloaded before import = 0Number of asset objects unloaded after import = 2

========================================================================
Received Import Request.
  Time since last request: 0.000068 seconds.
  path: Assets/Grass And Flowers Pack 1/Ground Textures/Materials/Groundplants 1_D 1942.mat
  artifactKey: Guid(8068696a58dca954a8979c114590c374) Importer(2089858483,b0f066a214c2f5e87bad3c948f4d605d)
Start importing Assets/Grass And Flowers Pack 1/Ground Textures/Materials/Groundplants 1_D 1942.mat using Guid(8068696a58dca954a8979c114590c374) Importer(2089858483,b0f066a214c2f5e87bad3c948f4d605d) (ScriptedImporter) -> (artifact id: '655b40f75706de685bc3bb2e50a89eb9') in 0.0409283 seconds
Number of updated asset objects reloaded before import = 0Number of asset objects unloaded after import = 2

========================================================================
Received Import Request.
  Time since last request: 0.000048 seconds.
  path: Assets/Grass And Flowers Pack 1/Ground Textures/Materials/Groundplants 1_D 1943.mat
  artifactKey: Guid(05919ff4080acf540bc5d8d4e017d60d) Importer(2089858483,b0f066a214c2f5e87bad3c948f4d605d)
Start importing Assets/Grass And Flowers Pack 1/Ground Textures/Materials/Groundplants 1_D 1943.mat using Guid(05919ff4080acf540bc5d8d4e017d60d) Importer(2089858483,b0f066a214c2f5e87bad3c948f4d605d) (ScriptedImporter) -> (artifact id: 'a69e1edcdb71a53fdc950973e00546cc') in 0.0411203 seconds
Number of updated asset objects reloaded before import = 0Number of asset objects unloaded after import = 2

========================================================================
Received Import Request.
  Time since last request: 0.000053 seconds.
  path: Assets/Grass And Flowers Pack 1/Ground Textures/Materials/Groundplants 1_D 1963.mat
  artifactKey: Guid(cd9b31ef4957cd040a0d7066d0a0a527) Importer(2089858483,b0f066a214c2f5e87bad3c948f4d605d)
Start importing Assets/Grass And Flowers Pack 1/Ground Textures/Materials/Groundplants 1_D 1963.mat using Guid(cd9b31ef4957cd040a0d7066d0a0a527) Importer(2089858483,b0f066a214c2f5e87bad3c948f4d605d) (ScriptedImporter) -> (artifact id: 'bcc14f529ad0b33d7cdd4ca67056cb6e') in 0.0349281 seconds
Number of updated asset objects reloaded before import = 0Number of asset objects unloaded after import = 2

========================================================================
Received Import Request.
  Time since last request: 0.000072 seconds.
  path: Assets/Grass And Flowers Pack 1/Ground Textures/Materials/Groundplants 1_D 1953.mat
  artifactKey: Guid(bd08f1afc866b7844aeb9b3f6363fa0a) Importer(2089858483,b0f066a214c2f5e87bad3c948f4d605d)
Start importing Assets/Grass And Flowers Pack 1/Ground Textures/Materials/Groundplants 1_D 1953.mat using Guid(bd08f1afc866b7844aeb9b3f6363fa0a) Importer(2089858483,b0f066a214c2f5e87bad3c948f4d605d) (ScriptedImporter) -> (artifact id: '48422243a0a31d0fc32b2717b9a624ad') in 0.0412806 seconds
Number of updated asset objects reloaded before import = 0Number of asset objects unloaded after import = 2

========================================================================
Received Import Request.
  Time since last request: 0.000033 seconds.
  path: Assets/Grass And Flowers Pack 1/Ground Textures/Materials/Groundplants 1_D 1966.mat
  artifactKey: Guid(cc1721ad647380b4fa127d68e7c8943c) Importer(2089858483,b0f066a214c2f5e87bad3c948f4d605d)
Start importing Assets/Grass And Flowers Pack 1/Ground Textures/Materials/Groundplants 1_D 1966.mat using Guid(cc1721ad647380b4fa127d68e7c8943c) Importer(2089858483,b0f066a214c2f5e87bad3c948f4d605d) (ScriptedImporter) -> (artifact id: 'a5990d98672f3ed782992517e28c3982') in 0.0593014 seconds
Number of updated asset objects reloaded before import = 0Number of asset objects unloaded after import = 2

========================================================================
Received Import Request.
  Time since last request: 0.000059 seconds.
  path: Assets/Grass And Flowers Pack 1/Ground Textures/Materials/Groundplants 1_D 1968.mat
  artifactKey: Guid(13e8f59618150a64fbdc7dc736a8a590) Importer(2089858483,b0f066a214c2f5e87bad3c948f4d605d)
Start importing Assets/Grass And Flowers Pack 1/Ground Textures/Materials/Groundplants 1_D 1968.mat using Guid(13e8f59618150a64fbdc7dc736a8a590) Importer(2089858483,b0f066a214c2f5e87bad3c948f4d605d) (ScriptedImporter) -> (artifact id: '4888e53ed56eb21a8aedf8551d9e1f3b') in 0.0666893 seconds
Number of updated asset objects reloaded before import = 0Number of asset objects unloaded after import = 2

========================================================================
Received Import Request.
  Time since last request: 0.000074 seconds.
  path: Assets/Grass And Flowers Pack 1/Ground Textures/Materials/Groundplants 1_D 1805.mat
  artifactKey: Guid(fecc0a0fa003c4b4fa08c3550dd55e6f) Importer(2089858483,b0f066a214c2f5e87bad3c948f4d605d)
Start importing Assets/Grass And Flowers Pack 1/Ground Textures/Materials/Groundplants 1_D 1805.mat using Guid(fecc0a0fa003c4b4fa08c3550dd55e6f) Importer(2089858483,b0f066a214c2f5e87bad3c948f4d605d) (ScriptedImporter) -> (artifact id: '236dde54cde9b4ceede59652a932cd8b') in 0.2213135 seconds
Number of updated asset objects reloaded before import = 0Number of asset objects unloaded after import = 2

========================================================================
Received Import Request.
  Time since last request: 0.000058 seconds.
  path: Assets/Grass And Flowers Pack 1/Ground Textures/Materials/Groundplants 1_D 1979.mat
  artifactKey: Guid(c882f746562186643b5b4ee62912c552) Importer(2089858483,b0f066a214c2f5e87bad3c948f4d605d)
Start importing Assets/Grass And Flowers Pack 1/Ground Textures/Materials/Groundplants 1_D 1979.mat using Guid(c882f746562186643b5b4ee62912c552) Importer(2089858483,b0f066a214c2f5e87bad3c948f4d605d) (ScriptedImporter) -> (artifact id: 'b90e3f03a10e32f3d696dd7276d6d2ed') in 0.046458 seconds
Number of updated asset objects reloaded before import = 0Number of asset objects unloaded after import = 2

========================================================================
Received Import Request.
  Time since last request: 0.000086 seconds.
  path: Assets/Grass And Flowers Pack 1/Ground Textures/Materials/Groundplants 1_D 1572.mat
  artifactKey: Guid(ca50f9127c8613c428fa68e763f0a80c) Importer(2089858483,b0f066a214c2f5e87bad3c948f4d605d)
Start importing Assets/Grass And Flowers Pack 1/Ground Textures/Materials/Groundplants 1_D 1572.mat using Guid(ca50f9127c8613c428fa68e763f0a80c) Importer(2089858483,b0f066a214c2f5e87bad3c948f4d605d) (ScriptedImporter) -> (artifact id: '235501b77db3a3bd21dccb4376fc808f') in 0.0359785 seconds
Number of updated asset objects reloaded before import = 0Number of asset objects unloaded after import = 2

========================================================================
Received Import Request.
  Time since last request: 0.000064 seconds.
  path: Assets/Grass And Flowers Pack 1/Ground Textures/Materials/Groundplants 1_D 1638.mat
  artifactKey: Guid(25b407fceb5e2604c8ed6d219651c6bd) Importer(2089858483,b0f066a214c2f5e87bad3c948f4d605d)
Start importing Assets/Grass And Flowers Pack 1/Ground Textures/Materials/Groundplants 1_D 1638.mat using Guid(25b407fceb5e2604c8ed6d219651c6bd) Importer(2089858483,b0f066a214c2f5e87bad3c948f4d605d) (ScriptedImporter) -> (artifact id: '2407a68d78b19cda0fc3a324145d35f4') in 0.0359447 seconds
Number of updated asset objects reloaded before import = 0Number of asset objects unloaded after import = 2

========================================================================
Received Import Request.
  Time since last request: 0.000064 seconds.
  path: Assets/Grass And Flowers Pack 1/Ground Textures/Materials/Groundplants 1_D 1589.mat
  artifactKey: Guid(0eaad2fd6a0266640a373fc4170c98ae) Importer(2089858483,b0f066a214c2f5e87bad3c948f4d605d)
Start importing Assets/Grass And Flowers Pack 1/Ground Textures/Materials/Groundplants 1_D 1589.mat using Guid(0eaad2fd6a0266640a373fc4170c98ae) Importer(2089858483,b0f066a214c2f5e87bad3c948f4d605d) (ScriptedImporter) -> (artifact id: '84b9e9918550e7caded7909c0897fb98') in 0.0385729 seconds
Number of updated asset objects reloaded before import = 0Number of asset objects unloaded after import = 2

========================================================================
Received Import Request.
  Time since last request: 0.000053 seconds.
  path: Assets/Grass And Flowers Pack 1/Ground Textures/Materials/Groundplants 1_D 1554.mat
  artifactKey: Guid(5a0de06c33f99d94ba5ce174682d6ea0) Importer(2089858483,b0f066a214c2f5e87bad3c948f4d605d)
Start importing Assets/Grass And Flowers Pack 1/Ground Textures/Materials/Groundplants 1_D 1554.mat using Guid(5a0de06c33f99d94ba5ce174682d6ea0) Importer(2089858483,b0f066a214c2f5e87bad3c948f4d605d) (ScriptedImporter) -> (artifact id: 'bf84fafe6b59073140221782db79bc0c') in 0.0441394 seconds
Number of updated asset objects reloaded before import = 0Number of asset objects unloaded after import = 2

========================================================================
Received Import Request.
  Time since last request: 0.000075 seconds.
  path: Assets/Grass And Flowers Pack 1/Ground Textures/Materials/Groundplants 1_D 1843.mat
  artifactKey: Guid(2a4da0fad318fd0449d45fa2943c9e6e) Importer(2089858483,b0f066a214c2f5e87bad3c948f4d605d)
Start importing Assets/Grass And Flowers Pack 1/Ground Textures/Materials/Groundplants 1_D 1843.mat using Guid(2a4da0fad318fd0449d45fa2943c9e6e) Importer(2089858483,b0f066a214c2f5e87bad3c948f4d605d) (ScriptedImporter) -> (artifact id: '010a96784777ee4b1272a7a4b1e8d191') in 0.0454563 seconds
Number of updated asset objects reloaded before import = 0Number of asset objects unloaded after import = 2

========================================================================
Received Import Request.
  Time since last request: 0.000065 seconds.
  path: Assets/Grass And Flowers Pack 1/Ground Textures/Materials/Groundplants 1_D 1706.mat
  artifactKey: Guid(1f8862be91f21ad40824795f66621fd0) Importer(2089858483,b0f066a214c2f5e87bad3c948f4d605d)
Start importing Assets/Grass And Flowers Pack 1/Ground Textures/Materials/Groundplants 1_D 1706.mat using Guid(1f8862be91f21ad40824795f66621fd0) Importer(2089858483,b0f066a214c2f5e87bad3c948f4d605d) (ScriptedImporter) -> (artifact id: '76ac49eaa167b4c5c7900675a3843ddf') in 0.047756 seconds
Number of updated asset objects reloaded before import = 0Number of asset objects unloaded after import = 2

========================================================================
Received Import Request.
  Time since last request: 0.000073 seconds.
  path: Assets/Grass And Flowers Pack 1/Ground Textures/Materials/Groundplants 1_D 1848.mat
  artifactKey: Guid(a6cdd2a60c70f9f499c41a06401b191c) Importer(2089858483,b0f066a214c2f5e87bad3c948f4d605d)
Start importing Assets/Grass And Flowers Pack 1/Ground Textures/Materials/Groundplants 1_D 1848.mat using Guid(a6cdd2a60c70f9f499c41a06401b191c) Importer(2089858483,b0f066a214c2f5e87bad3c948f4d605d) (ScriptedImporter) -> (artifact id: 'b517b2f4d4e51d36ca25b26e2b817808') in 0.0423978 seconds
Number of updated asset objects reloaded before import = 0Number of asset objects unloaded after import = 2

========================================================================
Received Import Request.
  Time since last request: 0.000041 seconds.
  path: Assets/Grass And Flowers Pack 1/Ground Textures/Materials/Groundplants 1_D 1580.mat
  artifactKey: Guid(cbfe332bd6d405942992400f3fe4abcd) Importer(2089858483,b0f066a214c2f5e87bad3c948f4d605d)
Start importing Assets/Grass And Flowers Pack 1/Ground Textures/Materials/Groundplants 1_D 1580.mat using Guid(cbfe332bd6d405942992400f3fe4abcd) Importer(2089858483,b0f066a214c2f5e87bad3c948f4d605d) (ScriptedImporter) -> (artifact id: '380b1b13b497b03d9ca1c1026f45fc30') in 0.0362739 seconds
Number of updated asset objects reloaded before import = 0Number of asset objects unloaded after import = 2

========================================================================
Received Import Request.
  Time since last request: 0.000081 seconds.
  path: Assets/Grass And Flowers Pack 1/Ground Textures/Materials/Groundplants 1_D 1610.mat
  artifactKey: Guid(9444f2eb11565974785effbd968cfdae) Importer(2089858483,b0f066a214c2f5e87bad3c948f4d605d)
Start importing Assets/Grass And Flowers Pack 1/Ground Textures/Materials/Groundplants 1_D 1610.mat using Guid(9444f2eb11565974785effbd968cfdae) Importer(2089858483,b0f066a214c2f5e87bad3c948f4d605d) (ScriptedImporter) -> (artifact id: '514f9d979303be658f73551161288d1e') in 0.0413091 seconds
Number of updated asset objects reloaded before import = 0Number of asset objects unloaded after import = 2

========================================================================
Received Import Request.
  Time since last request: 0.000054 seconds.
  path: Assets/Grass And Flowers Pack 1/Ground Textures/Materials/Groundplants 1_D 1961.mat
  artifactKey: Guid(825b945c7f3a761458a51b956443f56e) Importer(2089858483,b0f066a214c2f5e87bad3c948f4d605d)
Start importing Assets/Grass And Flowers Pack 1/Ground Textures/Materials/Groundplants 1_D 1961.mat using Guid(825b945c7f3a761458a51b956443f56e) Importer(2089858483,b0f066a214c2f5e87bad3c948f4d605d) (ScriptedImporter) -> (artifact id: '18ca58fb4c4d65e646f4723f81d2f0c9') in 0.0381928 seconds
Number of updated asset objects reloaded before import = 0Number of asset objects unloaded after import = 2

========================================================================
Received Import Request.
  Time since last request: 0.000071 seconds.
  path: Assets/Grass And Flowers Pack 1/Ground Textures/Materials/Groundplants 1_D 1844.mat
  artifactKey: Guid(29c019574d8d0744f95a993ef186fdfc) Importer(2089858483,b0f066a214c2f5e87bad3c948f4d605d)
Start importing Assets/Grass And Flowers Pack 1/Ground Textures/Materials/Groundplants 1_D 1844.mat using Guid(29c019574d8d0744f95a993ef186fdfc) Importer(2089858483,b0f066a214c2f5e87bad3c948f4d605d) (ScriptedImporter) -> (artifact id: 'a16583b68111a3ddeefd0391119fb244') in 0.0402767 seconds
Number of updated asset objects reloaded before import = 0Number of asset objects unloaded after import = 2

========================================================================
Received Import Request.
  Time since last request: 0.000048 seconds.
  path: Assets/Grass And Flowers Pack 1/Ground Textures/Materials/Groundplants 1_D 1958.mat
  artifactKey: Guid(2b75de74592f56c4185afc1f3293457e) Importer(2089858483,b0f066a214c2f5e87bad3c948f4d605d)
Start importing Assets/Grass And Flowers Pack 1/Ground Textures/Materials/Groundplants 1_D 1958.mat using Guid(2b75de74592f56c4185afc1f3293457e) Importer(2089858483,b0f066a214c2f5e87bad3c948f4d605d) (ScriptedImporter) -> (artifact id: '425dd201bcc602e80e303607953d62d4') in 0.0577105 seconds
Number of updated asset objects reloaded before import = 0Number of asset objects unloaded after import = 2

========================================================================
Received Import Request.
  Time since last request: 0.000053 seconds.
  path: Assets/Grass And Flowers Pack 1/Ground Textures/Materials/Groundplants 1_D 1571.mat
  artifactKey: Guid(4118e207d2bbc354c9cd4d119927faa8) Importer(2089858483,b0f066a214c2f5e87bad3c948f4d605d)
Start importing Assets/Grass And Flowers Pack 1/Ground Textures/Materials/Groundplants 1_D 1571.mat using Guid(4118e207d2bbc354c9cd4d119927faa8) Importer(2089858483,b0f066a214c2f5e87bad3c948f4d605d) (ScriptedImporter) -> (artifact id: 'cd5fe3523f71c69131775e5666973a61') in 0.0416851 seconds
Number of updated asset objects reloaded before import = 0Number of asset objects unloaded after import = 2

========================================================================
Received Import Request.
  Time since last request: 0.000085 seconds.
  path: Assets/Grass And Flowers Pack 1/Ground Textures/Materials/Groundplants 1_D 1689.mat
  artifactKey: Guid(33d6313bf29d2d14da8c99c687b289a5) Importer(2089858483,b0f066a214c2f5e87bad3c948f4d605d)
Start importing Assets/Grass And Flowers Pack 1/Ground Textures/Materials/Groundplants 1_D 1689.mat using Guid(33d6313bf29d2d14da8c99c687b289a5) Importer(2089858483,b0f066a214c2f5e87bad3c948f4d605d) (ScriptedImporter) -> (artifact id: '45543d77e02e792be2a3eac82ee9a5ef') in 0.0471454 seconds
Number of updated asset objects reloaded before import = 0Number of asset objects unloaded after import = 2

========================================================================
Received Import Request.
  Time since last request: 0.000046 seconds.
  path: Assets/Grass And Flowers Pack 1/Ground Textures/Materials/Groundplants 1_D 1909.mat
  artifactKey: Guid(dedffa89a24f88e4499f78d7aa493925) Importer(2089858483,b0f066a214c2f5e87bad3c948f4d605d)
Start importing Assets/Grass And Flowers Pack 1/Ground Textures/Materials/Groundplants 1_D 1909.mat using Guid(dedffa89a24f88e4499f78d7aa493925) Importer(2089858483,b0f066a214c2f5e87bad3c948f4d605d) (ScriptedImporter) -> (artifact id: 'e077279b55c24a351e4eddf160cc4200') in 0.0406276 seconds
Number of updated asset objects reloaded before import = 0Number of asset objects unloaded after import = 2

========================================================================
Received Import Request.
  Time since last request: 0.000045 seconds.
  path: Assets/Grass And Flowers Pack 1/Ground Textures/Materials/Groundplants 1_D 1928.mat
  artifactKey: Guid(5c94a16d8ede32e4abef6a6e3219b098) Importer(2089858483,b0f066a214c2f5e87bad3c948f4d605d)
Start importing Assets/Grass And Flowers Pack 1/Ground Textures/Materials/Groundplants 1_D 1928.mat using Guid(5c94a16d8ede32e4abef6a6e3219b098) Importer(2089858483,b0f066a214c2f5e87bad3c948f4d605d) (ScriptedImporter) -> (artifact id: '17a1d70dc16ae9106693eea2f7667daa') in 0.2953403 seconds
Number of updated asset objects reloaded before import = 0Number of asset objects unloaded after import = 2

Editor requested this worker to shutdown with reason: Scaling down because of idle timeout
AssetImportWorker is now disconnected from the server
Process exiting
Exiting without the bug reporter. Application will terminate with return code 0