[Licensing::Module] Trying to connect to existing licensing client channel...
Built from '6000.3/staging' branch; Version is '6000.3.11f1 (3000ef702840) revision 3145967'; Using compiler version '194234433'; Build Type 'Release'
OS: 'Windows 11  (10.0.26200) Core' Language: 'en' Physical Memory: 15991 MB
BatchMode: 1, IsHumanControllingUs: 0, StartBugReporterOnCrash: 0, Is64bit: 1
System  architecture: x64
Process architecture: x64
Date: 2026-09-14T21:33:51Z
[Licensing::IpcConnector] Successfully connected to: "LicenseClient-hafiza" at "2026-09-14T21:33:51.4334399Z"

COMMAND LINE ARGUMENTS:
C:\Program Files\Unity\Hub\Editor\6000.3.11f1\Editor\Unity.exe
-adb2
-batchMode
-noUpm
-name
AssetImportWorker4
-projectPath
C:/Users/hafiz/OneDrive/Documents/InterfacePrototype2026/InterfacePrototype2026
-logFile
Logs/AssetImportWorker4.log
-srvPort
54325
-licensingIpc
LicenseClient-hafiza
-job-worker-count
9
-background-job-worker-count
8
-gc-helper-count
1
-name
AssetImport
Successfully changed project path to: C:/Users/hafiz/OneDrive/Documents/InterfacePrototype2026/InterfacePrototype2026
C:/Users/hafiz/OneDrive/Documents/InterfacePrototype2026/InterfacePrototype2026
[UnityMemory] Configuration Parameters - Can be set up in boot.config
    "memorysetup-temp-allocator-size-nav-mesh-worker=65536"
    "memorysetup-temp-allocator-size-audio-worker=65536"
    "memorysetup-temp-allocator-size-gfx=262144"
    "memorysetup-allocator-temp-initial-block-size-main=262144"
    "memorysetup-allocator-temp-initial-block-size-worker=262144"
    "memorysetup-temp-allocator-size-background-worker=32768"
    "memorysetup-temp-allocator-size-job-worker=262144"
    "memorysetup-temp-allocator-size-preload-manager=33554432"
    "memorysetup-temp-allocator-size-gi-baking-worker=262144"
    "memorysetup-temp-allocator-size-gi-baking-worker=262144"
    "memorysetup-temp-allocator-size-gi-baking-worker=262144"
    "memorysetup-temp-allocator-size-gi-baking-worker=262144"
    "memorysetup-temp-allocator-size-gi-baking-worker=262144"
    "memorysetup-bucket-allocator-granularity=16"
    "memorysetup-bucket-allocator-bucket-count=8"
    "memorysetup-bucket-allocator-block-size=33554432"
    "memorysetup-bucket-allocator-block-count=8"
    "memorysetup-main-allocator-block-size=16777216"
    "memorysetup-thread-allocator-block-size=16777216"
    "memorysetup-gfx-main-allocator-block-size=16777216"
    "memorysetup-gfx-thread-allocator-block-size=16777216"
    "memorysetup-cache-allocator-block-size=4194304"
    "memorysetup-typetree-allocator-block-size=2097152"
    "memorysetup-profiler-bucket-allocator-granularity=16"
    "memorysetup-profiler-bucket-allocator-bucket-count=8"
    "memorysetup-profiler-bucket-allocator-block-size=33554432"
    "memorysetup-profiler-bucket-allocator-block-count=8"
    "memorysetup-profiler-allocator-block-size=16777216"
    "memorysetup-profiler-editor-allocator-block-size=1048576"
    "memorysetup-temp-allocator-size-main=16777216"
    "memorysetup-job-temp-allocator-block-size=2097152"
    "memorysetup-job-temp-allocator-block-size-background=1048576"
    "memorysetup-job-temp-allocator-reduction-small-platforms=262144"
    "memorysetup-temp-allocator-size-cloud-worker=32768"
Player connection [35280]  Target information:

Player connection [35280]  * "[IP] 192.168.0.15 [Port] 0 [Flags] 2 [Guid] 2002163408 [EditorId] 2002163408 [Version] 1048832 [Id] WindowsEditor(7,_H_Rahman_) [Debug] 1 [PackageName] WindowsEditor [ProjectName] Editor" 

Player connection [35280] Host joined multi-casting on [225.0.0.222:54997]...
Player connection [35280] Host joined alternative multi-casting on [225.0.0.222:34997]...
JobSystem: Creating JobQueue using job-worker-count value 9
Input System module state changed to: Initialized.
[Physics::Module] Initialized fallback backend.
[Physics::Module] Id: 0xdecafbad
Library Redirect Path: Library/
[Physics::Module] Selected backend.
[Physics::Module] Name: PhysX
[Physics::Module] Id: 0xf2b8ea05
[Physics::Module] SDK Version: 4.1.2
[Physics::Module] Integration Version: 1.0.0
[Physics::Module] Threading Mode: Multi-Threaded
Refreshing native plugins compatible for Editor in 8.81 ms, found 3 plugins.
Preloading 0 native plugins for Editor in 0.00 ms.
Initialize engine version: 6000.3.11f1 (3000ef702840)
[Subsystems] Discovering subsystems at path C:/Program Files/Unity/Hub/Editor/6000.3.11f1/Editor/Data/Resources/UnitySubsystems
[Subsystems] Discovering subsystems at path C:/Users/hafiz/OneDrive/Documents/InterfacePrototype2026/InterfacePrototype2026/Assets
GfxDevice: creating device client; kGfxThreadingModeNonThreaded
Direct3D:
    Version:  Direct3D 11.0 [level 11.1]
    Renderer: Intel(R) Iris(R) Xe Graphics (ID=0xa7a0)
    Vendor:   Intel
    VRAM:     7995 MB
    Driver:   31.0.101.4255
Initialize mono
Mono path[0] = 'C:/Program Files/Unity/Hub/Editor/6000.3.11f1/Editor/Data/Managed'
Mono path[1] = 'C:/Program Files/Unity/Hub/Editor/6000.3.11f1/Editor/Data/MonoBleedingEdge/lib/mono/unityjit-win32'
Mono config path = 'C:/Program Files/Unity/Hub/Editor/6000.3.11f1/Editor/Data/MonoBleedingEdge/etc'
Using monoOptions --debugger-agent=transport=dt_socket,embedding=1,server=y,suspend=n,address=127.0.0.1:56548
Begin MonoManager ReloadAssembly
Registering precompiled unity dll's ...
Register platform support module: C:/Program Files/Unity/Hub/Editor/6000.3.11f1/Editor/Data/PlaybackEngines/WebGLSupport/UnityEditor.WebGL.Extensions.dll
Register platform support module: C:/Program Files/Unity/Hub/Editor/6000.3.11f1/Editor/Data/PlaybackEngines/WindowsStandaloneSupport/UnityEditor.WindowsStandalone.Extensions.dll
Registered in 0.006974 seconds.
[Licensing::Client] Error: HandshakeResponse reported an error:
	ResponseCode: 505
	ResponseStatus: Unsupported protocol version '1.18.0'.
[Licensing::Module] Error: Failed to handshake to channel: "LicenseClient-hafiza"
[Licensing::IpcConnector] LicenseClient-hafiza channel disconnected successfully.
[Licensing::IpcConnector] Successfully connected to: "LicenseClient-hafiza-6000.3.11" at "2026-09-14T21:33:55.4571127Z"
- Loaded All Assemblies, in  1.750 seconds
[Licensing::Client] Handshaking with LicensingClient:
  Version:                 1.18.0+23225a6
  Session Id:              5878b79605ff415c99b66ee64483864c
  Correlation Id:          5ce078cdaeeff014a621325577cdbfb1
  External correlation Id: 4929716798870310530
  Machine Id:              IYw+UpfriCb3QdPui4rZhOquAz8=
[Licensing::Module] Successfully connected to LicensingClient on channel: "LicenseClient-hafiza-6000.3.11" (connect: 0.00s, validation: 0.00s, handshake: 0.52s)
[Licensing::IpcConnector] Successfully connected to: "LicenseClient-hafiza-6000.3.11-notifications" at "2026-09-14T21:33:55.9790017Z"
[Licensing::Module] Licensing Background thread has ended after 4.55s
Native extension for WindowsStandalone target not found
Native extension for WebGL target not found
Package Manager log level set to [2]
[Package Manager] Failed to launch server process. Reason: Unity was launched with the -noUpm command-line argument
[Package Manager] Unable to send message (not connected to server process).
[Package Manager] Cannot connect to Unity Package Manager local server
ScheduleIndexationOnStartup MainProcess:False IndexOnStartup:True
Mono: successfully reloaded assembly
- Finished resetting the current domain, in  1.613 seconds
Domain Reload Profiling: 3357ms
	BeginReloadAssembly (707ms)
		ExecutionOrderSort (0ms)
		DisableScriptedObjects (0ms)
		BackupInstance (0ms)
		ReleaseScriptingObjects (0ms)
		CreateAndSetChildDomain (3ms)
	RebuildCommonClasses (124ms)
	RebuildNativeTypeToScriptingClass (47ms)
	initialDomainReloadingComplete (184ms)
	LoadAllAssembliesAndSetupDomain (680ms)
		LoadAssemblies (697ms)
		RebuildTransferFunctionScriptingTraits (0ms)
		AnalyzeDomain (669ms)
			TypeCache.Refresh (662ms)
				TypeCache.ScanAssembly (611ms)
			BuildScriptInfoCaches (1ms)
			ResolveRequiredComponents (2ms)
	FinalizeReload (1615ms)
		ReleaseScriptCaches (0ms)
		RebuildScriptCaches (0ms)
		SetupLoadedEditorAssemblies (1470ms)
			LogAssemblyErrors (0ms)
			InitializePlatformSupportModulesInManaged (203ms)
			SetLoadedEditorAssemblies (14ms)
			BeforeProcessingInitializeOnLoad (360ms)
			ProcessInitializeOnLoadAttributes (558ms)
			ProcessInitializeOnLoadMethodAttributes (334ms)
			AfterProcessingInitializeOnLoad (0ms)
			EditorAssembliesLoaded (0ms)
		ExecutionOrderSort2 (0ms)
		AwakeInstancesAfterBackupRestoration (0ms)
========================================================================
Worker process is ready to serve import requests
Import Worker Mode flag is 0x00
Begin MonoManager ReloadAssembly
[Licensing::Client] Successfully resolved entitlement details
[Licensing::Module] License group:
  Id: F4-9Y4C-3YWY-AHYA-9WWZ-XXXX
  Product: Unity Personal
  Type: ULF
  Expiration: Unlimited
[Licensing::Module] License group:
  Id: 5773043619592-UnityPersXXXX
  Product: Unity Personal
  Type: Assigned
  Expiration: Unlimited
- Loaded All Assemblies, in  3.981 seconds
Refreshing native plugins compatible for Editor in 5.36 ms, found 3 plugins.
Native extension for WindowsStandalone target not found
Native extension for WebGL target not found
[Package Manager] Failed to launch server process. Reason: Unity was launched with the -noUpm command-line argument
[Package Manager] Unable to send message (not connected to server process).
[Package Manager] Cannot connect to Unity Package Manager local server
[Package Manager] Failed to launch server process. Reason: Unity was launched with the -noUpm command-line argument
[Package Manager] Unable to send message (not connected to server process).
[Package Manager] Cannot connect to Unity Package Manager local server
ScheduleIndexationOnStartup MainProcess:False IndexOnStartup:True
Mono: successfully reloaded assembly
- Finished resetting the current domain, in  3.289 seconds
Domain Reload Profiling: 7252ms
	BeginReloadAssembly (703ms)
		ExecutionOrderSort (0ms)
		DisableScriptedObjects (19ms)
		BackupInstance (0ms)
		ReleaseScriptingObjects (0ms)
		CreateAndSetChildDomain (94ms)
	RebuildCommonClasses (176ms)
	RebuildNativeTypeToScriptingClass (59ms)
	initialDomainReloadingComplete (198ms)
	LoadAllAssembliesAndSetupDomain (2823ms)
		LoadAssemblies (1998ms)
		RebuildTransferFunctionScriptingTraits (0ms)
		AnalyzeDomain (1228ms)
			TypeCache.Refresh (846ms)
				TypeCache.ScanAssembly (801ms)
			BuildScriptInfoCaches (323ms)
			ResolveRequiredComponents (44ms)
	FinalizeReload (3292ms)
		ReleaseScriptCaches (0ms)
		RebuildScriptCaches (0ms)
		SetupLoadedEditorAssemblies (2409ms)
			LogAssemblyErrors (0ms)
			InitializePlatformSupportModulesInManaged (7ms)
			SetLoadedEditorAssemblies (10ms)
			BeforeProcessingInitializeOnLoad (567ms)
			ProcessInitializeOnLoadAttributes (1586ms)
			ProcessInitializeOnLoadMethodAttributes (223ms)
			AfterProcessingInitializeOnLoad (15ms)
			EditorAssembliesLoaded (1ms)
		ExecutionOrderSort2 (0ms)
		AwakeInstancesAfterBackupRestoration (25ms)
Launched and connected shader compiler UnityShaderCompiler.exe after 0.07 seconds
Refreshing native plugins compatible for Editor in 5.98 ms, found 3 plugins.
Preloading 0 native plugins for Editor in 0.00 ms.
Unloading 28 Unused Serialized files (Serialized files now loaded: 0)
Unloading 6422 unused Assets / (6.0 MB). Loaded Objects now: 7272.
Memory consumption went from 165.5 MB to 159.5 MB.
Total: 21.840500 ms (FindLiveObjects: 1.271300 ms CreateObjectMapping: 1.037500 ms MarkObjects: 14.204300 ms  DeleteObjects: 5.323100 ms)

========================================================================
Received Import Request.
  Time since last request: 177208.806835 seconds.
  path: Assets/coniferous_forest/textures/leaves/Materials
  artifactKey: Guid(0655ad8b23d1d6748b04ab8ebf511b19) Importer(815301076,1909f56bfc062723c751e8b465ee728b)
Start importing Assets/coniferous_forest/textures/leaves/Materials using Guid(0655ad8b23d1d6748b04ab8ebf511b19) Importer(815301076,1909f56bfc062723c751e8b465ee728b) (PreviewImporter) -> (artifact id: '59cc161281aa1ec360df14022f9b1721') in 0.0149813 seconds
Number of updated asset objects reloaded before import = 0Number of asset objects unloaded after import = 0

========================================================================
Received Import Request.
  Time since last request: 0.000041 seconds.
  path: Assets/coniferous_forest/textures/leaves/Materials/poly_leaves_2.mat
  artifactKey: Guid(0d2e3b7dbf142994da620f8645f4e63f) Importer(815301076,1909f56bfc062723c751e8b465ee728b)
Start importing Assets/coniferous_forest/textures/leaves/Materials/poly_leaves_2.mat using Guid(0d2e3b7dbf142994da620f8645f4e63f) Importer(815301076,1909f56bfc062723c751e8b465ee728b) (PreviewImporter) -> (artifact id: '022124f5388cdde5514731f9f0d80c73') in 2.0194461 seconds
Number of updated asset objects reloaded before import = 0Number of asset objects unloaded after import = 2

========================================================================
Received Import Request.
  Time since last request: 1.487280 seconds.
  path: Assets/coniferous_forest/textures
  artifactKey: Guid(bbce351d6a1f98e45b488976f99354ef) Importer(815301076,1909f56bfc062723c751e8b465ee728b)
Start importing Assets/coniferous_forest/textures using Guid(bbce351d6a1f98e45b488976f99354ef) Importer(815301076,1909f56bfc062723c751e8b465ee728b) (PreviewImporter) -> (artifact id: '314e5dc000d60c32fa9df966958d348d') in 0.0022124 seconds
Number of updated asset objects reloaded before import = 0Number of asset objects unloaded after import = 0

========================================================================
Received Import Request.
  Time since last request: 0.024474 seconds.
  path: Assets/coniferous_forest/textures/T_forest.png
  artifactKey: Guid(ca766a3a5f269d146a46ecb51973f03e) Importer(815301076,1909f56bfc062723c751e8b465ee728b)
Start importing Assets/coniferous_forest/textures/T_forest.png using Guid(ca766a3a5f269d146a46ecb51973f03e) Importer(815301076,1909f56bfc062723c751e8b465ee728b) (PreviewImporter) -> (artifact id: '31671f3d9366bce0fe8b0bc102f2ad9b') in 0.0601203 seconds
Number of updated asset objects reloaded before import = 0Number of asset objects unloaded after import = 2

========================================================================
Received Import Request.
  Time since last request: 21.444388 seconds.
  path: Assets/Grass And Flowers Pack 1/Ground Textures/Materials/Groundplants 1_D 2.mat
  artifactKey: Guid(96b17efe0a8430a47baa5620919c9598) Importer(2089858483,b0f066a214c2f5e87bad3c948f4d605d)
Start importing Assets/Grass And Flowers Pack 1/Ground Textures/Materials/Groundplants 1_D 2.mat using Guid(96b17efe0a8430a47baa5620919c9598) Importer(2089858483,b0f066a214c2f5e87bad3c948f4d605d) (ScriptedImporter) -> (artifact id: '8b6dd663ef36650fe2ef02a08662abd3') in 0.3158689 seconds
Number of updated asset objects reloaded before import = 0Number of asset objects unloaded after import = 2

========================================================================
Received Import Request.
  Time since last request: 152.277163 seconds.
  path: Assets/Grass And Flowers Pack 1/Ground Textures/Materials/Groundplants 1_D 3.mat
  artifactKey: Guid(455116384903f60439c1d5a410285b19) Importer(2089858483,b0f066a214c2f5e87bad3c948f4d605d)
Start importing Assets/Grass And Flowers Pack 1/Ground Textures/Materials/Groundplants 1_D 3.mat using Guid(455116384903f60439c1d5a410285b19) Importer(2089858483,b0f066a214c2f5e87bad3c948f4d605d) (ScriptedImporter) -> (artifact id: '621668195202eac66aa8bc81e27f1d6c') in 0.0591085 seconds
Number of updated asset objects reloaded before import = 0Number of asset objects unloaded after import = 1

========================================================================
Received Import Request.
  Time since last request: 0.000688 seconds.
  path: Assets/Grass And Flowers Pack 1/Ground Textures/Materials/Groundplants 1_D 62.mat
  artifactKey: Guid(a981142e1a00b9e4a98e56d22aa4aa9d) Importer(2089858483,b0f066a214c2f5e87bad3c948f4d605d)
Start importing Assets/Grass And Flowers Pack 1/Ground Textures/Materials/Groundplants 1_D 62.mat using Guid(a981142e1a00b9e4a98e56d22aa4aa9d) Importer(2089858483,b0f066a214c2f5e87bad3c948f4d605d) (ScriptedImporter) -> (artifact id: 'b1477c561333bd627262a6f8e4ba2c73') in 0.1515232 seconds
Number of updated asset objects reloaded before import = 0Number of asset objects unloaded after import = 1

========================================================================
Received Import Request.
  Time since last request: 0.000072 seconds.
  path: Assets/Grass And Flowers Pack 1/Ground Textures/Materials/Groundplants 1_D 46.mat
  artifactKey: Guid(1a4a7f4e1c3a8224db74c21165ac338b) Importer(2089858483,b0f066a214c2f5e87bad3c948f4d605d)
Start importing Assets/Grass And Flowers Pack 1/Ground Textures/Materials/Groundplants 1_D 46.mat using Guid(1a4a7f4e1c3a8224db74c21165ac338b) Importer(2089858483,b0f066a214c2f5e87bad3c948f4d605d) (ScriptedImporter) -> (artifact id: 'c76dad17e4bd70d6821a65d3a8820ccc') in 0.0565647 seconds
Number of updated asset objects reloaded before import = 0Number of asset objects unloaded after import = 1

========================================================================
Received Import Request.
  Time since last request: 0.000058 seconds.
  path: Assets/Grass And Flowers Pack 1/Ground Textures/Materials/Groundplants 1_D 106.mat
  artifactKey: Guid(afe6d421478ec884d80d9cdab8b31b37) Importer(2089858483,b0f066a214c2f5e87bad3c948f4d605d)
Start importing Assets/Grass And Flowers Pack 1/Ground Textures/Materials/Groundplants 1_D 106.mat using Guid(afe6d421478ec884d80d9cdab8b31b37) Importer(2089858483,b0f066a214c2f5e87bad3c948f4d605d) (ScriptedImporter) -> (artifact id: 'd880778b9ed6eeb17bda11f2d82fa680') in 0.1968391 seconds
Number of updated asset objects reloaded before import = 0Number of asset objects unloaded after import = 1

========================================================================
Received Import Request.
  Time since last request: 0.000078 seconds.
  path: Assets/Grass And Flowers Pack 1/Ground Textures/Materials/Groundplants 1_D 16.mat
  artifactKey: Guid(9116b2cbaad4e1a4b94e708c374a6593) Importer(2089858483,b0f066a214c2f5e87bad3c948f4d605d)
Start importing Assets/Grass And Flowers Pack 1/Ground Textures/Materials/Groundplants 1_D 16.mat using Guid(9116b2cbaad4e1a4b94e708c374a6593) Importer(2089858483,b0f066a214c2f5e87bad3c948f4d605d) (ScriptedImporter) -> (artifact id: '8b43613110c332f228b80e672f4f924b') in 0.1720298 seconds
Number of updated asset objects reloaded before import = 0Number of asset objects unloaded after import = 1

========================================================================
Received Import Request.
  Time since last request: 0.000067 seconds.
  path: Assets/Grass And Flowers Pack 1/Ground Textures/Materials/Groundplants 1_D 41.mat
  artifactKey: Guid(c84f622bae42a6e4e97462581547cf6b) Importer(2089858483,b0f066a214c2f5e87bad3c948f4d605d)
Start importing Assets/Grass And Flowers Pack 1/Ground Textures/Materials/Groundplants 1_D 41.mat using Guid(c84f622bae42a6e4e97462581547cf6b) Importer(2089858483,b0f066a214c2f5e87bad3c948f4d605d) (ScriptedImporter) -> (artifact id: 'b9c9f07dd5b92d9c3d7e34cfbc84785c') in 0.1291595 seconds
Number of updated asset objects reloaded before import = 0Number of asset objects unloaded after import = 1

========================================================================
Received Import Request.
  Time since last request: 0.000102 seconds.
  path: Assets/Grass And Flowers Pack 1/Ground Textures/Materials/Groundplants 1_D 17.mat
  artifactKey: Guid(6ae63684457c7124993403027644c989) Importer(2089858483,b0f066a214c2f5e87bad3c948f4d605d)
Start importing Assets/Grass And Flowers Pack 1/Ground Textures/Materials/Groundplants 1_D 17.mat using Guid(6ae63684457c7124993403027644c989) Importer(2089858483,b0f066a214c2f5e87bad3c948f4d605d) (ScriptedImporter) -> (artifact id: '5ac39556b5103b3e1639c4e13baf419a') in 0.0960386 seconds
Number of updated asset objects reloaded before import = 0Number of asset objects unloaded after import = 1

========================================================================
Received Import Request.
  Time since last request: 0.000063 seconds.
  path: Assets/Grass And Flowers Pack 1/Ground Textures/Materials/Groundplants 1_D 20.mat
  artifactKey: Guid(3c5da29f3fe80564890e65405a28482c) Importer(2089858483,b0f066a214c2f5e87bad3c948f4d605d)
Start importing Assets/Grass And Flowers Pack 1/Ground Textures/Materials/Groundplants 1_D 20.mat using Guid(3c5da29f3fe80564890e65405a28482c) Importer(2089858483,b0f066a214c2f5e87bad3c948f4d605d) (ScriptedImporter) -> (artifact id: 'bc4cdd369d33a917b2d8061ed4a71420') in 0.6367499 seconds
Number of updated asset objects reloaded before import = 0Number of asset objects unloaded after import = 1

========================================================================
Received Import Request.
  Time since last request: 0.000072 seconds.
  path: Assets/Grass And Flowers Pack 1/Ground Textures/Materials/Groundplants 1_D 116.mat
  artifactKey: Guid(843cc6a26e376cd4bad0d1e561109597) Importer(2089858483,b0f066a214c2f5e87bad3c948f4d605d)
Start importing Assets/Grass And Flowers Pack 1/Ground Textures/Materials/Groundplants 1_D 116.mat using Guid(843cc6a26e376cd4bad0d1e561109597) Importer(2089858483,b0f066a214c2f5e87bad3c948f4d605d) (ScriptedImporter) -> (artifact id: 'e211250fa6331cc665f8bb140f8b823d') in 0.1368698 seconds
Number of updated asset objects reloaded before import = 0Number of asset objects unloaded after import = 1

========================================================================
Received Import Request.
  Time since last request: 0.000094 seconds.
  path: Assets/Grass And Flowers Pack 1/Ground Textures/Materials/Groundplants 1_D 57.mat
  artifactKey: Guid(e350a3c49d676554b9cfd64a33d2d178) Importer(2089858483,b0f066a214c2f5e87bad3c948f4d605d)
Start importing Assets/Grass And Flowers Pack 1/Ground Textures/Materials/Groundplants 1_D 57.mat using Guid(e350a3c49d676554b9cfd64a33d2d178) Importer(2089858483,b0f066a214c2f5e87bad3c948f4d605d) (ScriptedImporter) -> (artifact id: '56ddc2f9fc382ff8e8ff7d101bab8de5') in 0.1458858 seconds
Number of updated asset objects reloaded before import = 0Number of asset objects unloaded after import = 1

========================================================================
Received Import Request.
  Time since last request: 0.000113 seconds.
  path: Assets/Grass And Flowers Pack 1/Ground Textures/Materials/Groundplants 1_D 6.mat
  artifactKey: Guid(0a0cb8ec30720de4c814a9a0d31b3807) Importer(2089858483,b0f066a214c2f5e87bad3c948f4d605d)
Start importing Assets/Grass And Flowers Pack 1/Ground Textures/Materials/Groundplants 1_D 6.mat using Guid(0a0cb8ec30720de4c814a9a0d31b3807) Importer(2089858483,b0f066a214c2f5e87bad3c948f4d605d) (ScriptedImporter) -> (artifact id: '54a3140ae4c15de4859c053933f71462') in 0.0645229 seconds
Number of updated asset objects reloaded before import = 0Number of asset objects unloaded after import = 1

========================================================================
Received Import Request.
  Time since last request: 0.000059 seconds.
  path: Assets/Grass And Flowers Pack 1/Ground Textures/Materials/Groundplants 1_D 67.mat
  artifactKey: Guid(827ba57d63264b64083fab75ad60e4a8) Importer(2089858483,b0f066a214c2f5e87bad3c948f4d605d)
Start importing Assets/Grass And Flowers Pack 1/Ground Textures/Materials/Groundplants 1_D 67.mat using Guid(827ba57d63264b64083fab75ad60e4a8) Importer(2089858483,b0f066a214c2f5e87bad3c948f4d605d) (ScriptedImporter) -> (artifact id: '672668091aeea7861ec1bd7360de9714') in 0.1791484 seconds
Number of updated asset objects reloaded before import = 0Number of asset objects unloaded after import = 1

========================================================================
Received Import Request.
  Time since last request: 0.000102 seconds.
  path: Assets/Grass And Flowers Pack 1/Ground Textures/Materials/Groundplants 1_D 124.mat
  artifactKey: Guid(5e3c4982c9305254a81f755129e6cf3b) Importer(2089858483,b0f066a214c2f5e87bad3c948f4d605d)
Start importing Assets/Grass And Flowers Pack 1/Ground Textures/Materials/Groundplants 1_D 124.mat using Guid(5e3c4982c9305254a81f755129e6cf3b) Importer(2089858483,b0f066a214c2f5e87bad3c948f4d605d) (ScriptedImporter) -> (artifact id: '58ca70fdf2deafa19ea9bc75154abcdb') in 0.1516338 seconds
Number of updated asset objects reloaded before import = 0Number of asset objects unloaded after import = 1

========================================================================
Received Import Request.
  Time since last request: 0.000099 seconds.
  path: Assets/Grass And Flowers Pack 1/Ground Textures/Materials/Groundplants 1_D 65.mat
  artifactKey: Guid(2a282f27768773748b37171f4fba80b7) Importer(2089858483,b0f066a214c2f5e87bad3c948f4d605d)
Start importing Assets/Grass And Flowers Pack 1/Ground Textures/Materials/Groundplants 1_D 65.mat using Guid(2a282f27768773748b37171f4fba80b7) Importer(2089858483,b0f066a214c2f5e87bad3c948f4d605d) (ScriptedImporter) -> (artifact id: '042401655ac5b3d579bc75978165ebac') in 0.063697 seconds
Number of updated asset objects reloaded before import = 0Number of asset objects unloaded after import = 1

========================================================================
Received Import Request.
  Time since last request: 0.000075 seconds.
  path: Assets/Grass And Flowers Pack 1/Ground Textures/Materials/Groundplants 1_D 60.mat
  artifactKey: Guid(fda905873ce615149991d71deac1dfbe) Importer(2089858483,b0f066a214c2f5e87bad3c948f4d605d)
Start importing Assets/Grass And Flowers Pack 1/Ground Textures/Materials/Groundplants 1_D 60.mat using Guid(fda905873ce615149991d71deac1dfbe) Importer(2089858483,b0f066a214c2f5e87bad3c948f4d605d) (ScriptedImporter) -> (artifact id: 'c09834f843050091e25a214a0ff31717') in 0.1251164 seconds
Number of updated asset objects reloaded before import = 0Number of asset objects unloaded after import = 1

========================================================================
Received Import Request.
  Time since last request: 0.000102 seconds.
  path: Assets/Grass And Flowers Pack 1/Ground Textures/Materials/Groundplants 1_D 122.mat
  artifactKey: Guid(cdeec8c0a6a682944a78c2adfbd588a3) Importer(2089858483,b0f066a214c2f5e87bad3c948f4d605d)
Start importing Assets/Grass And Flowers Pack 1/Ground Textures/Materials/Groundplants 1_D 122.mat using Guid(cdeec8c0a6a682944a78c2adfbd588a3) Importer(2089858483,b0f066a214c2f5e87bad3c948f4d605d) (ScriptedImporter) -> (artifact id: 'e694224a423ee47b35b3b313bcd5fede') in 0.2336665 seconds
Number of updated asset objects reloaded before import = 0Number of asset objects unloaded after import = 1

========================================================================
Received Import Request.
  Time since last request: 0.000082 seconds.
  path: Assets/Grass And Flowers Pack 1/Ground Textures/Materials/Groundplants 1_D 130.mat
  artifactKey: Guid(fdb7dc13050dbda42a2dee206e4ed206) Importer(2089858483,b0f066a214c2f5e87bad3c948f4d605d)
Start importing Assets/Grass And Flowers Pack 1/Ground Textures/Materials/Groundplants 1_D 130.mat using Guid(fdb7dc13050dbda42a2dee206e4ed206) Importer(2089858483,b0f066a214c2f5e87bad3c948f4d605d) (ScriptedImporter) -> (artifact id: '38a4fdaaa390862ebd4f0c9e8bdfd2d5') in 0.1233654 seconds
Number of updated asset objects reloaded before import = 0Number of asset objects unloaded after import = 1

========================================================================
Received Import Request.
  Time since last request: 0.000052 seconds.
  path: Assets/Grass And Flowers Pack 1/Ground Textures/Materials/Groundplants 1_D 134.mat
  artifactKey: Guid(9c61c9eb4a1b72240b91f0e8c44f0811) Importer(2089858483,b0f066a214c2f5e87bad3c948f4d605d)
Start importing Assets/Grass And Flowers Pack 1/Ground Textures/Materials/Groundplants 1_D 134.mat using Guid(9c61c9eb4a1b72240b91f0e8c44f0811) Importer(2089858483,b0f066a214c2f5e87bad3c948f4d605d) (ScriptedImporter) -> (artifact id: 'a77fec422fb5f1b928f38a5f4a8e3d7a') in 0.162973 seconds
Number of updated asset objects reloaded before import = 0Number of asset objects unloaded after import = 1

========================================================================
Received Import Request.
  Time since last request: 0.000080 seconds.
  path: Assets/Grass And Flowers Pack 1/Ground Textures/Materials/Groundplants 1_D 26.mat
  artifactKey: Guid(9bbeef35d63345044b93116ba5abe024) Importer(2089858483,b0f066a214c2f5e87bad3c948f4d605d)
Start importing Assets/Grass And Flowers Pack 1/Ground Textures/Materials/Groundplants 1_D 26.mat using Guid(9bbeef35d63345044b93116ba5abe024) Importer(2089858483,b0f066a214c2f5e87bad3c948f4d605d) (ScriptedImporter) -> (artifact id: 'ccfb39b362121c05c55497e488025828') in 0.0675153 seconds
Number of updated asset objects reloaded before import = 0Number of asset objects unloaded after import = 1

========================================================================
Received Import Request.
  Time since last request: 0.000055 seconds.
  path: Assets/Grass And Flowers Pack 1/Ground Textures/Materials/Groundplants 1_D 127.mat
  artifactKey: Guid(bc1f8f950ce1279499701f45092c8700) Importer(2089858483,b0f066a214c2f5e87bad3c948f4d605d)
Start importing Assets/Grass And Flowers Pack 1/Ground Textures/Materials/Groundplants 1_D 127.mat using Guid(bc1f8f950ce1279499701f45092c8700) Importer(2089858483,b0f066a214c2f5e87bad3c948f4d605d) (ScriptedImporter) -> (artifact id: '1071388ceea2c4457aeb85e95f5651bf') in 0.1234628 seconds
Number of updated asset objects reloaded before import = 0Number of asset objects unloaded after import = 1

========================================================================
Received Import Request.
  Time since last request: 0.000088 seconds.
  path: Assets/Grass And Flowers Pack 1/Ground Textures/Materials/Groundplants 1_D 98.mat
  artifactKey: Guid(4ed1817edc7565c4db6e61d5e69eb038) Importer(2089858483,b0f066a214c2f5e87bad3c948f4d605d)
Start importing Assets/Grass And Flowers Pack 1/Ground Textures/Materials/Groundplants 1_D 98.mat using Guid(4ed1817edc7565c4db6e61d5e69eb038) Importer(2089858483,b0f066a214c2f5e87bad3c948f4d605d) (ScriptedImporter) -> (artifact id: 'e3237c8f82f9406b7c4a7904d91e3314') in 0.0411957 seconds
Number of updated asset objects reloaded before import = 0Number of asset objects unloaded after import = 1

========================================================================
Received Import Request.
  Time since last request: 0.000068 seconds.
  path: Assets/Grass And Flowers Pack 1/Ground Textures/Materials/Groundplants 1_D 77.mat
  artifactKey: Guid(42c88fd3769a99646893ba9dbc1cb424) Importer(2089858483,b0f066a214c2f5e87bad3c948f4d605d)
Start importing Assets/Grass And Flowers Pack 1/Ground Textures/Materials/Groundplants 1_D 77.mat using Guid(42c88fd3769a99646893ba9dbc1cb424) Importer(2089858483,b0f066a214c2f5e87bad3c948f4d605d) (ScriptedImporter) -> (artifact id: '2a65d5c7741ea18d1c7068764b6aaea5') in 0.0422518 seconds
Number of updated asset objects reloaded before import = 0Number of asset objects unloaded after import = 1

========================================================================
Received Import Request.
  Time since last request: 0.000101 seconds.
  path: Assets/Grass And Flowers Pack 1/Ground Textures/Materials/Groundplants 1_D 138.mat
  artifactKey: Guid(261121d74cc19de409930fac7927eddd) Importer(2089858483,b0f066a214c2f5e87bad3c948f4d605d)
Start importing Assets/Grass And Flowers Pack 1/Ground Textures/Materials/Groundplants 1_D 138.mat using Guid(261121d74cc19de409930fac7927eddd) Importer(2089858483,b0f066a214c2f5e87bad3c948f4d605d) (ScriptedImporter) -> (artifact id: '4fd7ad9c64de0d57a4fd5382e17e71b3') in 0.0408172 seconds
Number of updated asset objects reloaded before import = 0Number of asset objects unloaded after import = 1

========================================================================
Received Import Request.
  Time since last request: 0.000054 seconds.
  path: Assets/Grass And Flowers Pack 1/Ground Textures/Materials/Groundplants 1_D 119.mat
  artifactKey: Guid(ead5941220229d54bba27139b6a1094b) Importer(2089858483,b0f066a214c2f5e87bad3c948f4d605d)
Start importing Assets/Grass And Flowers Pack 1/Ground Textures/Materials/Groundplants 1_D 119.mat using Guid(ead5941220229d54bba27139b6a1094b) Importer(2089858483,b0f066a214c2f5e87bad3c948f4d605d) (ScriptedImporter) -> (artifact id: 'cde0792f2202d24b12027addf50f9f72') in 0.0368738 seconds
Number of updated asset objects reloaded before import = 0Number of asset objects unloaded after import = 1

========================================================================
Received Import Request.
  Time since last request: 0.000160 seconds.
  path: Assets/Grass And Flowers Pack 1/Ground Textures/Materials/Groundplants 1_D 142.mat
  artifactKey: Guid(3676a2d4c88058c4e9d1927a95683bca) Importer(2089858483,b0f066a214c2f5e87bad3c948f4d605d)
Start importing Assets/Grass And Flowers Pack 1/Ground Textures/Materials/Groundplants 1_D 142.mat using Guid(3676a2d4c88058c4e9d1927a95683bca) Importer(2089858483,b0f066a214c2f5e87bad3c948f4d605d) (ScriptedImporter) -> (artifact id: '117e0015bc671b17e8fa93f883581285') in 0.0367952 seconds
Number of updated asset objects reloaded before import = 0Number of asset objects unloaded after import = 1

========================================================================
Received Import Request.
  Time since last request: 0.000084 seconds.
  path: Assets/Grass And Flowers Pack 1/Ground Textures/Materials/Groundplants 1_D 145.mat
  artifactKey: Guid(7ceeb0b6c00dc3149bb29a0a9a997dd6) Importer(2089858483,b0f066a214c2f5e87bad3c948f4d605d)
Start importing Assets/Grass And Flowers Pack 1/Ground Textures/Materials/Groundplants 1_D 145.mat using Guid(7ceeb0b6c00dc3149bb29a0a9a997dd6) Importer(2089858483,b0f066a214c2f5e87bad3c948f4d605d) (ScriptedImporter) -> (artifact id: '4add18a3dd3bcb05e687c83b89cd9f68') in 0.0404367 seconds
Number of updated asset objects reloaded before import = 0Number of asset objects unloaded after import = 1

========================================================================
Received Import Request.
  Time since last request: 0.000055 seconds.
  path: Assets/Grass And Flowers Pack 1/Ground Textures/Materials/Groundplants 1_D 108.mat
  artifactKey: Guid(befb6f0bec9a2d64da26f2be3f92a803) Importer(2089858483,b0f066a214c2f5e87bad3c948f4d605d)
Start importing Assets/Grass And Flowers Pack 1/Ground Textures/Materials/Groundplants 1_D 108.mat using Guid(befb6f0bec9a2d64da26f2be3f92a803) Importer(2089858483,b0f066a214c2f5e87bad3c948f4d605d) (ScriptedImporter) -> (artifact id: 'bcad5babda449f19d85f8b03883e60a0') in 0.0425878 seconds
Number of updated asset objects reloaded before import = 0Number of asset objects unloaded after import = 1

========================================================================
Received Import Request.
  Time since last request: 0.000064 seconds.
  path: Assets/Grass And Flowers Pack 1/Ground Textures/Materials/Groundplants 1_D 83.mat
  artifactKey: Guid(48fa01d6c8440ad40ac716ad4cf9d7a8) Importer(2089858483,b0f066a214c2f5e87bad3c948f4d605d)
Start importing Assets/Grass And Flowers Pack 1/Ground Textures/Materials/Groundplants 1_D 83.mat using Guid(48fa01d6c8440ad40ac716ad4cf9d7a8) Importer(2089858483,b0f066a214c2f5e87bad3c948f4d605d) (ScriptedImporter) -> (artifact id: 'f45b64cb09fbf36d0474c117b38072b5') in 0.0330031 seconds
Number of updated asset objects reloaded before import = 0Number of asset objects unloaded after import = 1

========================================================================
Received Import Request.
  Time since last request: 0.000062 seconds.
  path: Assets/Grass And Flowers Pack 1/Ground Textures/Materials/Groundplants 1_D 90.mat
  artifactKey: Guid(4f0917b13de4c614585867a01abc563b) Importer(2089858483,b0f066a214c2f5e87bad3c948f4d605d)
Start importing Assets/Grass And Flowers Pack 1/Ground Textures/Materials/Groundplants 1_D 90.mat using Guid(4f0917b13de4c614585867a01abc563b) Importer(2089858483,b0f066a214c2f5e87bad3c948f4d605d) (ScriptedImporter) -> (artifact id: '14e330d4243c3b66d8b25d2c4e12226a') in 0.0444824 seconds
Number of updated asset objects reloaded before import = 0Number of asset objects unloaded after import = 1

========================================================================
Received Import Request.
  Time since last request: 0.000071 seconds.
  path: Assets/Grass And Flowers Pack 1/Ground Textures/Materials/Groundplants 1_D 88.mat
  artifactKey: Guid(7af83ba78c5f4f14ebd0d3da2c436f2b) Importer(2089858483,b0f066a214c2f5e87bad3c948f4d605d)
Start importing Assets/Grass And Flowers Pack 1/Ground Textures/Materials/Groundplants 1_D 88.mat using Guid(7af83ba78c5f4f14ebd0d3da2c436f2b) Importer(2089858483,b0f066a214c2f5e87bad3c948f4d605d) (ScriptedImporter) -> (artifact id: '5dc3c6c2e4b663c810b1b2e2ac871e28') in 0.0474086 seconds
Number of updated asset objects reloaded before import = 0Number of asset objects unloaded after import = 1

========================================================================
Received Import Request.
  Time since last request: 0.000058 seconds.
  path: Assets/Grass And Flowers Pack 1/Ground Textures/Materials/Groundplants 1_D 48.mat
  artifactKey: Guid(a0ca4970a124c26428ad5fae18329b56) Importer(2089858483,b0f066a214c2f5e87bad3c948f4d605d)
Start importing Assets/Grass And Flowers Pack 1/Ground Textures/Materials/Groundplants 1_D 48.mat using Guid(a0ca4970a124c26428ad5fae18329b56) Importer(2089858483,b0f066a214c2f5e87bad3c948f4d605d) (ScriptedImporter) -> (artifact id: '5c1505db4a8a86734d20a8f20956bafb') in 0.037829 seconds
Number of updated asset objects reloaded before import = 0Number of asset objects unloaded after import = 1

========================================================================
Received Import Request.
  Time since last request: 0.000084 seconds.
  path: Assets/Grass And Flowers Pack 1/Ground Textures/Materials/Groundplants 1_D 133.mat
  artifactKey: Guid(e04ae350787e24248aa4a0d539654c07) Importer(2089858483,b0f066a214c2f5e87bad3c948f4d605d)
Start importing Assets/Grass And Flowers Pack 1/Ground Textures/Materials/Groundplants 1_D 133.mat using Guid(e04ae350787e24248aa4a0d539654c07) Importer(2089858483,b0f066a214c2f5e87bad3c948f4d605d) (ScriptedImporter) -> (artifact id: 'ccb574c278dfbadcff5e332b12c3ec3c') in 0.0457687 seconds
Number of updated asset objects reloaded before import = 0Number of asset objects unloaded after import = 1

========================================================================
Received Import Request.
  Time since last request: 0.000059 seconds.
  path: Assets/Grass And Flowers Pack 1/Ground Textures/Materials/Groundplants 1_D 159.mat
  artifactKey: Guid(f93ea23c0ee178d4da9b9cd366c5ac41) Importer(2089858483,b0f066a214c2f5e87bad3c948f4d605d)
Start importing Assets/Grass And Flowers Pack 1/Ground Textures/Materials/Groundplants 1_D 159.mat using Guid(f93ea23c0ee178d4da9b9cd366c5ac41) Importer(2089858483,b0f066a214c2f5e87bad3c948f4d605d) (ScriptedImporter) -> (artifact id: 'fc474bfd69d39f598b89742b691176e6') in 0.0422584 seconds
Number of updated asset objects reloaded before import = 0Number of asset objects unloaded after import = 1

========================================================================
Received Import Request.
  Time since last request: 0.000063 seconds.
  path: Assets/Grass And Flowers Pack 1/Ground Textures/Materials/Groundplants 1_D 70.mat
  artifactKey: Guid(efbbbfac9de2655498efd33cc2d51f25) Importer(2089858483,b0f066a214c2f5e87bad3c948f4d605d)
Start importing Assets/Grass And Flowers Pack 1/Ground Textures/Materials/Groundplants 1_D 70.mat using Guid(efbbbfac9de2655498efd33cc2d51f25) Importer(2089858483,b0f066a214c2f5e87bad3c948f4d605d) (ScriptedImporter) -> (artifact id: '4c6663d933022383f7f7167acbdb7e6f') in 0.0435113 seconds
Number of updated asset objects reloaded before import = 0Number of asset objects unloaded after import = 1

========================================================================
Received Import Request.
  Time since last request: 0.000091 seconds.
  path: Assets/Grass And Flowers Pack 1/Ground Textures/Materials/Groundplants 1_D 167.mat
  artifactKey: Guid(53aa119f1329dee4eb83da6a666f50cb) Importer(2089858483,b0f066a214c2f5e87bad3c948f4d605d)
Start importing Assets/Grass And Flowers Pack 1/Ground Textures/Materials/Groundplants 1_D 167.mat using Guid(53aa119f1329dee4eb83da6a666f50cb) Importer(2089858483,b0f066a214c2f5e87bad3c948f4d605d) (ScriptedImporter) -> (artifact id: '98d4a802dcc84ddc8f62131e6a185344') in 0.072108 seconds
Number of updated asset objects reloaded before import = 0Number of asset objects unloaded after import = 1

========================================================================
Received Import Request.
  Time since last request: 0.000055 seconds.
  path: Assets/Grass And Flowers Pack 1/Ground Textures/Materials/Groundplants 1_D 38.mat
  artifactKey: Guid(9ef65e7602b23784b9d5c4a5956952e6) Importer(2089858483,b0f066a214c2f5e87bad3c948f4d605d)
Start importing Assets/Grass And Flowers Pack 1/Ground Textures/Materials/Groundplants 1_D 38.mat using Guid(9ef65e7602b23784b9d5c4a5956952e6) Importer(2089858483,b0f066a214c2f5e87bad3c948f4d605d) (ScriptedImporter) -> (artifact id: '38cff72b498adec02ca843348d1541e0') in 0.0492245 seconds
Number of updated asset objects reloaded before import = 0Number of asset objects unloaded after import = 1

========================================================================
Received Import Request.
  Time since last request: 0.000073 seconds.
  path: Assets/Grass And Flowers Pack 1/Ground Textures/Materials/Groundplants 1_D 170.mat
  artifactKey: Guid(da506ba51aeb28d4a952af8ce29f65ca) Importer(2089858483,b0f066a214c2f5e87bad3c948f4d605d)
Start importing Assets/Grass And Flowers Pack 1/Ground Textures/Materials/Groundplants 1_D 170.mat using Guid(da506ba51aeb28d4a952af8ce29f65ca) Importer(2089858483,b0f066a214c2f5e87bad3c948f4d605d) (ScriptedImporter) -> (artifact id: '9eab0fdab297bd17452bdba2ad966fd8') in 0.0399266 seconds
Number of updated asset objects reloaded before import = 0Number of asset objects unloaded after import = 1

========================================================================
Received Import Request.
  Time since last request: 0.000087 seconds.
  path: Assets/Grass And Flowers Pack 1/Ground Textures/Materials/Groundplants 1_D 84.mat
  artifactKey: Guid(03fa71d886bd97347bc706617aadee7c) Importer(2089858483,b0f066a214c2f5e87bad3c948f4d605d)
Start importing Assets/Grass And Flowers Pack 1/Ground Textures/Materials/Groundplants 1_D 84.mat using Guid(03fa71d886bd97347bc706617aadee7c) Importer(2089858483,b0f066a214c2f5e87bad3c948f4d605d) (ScriptedImporter) -> (artifact id: 'c4c7261074d4a37cb05097c17a846695') in 0.0387793 seconds
Number of updated asset objects reloaded before import = 0Number of asset objects unloaded after import = 1

========================================================================
Received Import Request.
  Time since last request: 0.000090 seconds.
  path: Assets/Grass And Flowers Pack 1/Ground Textures/Materials/Groundplants 1_D 54.mat
  artifactKey: Guid(30e9c20fb55209c49b18ad17f8f29e3b) Importer(2089858483,b0f066a214c2f5e87bad3c948f4d605d)
Start importing Assets/Grass And Flowers Pack 1/Ground Textures/Materials/Groundplants 1_D 54.mat using Guid(30e9c20fb55209c49b18ad17f8f29e3b) Importer(2089858483,b0f066a214c2f5e87bad3c948f4d605d) (ScriptedImporter) -> (artifact id: 'b2bcb4f1e8cc0627ce5cb712bb96143e') in 0.0382624 seconds
Number of updated asset objects reloaded before import = 0Number of asset objects unloaded after import = 1

========================================================================
Received Import Request.
  Time since last request: 0.000054 seconds.
  path: Assets/Grass And Flowers Pack 1/Ground Textures/Materials/Groundplants 1_D 172.mat
  artifactKey: Guid(3b024432c212608458603e5d849d48d8) Importer(2089858483,b0f066a214c2f5e87bad3c948f4d605d)
Start importing Assets/Grass And Flowers Pack 1/Ground Textures/Materials/Groundplants 1_D 172.mat using Guid(3b024432c212608458603e5d849d48d8) Importer(2089858483,b0f066a214c2f5e87bad3c948f4d605d) (ScriptedImporter) -> (artifact id: '1488b70f24cc70b920c74eca016c9843') in 0.0446179 seconds
Number of updated asset objects reloaded before import = 0Number of asset objects unloaded after import = 1

========================================================================
Received Import Request.
  Time since last request: 0.000083 seconds.
  path: Assets/Grass And Flowers Pack 1/Ground Textures/Materials/Groundplants 1_D 8.mat
  artifactKey: Guid(ed37e956520de9b4eb072ead4045a414) Importer(2089858483,b0f066a214c2f5e87bad3c948f4d605d)
Start importing Assets/Grass And Flowers Pack 1/Ground Textures/Materials/Groundplants 1_D 8.mat using Guid(ed37e956520de9b4eb072ead4045a414) Importer(2089858483,b0f066a214c2f5e87bad3c948f4d605d) (ScriptedImporter) -> (artifact id: '75efc014d182155eaaa7410fb2ef0e27') in 0.0399139 seconds
Number of updated asset objects reloaded before import = 0Number of asset objects unloaded after import = 1

========================================================================
Received Import Request.
  Time since last request: 0.000073 seconds.
  path: Assets/Grass And Flowers Pack 1/Ground Textures/Materials/Groundplants 1_D 53.mat
  artifactKey: Guid(9ec24ee6083ebe343856be453c7e0cc8) Importer(2089858483,b0f066a214c2f5e87bad3c948f4d605d)
Start importing Assets/Grass And Flowers Pack 1/Ground Textures/Materials/Groundplants 1_D 53.mat using Guid(9ec24ee6083ebe343856be453c7e0cc8) Importer(2089858483,b0f066a214c2f5e87bad3c948f4d605d) (ScriptedImporter) -> (artifact id: '8589d2c5dcfba735d8ab3b6864b2de98') in 0.0402128 seconds
Number of updated asset objects reloaded before import = 0Number of asset objects unloaded after import = 1

========================================================================
Received Import Request.
  Time since last request: 0.000055 seconds.
  path: Assets/Grass And Flowers Pack 1/Ground Textures/Materials/Groundplants 1_D 178.mat
  artifactKey: Guid(39bd574ae3a564e489fa254a727b6af0) Importer(2089858483,b0f066a214c2f5e87bad3c948f4d605d)
Start importing Assets/Grass And Flowers Pack 1/Ground Textures/Materials/Groundplants 1_D 178.mat using Guid(39bd574ae3a564e489fa254a727b6af0) Importer(2089858483,b0f066a214c2f5e87bad3c948f4d605d) (ScriptedImporter) -> (artifact id: 'befe23709fd6f6f5d0208774e8cf4ff7') in 0.0426836 seconds
Number of updated asset objects reloaded before import = 0Number of asset objects unloaded after import = 1

========================================================================
Received Import Request.
  Time since last request: 0.000074 seconds.
  path: Assets/Grass And Flowers Pack 1/Ground Textures/Materials/Groundplants 1_D 64.mat
  artifactKey: Guid(408871a21529bce48afc57c8c20e4445) Importer(2089858483,b0f066a214c2f5e87bad3c948f4d605d)
Start importing Assets/Grass And Flowers Pack 1/Ground Textures/Materials/Groundplants 1_D 64.mat using Guid(408871a21529bce48afc57c8c20e4445) Importer(2089858483,b0f066a214c2f5e87bad3c948f4d605d) (ScriptedImporter) -> (artifact id: '6c8810794bf85c60224addfb4778e0c3') in 0.0414722 seconds
Number of updated asset objects reloaded before import = 0Number of asset objects unloaded after import = 1

========================================================================
Received Import Request.
  Time since last request: 0.000082 seconds.
  path: Assets/Grass And Flowers Pack 1/Ground Textures/Materials/Groundplants 1_D 187.mat
  artifactKey: Guid(c123a37819fe2544187a2d980b53ac33) Importer(2089858483,b0f066a214c2f5e87bad3c948f4d605d)
Start importing Assets/Grass And Flowers Pack 1/Ground Textures/Materials/Groundplants 1_D 187.mat using Guid(c123a37819fe2544187a2d980b53ac33) Importer(2089858483,b0f066a214c2f5e87bad3c948f4d605d) (ScriptedImporter) -> (artifact id: '42079ebd5ec85930f190722059ffc3d3') in 0.0451974 seconds
Number of updated asset objects reloaded before import = 0Number of asset objects unloaded after import = 1

========================================================================
Received Import Request.
  Time since last request: 0.000069 seconds.
  path: Assets/Grass And Flowers Pack 1/Ground Textures/Materials/Groundplants 1_D 157.mat
  artifactKey: Guid(0a296ce86db94284ab9efe33edf93170) Importer(2089858483,b0f066a214c2f5e87bad3c948f4d605d)
Start importing Assets/Grass And Flowers Pack 1/Ground Textures/Materials/Groundplants 1_D 157.mat using Guid(0a296ce86db94284ab9efe33edf93170) Importer(2089858483,b0f066a214c2f5e87bad3c948f4d605d) (ScriptedImporter) -> (artifact id: 'ec1ac5ab00eb147f51a17e0059c38614') in 0.0447671 seconds
Number of updated asset objects reloaded before import = 0Number of asset objects unloaded after import = 1

========================================================================
Received Import Request.
  Time since last request: 0.000093 seconds.
  path: Assets/Grass And Flowers Pack 1/Ground Textures/Materials/Groundplants 1_D 72.mat
  artifactKey: Guid(b7ae320842d5ec74bba1acd6be764421) Importer(2089858483,b0f066a214c2f5e87bad3c948f4d605d)
Start importing Assets/Grass And Flowers Pack 1/Ground Textures/Materials/Groundplants 1_D 72.mat using Guid(b7ae320842d5ec74bba1acd6be764421) Importer(2089858483,b0f066a214c2f5e87bad3c948f4d605d) (ScriptedImporter) -> (artifact id: '3bdbe7b5b54a3e0f167093227b000825') in 0.0456587 seconds
Number of updated asset objects reloaded before import = 0Number of asset objects unloaded after import = 1

========================================================================
Received Import Request.
  Time since last request: 0.000066 seconds.
  path: Assets/Grass And Flowers Pack 1/Ground Textures/Materials/Groundplants 1_D 189.mat
  artifactKey: Guid(2c8bd6a6320c45b4ca26d8c3f0c9208d) Importer(2089858483,b0f066a214c2f5e87bad3c948f4d605d)
Start importing Assets/Grass And Flowers Pack 1/Ground Textures/Materials/Groundplants 1_D 189.mat using Guid(2c8bd6a6320c45b4ca26d8c3f0c9208d) Importer(2089858483,b0f066a214c2f5e87bad3c948f4d605d) (ScriptedImporter) -> (artifact id: '77b369a208dd8c03048c738b268bbf16') in 0.048729 seconds
Number of updated asset objects reloaded before import = 0Number of asset objects unloaded after import = 1

========================================================================
Received Import Request.
  Time since last request: 0.000125 seconds.
  path: Assets/Grass And Flowers Pack 1/Ground Textures/Materials/Groundplants 1_D 51.mat
  artifactKey: Guid(ce1c3a14c11cd4644965297af2d16310) Importer(2089858483,b0f066a214c2f5e87bad3c948f4d605d)
Start importing Assets/Grass And Flowers Pack 1/Ground Textures/Materials/Groundplants 1_D 51.mat using Guid(ce1c3a14c11cd4644965297af2d16310) Importer(2089858483,b0f066a214c2f5e87bad3c948f4d605d) (ScriptedImporter) -> (artifact id: '676673571d863b48e3aca17c54e545ee') in 0.0471981 seconds
Number of updated asset objects reloaded before import = 0Number of asset objects unloaded after import = 1

========================================================================
Received Import Request.
  Time since last request: 0.000087 seconds.
  path: Assets/Grass And Flowers Pack 1/Ground Textures/Materials/Groundplants 1_D 194.mat
  artifactKey: Guid(0bba2abef34692846880930b4cce00a1) Importer(2089858483,b0f066a214c2f5e87bad3c948f4d605d)
Start importing Assets/Grass And Flowers Pack 1/Ground Textures/Materials/Groundplants 1_D 194.mat using Guid(0bba2abef34692846880930b4cce00a1) Importer(2089858483,b0f066a214c2f5e87bad3c948f4d605d) (ScriptedImporter) -> (artifact id: '7a6b993401c2c5fb0263f80e51c6379c') in 0.035704 seconds
Number of updated asset objects reloaded before import = 0Number of asset objects unloaded after import = 1

========================================================================
Received Import Request.
  Time since last request: 0.000047 seconds.
  path: Assets/Grass And Flowers Pack 1/Ground Textures/Materials/Groundplants 1_D 12.mat
  artifactKey: Guid(066cd79aac0159b4090b5a554bbd90bc) Importer(2089858483,b0f066a214c2f5e87bad3c948f4d605d)
Start importing Assets/Grass And Flowers Pack 1/Ground Textures/Materials/Groundplants 1_D 12.mat using Guid(066cd79aac0159b4090b5a554bbd90bc) Importer(2089858483,b0f066a214c2f5e87bad3c948f4d605d) (ScriptedImporter) -> (artifact id: 'bb05cc3849bf224a57573a1388bbccad') in 0.0457354 seconds
Number of updated asset objects reloaded before import = 0Number of asset objects unloaded after import = 1

========================================================================
Received Import Request.
  Time since last request: 0.000086 seconds.
  path: Assets/Grass And Flowers Pack 1/Ground Textures/Materials/Groundplants 1_D 73.mat
  artifactKey: Guid(4c84bb5e44ff2fa45ad0f13b4fbb36b2) Importer(2089858483,b0f066a214c2f5e87bad3c948f4d605d)
Start importing Assets/Grass And Flowers Pack 1/Ground Textures/Materials/Groundplants 1_D 73.mat using Guid(4c84bb5e44ff2fa45ad0f13b4fbb36b2) Importer(2089858483,b0f066a214c2f5e87bad3c948f4d605d) (ScriptedImporter) -> (artifact id: 'ab4d5cc4582a8749aadb8fae7be02e1e') in 0.0454765 seconds
Number of updated asset objects reloaded before import = 0Number of asset objects unloaded after import = 1

========================================================================
Received Import Request.
  Time since last request: 0.000076 seconds.
  path: Assets/Grass And Flowers Pack 1/Ground Textures/Materials/Groundplants 1_D 132.mat
  artifactKey: Guid(e7c6d45c870276643978460c7d98f897) Importer(2089858483,b0f066a214c2f5e87bad3c948f4d605d)
Start importing Assets/Grass And Flowers Pack 1/Ground Textures/Materials/Groundplants 1_D 132.mat using Guid(e7c6d45c870276643978460c7d98f897) Importer(2089858483,b0f066a214c2f5e87bad3c948f4d605d) (ScriptedImporter) -> (artifact id: '7828aacf35ce751a49c866c8d438e861') in 0.0697971 seconds
Number of updated asset objects reloaded before import = 0Number of asset objects unloaded after import = 1

========================================================================
Received Import Request.
  Time since last request: 0.000049 seconds.
  path: Assets/Grass And Flowers Pack 1/Ground Textures/Materials/Groundplants 1_D 31.mat
  artifactKey: Guid(f0c49eaaee5bac9428675e0a52a4d321) Importer(2089858483,b0f066a214c2f5e87bad3c948f4d605d)
Start importing Assets/Grass And Flowers Pack 1/Ground Textures/Materials/Groundplants 1_D 31.mat using Guid(f0c49eaaee5bac9428675e0a52a4d321) Importer(2089858483,b0f066a214c2f5e87bad3c948f4d605d) (ScriptedImporter) -> (artifact id: '48aa4fea0800c440acac7403a0e184d8') in 0.0456974 seconds
Number of updated asset objects reloaded before import = 0Number of asset objects unloaded after import = 1

========================================================================
Received Import Request.
  Time since last request: 0.000104 seconds.
  path: Assets/Grass And Flowers Pack 1/Ground Textures/Materials/Groundplants 1_D 147.mat
  artifactKey: Guid(ac109928baaace74d807333fef435666) Importer(2089858483,b0f066a214c2f5e87bad3c948f4d605d)
Start importing Assets/Grass And Flowers Pack 1/Ground Textures/Materials/Groundplants 1_D 147.mat using Guid(ac109928baaace74d807333fef435666) Importer(2089858483,b0f066a214c2f5e87bad3c948f4d605d) (ScriptedImporter) -> (artifact id: '2bec8a84b8d6016cf9c41027a4389a5a') in 0.0969745 seconds
Number of updated asset objects reloaded before import = 0Number of asset objects unloaded after import = 1

========================================================================
Received Import Request.
  Time since last request: 0.000079 seconds.
  path: Assets/Grass And Flowers Pack 1/Ground Textures/Materials/Groundplants 1_D 204.mat
  artifactKey: Guid(c5e73e2a411f9b74d9b664e80f6cb680) Importer(2089858483,b0f066a214c2f5e87bad3c948f4d605d)
Start importing Assets/Grass And Flowers Pack 1/Ground Textures/Materials/Groundplants 1_D 204.mat using Guid(c5e73e2a411f9b74d9b664e80f6cb680) Importer(2089858483,b0f066a214c2f5e87bad3c948f4d605d) (ScriptedImporter) -> (artifact id: 'bd51102455528b2055397f93a6fd6dbb') in 0.0615754 seconds
Number of updated asset objects reloaded before import = 0Number of asset objects unloaded after import = 1

========================================================================
Received Import Request.
  Time since last request: 0.000061 seconds.
  path: Assets/Grass And Flowers Pack 1/Ground Textures/Materials/Groundplants 1_D 123.mat
  artifactKey: Guid(160faa35938fa224e89f2aa5d402a751) Importer(2089858483,b0f066a214c2f5e87bad3c948f4d605d)
Start importing Assets/Grass And Flowers Pack 1/Ground Textures/Materials/Groundplants 1_D 123.mat using Guid(160faa35938fa224e89f2aa5d402a751) Importer(2089858483,b0f066a214c2f5e87bad3c948f4d605d) (ScriptedImporter) -> (artifact id: 'b0466c28cc640da82f929af38f170ea5') in 0.1474878 seconds
Number of updated asset objects reloaded before import = 0Number of asset objects unloaded after import = 1

========================================================================
Received Import Request.
  Time since last request: 0.000081 seconds.
  path: Assets/Grass And Flowers Pack 1/Ground Textures/Materials/Groundplants 1_D 209.mat
  artifactKey: Guid(ddc3ec0f911ed6f4fba4caf2f00284f6) Importer(2089858483,b0f066a214c2f5e87bad3c948f4d605d)
Start importing Assets/Grass And Flowers Pack 1/Ground Textures/Materials/Groundplants 1_D 209.mat using Guid(ddc3ec0f911ed6f4fba4caf2f00284f6) Importer(2089858483,b0f066a214c2f5e87bad3c948f4d605d) (ScriptedImporter) -> (artifact id: '0b077cce65322847af917e265f225c34') in 0.0675278 seconds
Number of updated asset objects reloaded before import = 0Number of asset objects unloaded after import = 1

========================================================================
Received Import Request.
  Time since last request: 0.000068 seconds.
  path: Assets/Grass And Flowers Pack 1/Ground Textures/Materials/Groundplants 1_D 80.mat
  artifactKey: Guid(9a3e592278504d04d98c354ba539d7c9) Importer(2089858483,b0f066a214c2f5e87bad3c948f4d605d)
Start importing Assets/Grass And Flowers Pack 1/Ground Textures/Materials/Groundplants 1_D 80.mat using Guid(9a3e592278504d04d98c354ba539d7c9) Importer(2089858483,b0f066a214c2f5e87bad3c948f4d605d) (ScriptedImporter) -> (artifact id: '15c2ab08e9bb9259648666e130425453') in 0.2057617 seconds
Number of updated asset objects reloaded before import = 0Number of asset objects unloaded after import = 1

========================================================================
Received Import Request.
  Time since last request: 0.000072 seconds.
  path: Assets/Grass And Flowers Pack 1/Ground Textures/Materials/Groundplants 1_D 215.mat
  artifactKey: Guid(bff3719abdaa7df4f82b33ddab8a1f10) Importer(2089858483,b0f066a214c2f5e87bad3c948f4d605d)
Start importing Assets/Grass And Flowers Pack 1/Ground Textures/Materials/Groundplants 1_D 215.mat using Guid(bff3719abdaa7df4f82b33ddab8a1f10) Importer(2089858483,b0f066a214c2f5e87bad3c948f4d605d) (ScriptedImporter) -> (artifact id: '809161f7645e5a29e24e89dc160eb62e') in 0.103228 seconds
Number of updated asset objects reloaded before import = 0Number of asset objects unloaded after import = 1

========================================================================
Received Import Request.
  Time since last request: 0.000063 seconds.
  path: Assets/Grass And Flowers Pack 1/Ground Textures/Materials/Groundplants 1_D 10.mat
  artifactKey: Guid(b7f82d57a0d11644fb1d044b4c22bb8b) Importer(2089858483,b0f066a214c2f5e87bad3c948f4d605d)
Start importing Assets/Grass And Flowers Pack 1/Ground Textures/Materials/Groundplants 1_D 10.mat using Guid(b7f82d57a0d11644fb1d044b4c22bb8b) Importer(2089858483,b0f066a214c2f5e87bad3c948f4d605d) (ScriptedImporter) -> (artifact id: 'af868c6c700033eb889c3f0d409bd7bd') in 0.058721 seconds
Number of updated asset objects reloaded before import = 0Number of asset objects unloaded after import = 1

========================================================================
Received Import Request.
  Time since last request: 0.000071 seconds.
  path: Assets/Grass And Flowers Pack 1/Ground Textures/Materials/Groundplants 1_D 217.mat
  artifactKey: Guid(67dc2b86380e1d141904f049cd8ebbc0) Importer(2089858483,b0f066a214c2f5e87bad3c948f4d605d)
Start importing Assets/Grass And Flowers Pack 1/Ground Textures/Materials/Groundplants 1_D 217.mat using Guid(67dc2b86380e1d141904f049cd8ebbc0) Importer(2089858483,b0f066a214c2f5e87bad3c948f4d605d) (ScriptedImporter) -> (artifact id: '6ad75d06f407eec9c0b1f46b5b2904af') in 0.2514166 seconds
Number of updated asset objects reloaded before import = 0Number of asset objects unloaded after import = 1

========================================================================
Received Import Request.
  Time since last request: 0.000097 seconds.
  path: Assets/Grass And Flowers Pack 1/Ground Textures/Materials/Groundplants 1_D 140.mat
  artifactKey: Guid(9e62c74c6edf72744b2d06c391cf4620) Importer(2089858483,b0f066a214c2f5e87bad3c948f4d605d)
Start importing Assets/Grass And Flowers Pack 1/Ground Textures/Materials/Groundplants 1_D 140.mat using Guid(9e62c74c6edf72744b2d06c391cf4620) Importer(2089858483,b0f066a214c2f5e87bad3c948f4d605d) (ScriptedImporter) -> (artifact id: 'd36b24300083bde484012263db0bd5b3') in 0.1672808 seconds
Number of updated asset objects reloaded before import = 0Number of asset objects unloaded after import = 1

========================================================================
Received Import Request.
  Time since last request: 0.000109 seconds.
  path: Assets/Grass And Flowers Pack 1/Ground Textures/Materials/Groundplants 1_D 222.mat
  artifactKey: Guid(b8ea075da3c1dda4d837af49e298a12d) Importer(2089858483,b0f066a214c2f5e87bad3c948f4d605d)
Start importing Assets/Grass And Flowers Pack 1/Ground Textures/Materials/Groundplants 1_D 222.mat using Guid(b8ea075da3c1dda4d837af49e298a12d) Importer(2089858483,b0f066a214c2f5e87bad3c948f4d605d) (ScriptedImporter) -> (artifact id: '81b97accc9128fbc452423ce6d5d2f50') in 0.1373392 seconds
Number of updated asset objects reloaded before import = 0Number of asset objects unloaded after import = 1

========================================================================
Received Import Request.
  Time since last request: 0.000087 seconds.
  path: Assets/Grass And Flowers Pack 1/Ground Textures/Materials/Groundplants 1_D 225.mat
  artifactKey: Guid(2f7e6a0deef1d7e41a2401d1a1147e34) Importer(2089858483,b0f066a214c2f5e87bad3c948f4d605d)
Start importing Assets/Grass And Flowers Pack 1/Ground Textures/Materials/Groundplants 1_D 225.mat using Guid(2f7e6a0deef1d7e41a2401d1a1147e34) Importer(2089858483,b0f066a214c2f5e87bad3c948f4d605d) (ScriptedImporter) -> (artifact id: '0e9307388b4f7ff55da0948a344d8c69') in 0.2779111 seconds
Number of updated asset objects reloaded before import = 0Number of asset objects unloaded after import = 1

========================================================================
Received Import Request.
  Time since last request: 0.000173 seconds.
  path: Assets/Grass And Flowers Pack 1/Ground Textures/Materials/Groundplants 1_D 227.mat
  artifactKey: Guid(226594b4db5bfa147bd1669580f77356) Importer(2089858483,b0f066a214c2f5e87bad3c948f4d605d)
Start importing Assets/Grass And Flowers Pack 1/Ground Textures/Materials/Groundplants 1_D 227.mat using Guid(226594b4db5bfa147bd1669580f77356) Importer(2089858483,b0f066a214c2f5e87bad3c948f4d605d) (ScriptedImporter) -> (artifact id: '43523124f1a0523ceac584c4bfb97f76') in 0.2712964 seconds
Number of updated asset objects reloaded before import = 0Number of asset objects unloaded after import = 1

========================================================================
Received Import Request.
  Time since last request: 0.000068 seconds.
  path: Assets/Grass And Flowers Pack 1/Ground Textures/Materials/Groundplants 1_D 171.mat
  artifactKey: Guid(c856c4ff8d25a4d4785d9669ca538d0f) Importer(2089858483,b0f066a214c2f5e87bad3c948f4d605d)
Start importing Assets/Grass And Flowers Pack 1/Ground Textures/Materials/Groundplants 1_D 171.mat using Guid(c856c4ff8d25a4d4785d9669ca538d0f) Importer(2089858483,b0f066a214c2f5e87bad3c948f4d605d) (ScriptedImporter) -> (artifact id: 'c8ee8f1352dbd398305241ab4d3c3c62') in 0.0673722 seconds
Number of updated asset objects reloaded before import = 0Number of asset objects unloaded after import = 1

========================================================================
Received Import Request.
  Time since last request: 0.000070 seconds.
  path: Assets/Grass And Flowers Pack 1/Ground Textures/Materials/Groundplants 1_D 229.mat
  artifactKey: Guid(6bb12ae9cdd329f4c8e82a63c9f872e9) Importer(2089858483,b0f066a214c2f5e87bad3c948f4d605d)
Start importing Assets/Grass And Flowers Pack 1/Ground Textures/Materials/Groundplants 1_D 229.mat using Guid(6bb12ae9cdd329f4c8e82a63c9f872e9) Importer(2089858483,b0f066a214c2f5e87bad3c948f4d605d) (ScriptedImporter) -> (artifact id: 'a01c279be3e5e7b3570fde483412950c') in 0.1334461 seconds
Number of updated asset objects reloaded before import = 0Number of asset objects unloaded after import = 1

========================================================================
Received Import Request.
  Time since last request: 0.000059 seconds.
  path: Assets/Grass And Flowers Pack 1/Ground Textures/Materials/Groundplants 1_D 175.mat
  artifactKey: Guid(f8aa3d28b038f224baa4527b6de9b28b) Importer(2089858483,b0f066a214c2f5e87bad3c948f4d605d)
Start importing Assets/Grass And Flowers Pack 1/Ground Textures/Materials/Groundplants 1_D 175.mat using Guid(f8aa3d28b038f224baa4527b6de9b28b) Importer(2089858483,b0f066a214c2f5e87bad3c948f4d605d) (ScriptedImporter) -> (artifact id: '2b32edd1ad6d3d6b586a0a2921d17d50') in 0.0848507 seconds
Number of updated asset objects reloaded before import = 0Number of asset objects unloaded after import = 1

========================================================================
Received Import Request.
  Time since last request: 0.000088 seconds.
  path: Assets/Grass And Flowers Pack 1/Ground Textures/Materials/Groundplants 1_D 234.mat
  artifactKey: Guid(27d920cf8d177e449a9bb98922af7c44) Importer(2089858483,b0f066a214c2f5e87bad3c948f4d605d)
Start importing Assets/Grass And Flowers Pack 1/Ground Textures/Materials/Groundplants 1_D 234.mat using Guid(27d920cf8d177e449a9bb98922af7c44) Importer(2089858483,b0f066a214c2f5e87bad3c948f4d605d) (ScriptedImporter) -> (artifact id: 'c104564a3af8fd59fa41b4902a23c9ca') in 0.0415102 seconds
Number of updated asset objects reloaded before import = 0Number of asset objects unloaded after import = 1

========================================================================
Received Import Request.
  Time since last request: 0.000073 seconds.
  path: Assets/Grass And Flowers Pack 1/Ground Textures/Materials/Groundplants 1_D 211.mat
  artifactKey: Guid(a27fb731c009c04438f5b49b13e6919b) Importer(2089858483,b0f066a214c2f5e87bad3c948f4d605d)
Start importing Assets/Grass And Flowers Pack 1/Ground Textures/Materials/Groundplants 1_D 211.mat using Guid(a27fb731c009c04438f5b49b13e6919b) Importer(2089858483,b0f066a214c2f5e87bad3c948f4d605d) (ScriptedImporter) -> (artifact id: '4642943abc5a0fe456f11ecdb81e8cbd') in 0.0453107 seconds
Number of updated asset objects reloaded before import = 0Number of asset objects unloaded after import = 1

========================================================================
Received Import Request.
  Time since last request: 0.000084 seconds.
  path: Assets/Grass And Flowers Pack 1/Ground Textures/Materials/Groundplants 1_D 238.mat
  artifactKey: Guid(ac09ae6315022ce4b9a046e9560ac6c1) Importer(2089858483,b0f066a214c2f5e87bad3c948f4d605d)
Start importing Assets/Grass And Flowers Pack 1/Ground Textures/Materials/Groundplants 1_D 238.mat using Guid(ac09ae6315022ce4b9a046e9560ac6c1) Importer(2089858483,b0f066a214c2f5e87bad3c948f4d605d) (ScriptedImporter) -> (artifact id: '26a94f2ec14f43c9b584bb5230c1c8ea') in 0.0502845 seconds
Number of updated asset objects reloaded before import = 0Number of asset objects unloaded after import = 1

========================================================================
Received Import Request.
  Time since last request: 0.000063 seconds.
  path: Assets/Grass And Flowers Pack 1/Ground Textures/Materials/Groundplants 1_D 214.mat
  artifactKey: Guid(fecfdd72f5be30246b3ad56f1e3e0b6a) Importer(2089858483,b0f066a214c2f5e87bad3c948f4d605d)
Start importing Assets/Grass And Flowers Pack 1/Ground Textures/Materials/Groundplants 1_D 214.mat using Guid(fecfdd72f5be30246b3ad56f1e3e0b6a) Importer(2089858483,b0f066a214c2f5e87bad3c948f4d605d) (ScriptedImporter) -> (artifact id: '90be172835ff11cefa0e085d6ccf46ca') in 0.0482326 seconds
Number of updated asset objects reloaded before import = 0Number of asset objects unloaded after import = 1

========================================================================
Received Import Request.
  Time since last request: 0.000114 seconds.
  path: Assets/Grass And Flowers Pack 1/Ground Textures/Materials/Groundplants 1_D 61.mat
  artifactKey: Guid(0fa8a503a5b823f46b2b213249674648) Importer(2089858483,b0f066a214c2f5e87bad3c948f4d605d)
Start importing Assets/Grass And Flowers Pack 1/Ground Textures/Materials/Groundplants 1_D 61.mat using Guid(0fa8a503a5b823f46b2b213249674648) Importer(2089858483,b0f066a214c2f5e87bad3c948f4d605d) (ScriptedImporter) -> (artifact id: '4ae9436367564d20fcb77a241fab9ea1') in 0.0432065 seconds
Number of updated asset objects reloaded before import = 0Number of asset objects unloaded after import = 1

========================================================================
Received Import Request.
  Time since last request: 0.000073 seconds.
  path: Assets/Grass And Flowers Pack 1/Ground Textures/Materials/Groundplants 1_D 35.mat
  artifactKey: Guid(0eb3aa1470eccd94aadbdaf24ef63b04) Importer(2089858483,b0f066a214c2f5e87bad3c948f4d605d)
Start importing Assets/Grass And Flowers Pack 1/Ground Textures/Materials/Groundplants 1_D 35.mat using Guid(0eb3aa1470eccd94aadbdaf24ef63b04) Importer(2089858483,b0f066a214c2f5e87bad3c948f4d605d) (ScriptedImporter) -> (artifact id: '1330569a41b4516d31dea7ec2676c38b') in 0.0485528 seconds
Number of updated asset objects reloaded before import = 0Number of asset objects unloaded after import = 1

========================================================================
Received Import Request.
  Time since last request: 0.000092 seconds.
  path: Assets/Grass And Flowers Pack 1/Ground Textures/Materials/Groundplants 1_D 247.mat
  artifactKey: Guid(cd53725ed1322004e81dd2ae051077f0) Importer(2089858483,b0f066a214c2f5e87bad3c948f4d605d)
Start importing Assets/Grass And Flowers Pack 1/Ground Textures/Materials/Groundplants 1_D 247.mat using Guid(cd53725ed1322004e81dd2ae051077f0) Importer(2089858483,b0f066a214c2f5e87bad3c948f4d605d) (ScriptedImporter) -> (artifact id: '2871e7f46d4d4f71f96cd03b7308506c') in 0.0480362 seconds
Number of updated asset objects reloaded before import = 0Number of asset objects unloaded after import = 1

========================================================================
Received Import Request.
  Time since last request: 0.000051 seconds.
  path: Assets/Grass And Flowers Pack 1/Ground Textures/Materials/Groundplants 1_D 115.mat
  artifactKey: Guid(c9a603c1d99fbe1408da4813a525806d) Importer(2089858483,b0f066a214c2f5e87bad3c948f4d605d)
Start importing Assets/Grass And Flowers Pack 1/Ground Textures/Materials/Groundplants 1_D 115.mat using Guid(c9a603c1d99fbe1408da4813a525806d) Importer(2089858483,b0f066a214c2f5e87bad3c948f4d605d) (ScriptedImporter) -> (artifact id: '5e7270bf6a0a78900c873bec37e89552') in 0.0511923 seconds
Number of updated asset objects reloaded before import = 0Number of asset objects unloaded after import = 1

========================================================================
Received Import Request.
  Time since last request: 0.000094 seconds.
  path: Assets/Grass And Flowers Pack 1/Ground Textures/Materials/Groundplants 1_D 23.mat
  artifactKey: Guid(ef4932943a1b9d94fa01759d24ae6dcb) Importer(2089858483,b0f066a214c2f5e87bad3c948f4d605d)
Start importing Assets/Grass And Flowers Pack 1/Ground Textures/Materials/Groundplants 1_D 23.mat using Guid(ef4932943a1b9d94fa01759d24ae6dcb) Importer(2089858483,b0f066a214c2f5e87bad3c948f4d605d) (ScriptedImporter) -> (artifact id: '3519927fce79dbd1dd426fe400922c7c') in 0.041587 seconds
Number of updated asset objects reloaded before import = 0Number of asset objects unloaded after import = 1

========================================================================
Received Import Request.
  Time since last request: 0.000053 seconds.
  path: Assets/Grass And Flowers Pack 1/Ground Textures/Materials/Groundplants 1_D 253.mat
  artifactKey: Guid(83ce5d5ee0793f04a8a586d04fbfd3c3) Importer(2089858483,b0f066a214c2f5e87bad3c948f4d605d)
Start importing Assets/Grass And Flowers Pack 1/Ground Textures/Materials/Groundplants 1_D 253.mat using Guid(83ce5d5ee0793f04a8a586d04fbfd3c3) Importer(2089858483,b0f066a214c2f5e87bad3c948f4d605d) (ScriptedImporter) -> (artifact id: '69d827384c6a97d946931ac74e791fdd') in 0.0463637 seconds
Number of updated asset objects reloaded before import = 0Number of asset objects unloaded after import = 1

========================================================================
Received Import Request.
  Time since last request: 0.000089 seconds.
  path: Assets/Grass And Flowers Pack 1/Ground Textures/Materials/Groundplants 1_D 254.mat
  artifactKey: Guid(035d95543efb38448809ba6bb7df4d82) Importer(2089858483,b0f066a214c2f5e87bad3c948f4d605d)
Start importing Assets/Grass And Flowers Pack 1/Ground Textures/Materials/Groundplants 1_D 254.mat using Guid(035d95543efb38448809ba6bb7df4d82) Importer(2089858483,b0f066a214c2f5e87bad3c948f4d605d) (ScriptedImporter) -> (artifact id: 'a562a87f1efbf575fd90adb412a80882') in 0.0509179 seconds
Number of updated asset objects reloaded before import = 0Number of asset objects unloaded after import = 1

========================================================================
Received Import Request.
  Time since last request: 0.000072 seconds.
  path: Assets/Grass And Flowers Pack 1/Ground Textures/Materials/Groundplants 1_D 258.mat
  artifactKey: Guid(1d3a64519255b3346961ec65fda05e03) Importer(2089858483,b0f066a214c2f5e87bad3c948f4d605d)
Start importing Assets/Grass And Flowers Pack 1/Ground Textures/Materials/Groundplants 1_D 258.mat using Guid(1d3a64519255b3346961ec65fda05e03) Importer(2089858483,b0f066a214c2f5e87bad3c948f4d605d) (ScriptedImporter) -> (artifact id: 'd5fd950ca02b54a9e984438363480184') in 0.1526772 seconds
Number of updated asset objects reloaded before import = 0Number of asset objects unloaded after import = 1

========================================================================
Received Import Request.
  Time since last request: 0.000071 seconds.
  path: Assets/Grass And Flowers Pack 1/Ground Textures/Materials/Groundplants 1_D 120.mat
  artifactKey: Guid(8bb68ee0371cc42478497eee60f9b08c) Importer(2089858483,b0f066a214c2f5e87bad3c948f4d605d)
Start importing Assets/Grass And Flowers Pack 1/Ground Textures/Materials/Groundplants 1_D 120.mat using Guid(8bb68ee0371cc42478497eee60f9b08c) Importer(2089858483,b0f066a214c2f5e87bad3c948f4d605d) (ScriptedImporter) -> (artifact id: '0c4af65b49349954e7eb63a49f410458') in 0.1167635 seconds
Number of updated asset objects reloaded before import = 0Number of asset objects unloaded after import = 1

========================================================================
Received Import Request.
  Time since last request: 0.000056 seconds.
  path: Assets/Grass And Flowers Pack 1/Ground Textures/Materials/Groundplants 1_D 261.mat
  artifactKey: Guid(8200aa290c9a7d34b9bad57bd3d2bbd7) Importer(2089858483,b0f066a214c2f5e87bad3c948f4d605d)
Start importing Assets/Grass And Flowers Pack 1/Ground Textures/Materials/Groundplants 1_D 261.mat using Guid(8200aa290c9a7d34b9bad57bd3d2bbd7) Importer(2089858483,b0f066a214c2f5e87bad3c948f4d605d) (ScriptedImporter) -> (artifact id: '0852b26cba05bcf5db403231a0e1eb7e') in 0.4348685 seconds
Number of updated asset objects reloaded before import = 0Number of asset objects unloaded after import = 1

========================================================================
Received Import Request.
  Time since last request: 0.000083 seconds.
  path: Assets/Grass And Flowers Pack 1/Ground Textures/Materials/Groundplants 1_D 265.mat
  artifactKey: Guid(147fe8aa3f9fc5d45887f7832943b836) Importer(2089858483,b0f066a214c2f5e87bad3c948f4d605d)
Start importing Assets/Grass And Flowers Pack 1/Ground Textures/Materials/Groundplants 1_D 265.mat using Guid(147fe8aa3f9fc5d45887f7832943b836) Importer(2089858483,b0f066a214c2f5e87bad3c948f4d605d) (ScriptedImporter) -> (artifact id: '62543ee943ab41049a7a32800f89d93e') in 0.4233374 seconds
Number of updated asset objects reloaded before import = 0Number of asset objects unloaded after import = 1

========================================================================
Received Import Request.
  Time since last request: 0.000061 seconds.
  path: Assets/Grass And Flowers Pack 1/Ground Textures/Materials/Groundplants 1_D 272.mat
  artifactKey: Guid(87775807320e3264faeb1715ec647f09) Importer(2089858483,b0f066a214c2f5e87bad3c948f4d605d)
Start importing Assets/Grass And Flowers Pack 1/Ground Textures/Materials/Groundplants 1_D 272.mat using Guid(87775807320e3264faeb1715ec647f09) Importer(2089858483,b0f066a214c2f5e87bad3c948f4d605d) (ScriptedImporter) -> (artifact id: '39b74ad9313e24d534d5a0d5ebef6e65') in 0.0790919 seconds
Number of updated asset objects reloaded before import = 0Number of asset objects unloaded after import = 1

========================================================================
Received Import Request.
  Time since last request: 0.000071 seconds.
  path: Assets/Grass And Flowers Pack 1/Ground Textures/Materials/Groundplants 1_D 224.mat
  artifactKey: Guid(9059a555ccf90e642b9a55ae63fb94eb) Importer(2089858483,b0f066a214c2f5e87bad3c948f4d605d)
Start importing Assets/Grass And Flowers Pack 1/Ground Textures/Materials/Groundplants 1_D 224.mat using Guid(9059a555ccf90e642b9a55ae63fb94eb) Importer(2089858483,b0f066a214c2f5e87bad3c948f4d605d) (ScriptedImporter) -> (artifact id: 'a467c08ef2b642b5ba6fbcf5a55a1a73') in 0.0722437 seconds
Number of updated asset objects reloaded before import = 0Number of asset objects unloaded after import = 1

========================================================================
Received Import Request.
  Time since last request: 0.000046 seconds.
  path: Assets/Grass And Flowers Pack 1/Ground Textures/Materials/Groundplants 1_D 186.mat
  artifactKey: Guid(c85b5a9773aed0b4a916aae656b4bfaa) Importer(2089858483,b0f066a214c2f5e87bad3c948f4d605d)
Start importing Assets/Grass And Flowers Pack 1/Ground Textures/Materials/Groundplants 1_D 186.mat using Guid(c85b5a9773aed0b4a916aae656b4bfaa) Importer(2089858483,b0f066a214c2f5e87bad3c948f4d605d) (ScriptedImporter) -> (artifact id: 'ce671b3ca8dcdd0513d065ca1e572752') in 0.0516433 seconds
Number of updated asset objects reloaded before import = 0Number of asset objects unloaded after import = 1

========================================================================
Received Import Request.
  Time since last request: 0.000062 seconds.
  path: Assets/Grass And Flowers Pack 1/Ground Textures/Materials/Groundplants 1_D 244.mat
  artifactKey: Guid(f0f7219247769504d8bfcec736ecf8fc) Importer(2089858483,b0f066a214c2f5e87bad3c948f4d605d)
Start importing Assets/Grass And Flowers Pack 1/Ground Textures/Materials/Groundplants 1_D 244.mat using Guid(f0f7219247769504d8bfcec736ecf8fc) Importer(2089858483,b0f066a214c2f5e87bad3c948f4d605d) (ScriptedImporter) -> (artifact id: 'c40ed6bb763bf1c3f3db81790a0d7a61') in 0.067745 seconds
Number of updated asset objects reloaded before import = 0Number of asset objects unloaded after import = 1

========================================================================
Received Import Request.
  Time since last request: 0.000042 seconds.
  path: Assets/Grass And Flowers Pack 1/Ground Textures/Materials/Groundplants 1_D 218.mat
  artifactKey: Guid(534d97f10c18bf247a584b1a0d347944) Importer(2089858483,b0f066a214c2f5e87bad3c948f4d605d)
Start importing Assets/Grass And Flowers Pack 1/Ground Textures/Materials/Groundplants 1_D 218.mat using Guid(534d97f10c18bf247a584b1a0d347944) Importer(2089858483,b0f066a214c2f5e87bad3c948f4d605d) (ScriptedImporter) -> (artifact id: '03ef5a519954ee29bc23aef7c9a4496a') in 0.0529097 seconds
Number of updated asset objects reloaded before import = 0Number of asset objects unloaded after import = 1

========================================================================
Received Import Request.
  Time since last request: 0.000060 seconds.
  path: Assets/Grass And Flowers Pack 1/Ground Textures/Materials/Groundplants 1_D 296.mat
  artifactKey: Guid(e1480156120bc264b92e24072b689520) Importer(2089858483,b0f066a214c2f5e87bad3c948f4d605d)
Start importing Assets/Grass And Flowers Pack 1/Ground Textures/Materials/Groundplants 1_D 296.mat using Guid(e1480156120bc264b92e24072b689520) Importer(2089858483,b0f066a214c2f5e87bad3c948f4d605d) (ScriptedImporter) -> (artifact id: '6c854ced594cbfa84243d3eb48600972') in 0.1081977 seconds
Number of updated asset objects reloaded before import = 0Number of asset objects unloaded after import = 1

========================================================================
Received Import Request.
  Time since last request: 0.000078 seconds.
  path: Assets/Grass And Flowers Pack 1/Ground Textures/Materials/Groundplants 1_D 285.mat
  artifactKey: Guid(b3ca148a99afc18448c6183bda5cc63a) Importer(2089858483,b0f066a214c2f5e87bad3c948f4d605d)
Start importing Assets/Grass And Flowers Pack 1/Ground Textures/Materials/Groundplants 1_D 285.mat using Guid(b3ca148a99afc18448c6183bda5cc63a) Importer(2089858483,b0f066a214c2f5e87bad3c948f4d605d) (ScriptedImporter) -> (artifact id: '77f573c8bb551c5a316d95a7b516ab29') in 0.0613263 seconds
Number of updated asset objects reloaded before import = 0Number of asset objects unloaded after import = 1

========================================================================
Received Import Request.
  Time since last request: 0.000047 seconds.
  path: Assets/Grass And Flowers Pack 1/Ground Textures/Materials/Groundplants 1_D 289.mat
  artifactKey: Guid(5c0f3f53c5a54ef4aa5e2807aed3b101) Importer(2089858483,b0f066a214c2f5e87bad3c948f4d605d)
Start importing Assets/Grass And Flowers Pack 1/Ground Textures/Materials/Groundplants 1_D 289.mat using Guid(5c0f3f53c5a54ef4aa5e2807aed3b101) Importer(2089858483,b0f066a214c2f5e87bad3c948f4d605d) (ScriptedImporter) -> (artifact id: 'cfe01608c72ce7e2fccd16a0bf56f80c') in 0.0887626 seconds
Number of updated asset objects reloaded before import = 0Number of asset objects unloaded after import = 1

========================================================================
Received Import Request.
  Time since last request: 0.000055 seconds.
  path: Assets/Grass And Flowers Pack 1/Ground Textures/Materials/Groundplants 1_D 300.mat
  artifactKey: Guid(ad37609a766bd0e44893ffb834adc676) Importer(2089858483,b0f066a214c2f5e87bad3c948f4d605d)
Start importing Assets/Grass And Flowers Pack 1/Ground Textures/Materials/Groundplants 1_D 300.mat using Guid(ad37609a766bd0e44893ffb834adc676) Importer(2089858483,b0f066a214c2f5e87bad3c948f4d605d) (ScriptedImporter) -> (artifact id: '2c4f6ade33001153c17d1a8d8604e2f5') in 0.1073533 seconds
Number of updated asset objects reloaded before import = 0Number of asset objects unloaded after import = 1

========================================================================
Received Import Request.
  Time since last request: 0.000075 seconds.
  path: Assets/Grass And Flowers Pack 1/Ground Textures/Materials/Groundplants 1_D 309.mat
  artifactKey: Guid(83fac9c42dded7145b698ae32bca08be) Importer(2089858483,b0f066a214c2f5e87bad3c948f4d605d)
Start importing Assets/Grass And Flowers Pack 1/Ground Textures/Materials/Groundplants 1_D 309.mat using Guid(83fac9c42dded7145b698ae32bca08be) Importer(2089858483,b0f066a214c2f5e87bad3c948f4d605d) (ScriptedImporter) -> (artifact id: '1ea268c6850a0074bafab4af3fb33996') in 0.0520776 seconds
Number of updated asset objects reloaded before import = 0Number of asset objects unloaded after import = 1

========================================================================
Received Import Request.
  Time since last request: 0.000059 seconds.
  path: Assets/Grass And Flowers Pack 1/Ground Textures/Materials/Groundplants 1_D 315.mat
  artifactKey: Guid(bd025cd7bf4a08742afa7310c953052c) Importer(2089858483,b0f066a214c2f5e87bad3c948f4d605d)
Start importing Assets/Grass And Flowers Pack 1/Ground Textures/Materials/Groundplants 1_D 315.mat using Guid(bd025cd7bf4a08742afa7310c953052c) Importer(2089858483,b0f066a214c2f5e87bad3c948f4d605d) (ScriptedImporter) -> (artifact id: '857536d787b566edbe39b1038015bbd7') in 0.0956669 seconds
Number of updated asset objects reloaded before import = 0Number of asset objects unloaded after import = 1

========================================================================
Received Import Request.
  Time since last request: 0.000071 seconds.
  path: Assets/Grass And Flowers Pack 1/Ground Textures/Materials/Groundplants 1_D 197.mat
  artifactKey: Guid(1bdd7afd47e252b429c443f3d5b7c41c) Importer(2089858483,b0f066a214c2f5e87bad3c948f4d605d)
Start importing Assets/Grass And Flowers Pack 1/Ground Textures/Materials/Groundplants 1_D 197.mat using Guid(1bdd7afd47e252b429c443f3d5b7c41c) Importer(2089858483,b0f066a214c2f5e87bad3c948f4d605d) (ScriptedImporter) -> (artifact id: '0d065b046db1729a3406debed1a588cd') in 0.1036855 seconds
Number of updated asset objects reloaded before import = 0Number of asset objects unloaded after import = 1

========================================================================
Received Import Request.
  Time since last request: 0.000056 seconds.
  path: Assets/Grass And Flowers Pack 1/Ground Textures/Materials/Groundplants 1_D 322.mat
  artifactKey: Guid(52382605f999c2b4d805e57d158cd365) Importer(2089858483,b0f066a214c2f5e87bad3c948f4d605d)
Start importing Assets/Grass And Flowers Pack 1/Ground Textures/Materials/Groundplants 1_D 322.mat using Guid(52382605f999c2b4d805e57d158cd365) Importer(2089858483,b0f066a214c2f5e87bad3c948f4d605d) (ScriptedImporter) -> (artifact id: '1240af840fb2881cb57107767e9efb3f') in 0.0439926 seconds
Number of updated asset objects reloaded before import = 0Number of asset objects unloaded after import = 1

========================================================================
Received Import Request.
  Time since last request: 0.000075 seconds.
  path: Assets/Grass And Flowers Pack 1/Ground Textures/Materials/Groundplants 1_D 321.mat
  artifactKey: Guid(030a67af47825714b8d33db75635410e) Importer(2089858483,b0f066a214c2f5e87bad3c948f4d605d)
Start importing Assets/Grass And Flowers Pack 1/Ground Textures/Materials/Groundplants 1_D 321.mat using Guid(030a67af47825714b8d33db75635410e) Importer(2089858483,b0f066a214c2f5e87bad3c948f4d605d) (ScriptedImporter) -> (artifact id: '1052e977c49a50fe0913d4836de1095e') in 0.0758542 seconds
Number of updated asset objects reloaded before import = 0Number of asset objects unloaded after import = 1

========================================================================
Received Import Request.
  Time since last request: 0.000060 seconds.
  path: Assets/Grass And Flowers Pack 1/Ground Textures/Materials/Groundplants 1_D 339.mat
  artifactKey: Guid(5437123699e985a47aebf94492c8b9f9) Importer(2089858483,b0f066a214c2f5e87bad3c948f4d605d)
Start importing Assets/Grass And Flowers Pack 1/Ground Textures/Materials/Groundplants 1_D 339.mat using Guid(5437123699e985a47aebf94492c8b9f9) Importer(2089858483,b0f066a214c2f5e87bad3c948f4d605d) (ScriptedImporter) -> (artifact id: '86b58cf5457ba235a54df097b3a000e5') in 0.079616 seconds
Number of updated asset objects reloaded before import = 0Number of asset objects unloaded after import = 1

========================================================================
Received Import Request.
  Time since last request: 0.000123 seconds.
  path: Assets/Grass And Flowers Pack 1/Ground Textures/Materials/Groundplants 1_D 335.mat
  artifactKey: Guid(156b2cf1461e4af4293c0de95a5efa23) Importer(2089858483,b0f066a214c2f5e87bad3c948f4d605d)
Start importing Assets/Grass And Flowers Pack 1/Ground Textures/Materials/Groundplants 1_D 335.mat using Guid(156b2cf1461e4af4293c0de95a5efa23) Importer(2089858483,b0f066a214c2f5e87bad3c948f4d605d) (ScriptedImporter) -> (artifact id: '2e3d0105ba0730334e8c29b45ea49108') in 0.1621852 seconds
Number of updated asset objects reloaded before import = 0Number of asset objects unloaded after import = 1

========================================================================
Received Import Request.
  Time since last request: 0.000069 seconds.
  path: Assets/Grass And Flowers Pack 1/Ground Textures/Materials/Groundplants 1_D 342.mat
  artifactKey: Guid(48b662f935522c1428a4b1c26c63c4ca) Importer(2089858483,b0f066a214c2f5e87bad3c948f4d605d)
Start importing Assets/Grass And Flowers Pack 1/Ground Textures/Materials/Groundplants 1_D 342.mat using Guid(48b662f935522c1428a4b1c26c63c4ca) Importer(2089858483,b0f066a214c2f5e87bad3c948f4d605d) (ScriptedImporter) -> (artifact id: 'c3fc2f939293639343eb86e905cfd7fc') in 0.0604819 seconds
Number of updated asset objects reloaded before import = 0Number of asset objects unloaded after import = 1

========================================================================
Received Import Request.
  Time since last request: 0.000083 seconds.
  path: Assets/Grass And Flowers Pack 1/Ground Textures/Materials/Groundplants 1_D 352.mat
  artifactKey: Guid(b0ce0370b4986504186cb038c261a990) Importer(2089858483,b0f066a214c2f5e87bad3c948f4d605d)
Start importing Assets/Grass And Flowers Pack 1/Ground Textures/Materials/Groundplants 1_D 352.mat using Guid(b0ce0370b4986504186cb038c261a990) Importer(2089858483,b0f066a214c2f5e87bad3c948f4d605d) (ScriptedImporter) -> (artifact id: 'a879ba1fc2603d97a4ed487f365217ab') in 0.0505899 seconds
Number of updated asset objects reloaded before import = 0Number of asset objects unloaded after import = 1

========================================================================
Received Import Request.
  Time since last request: 0.000059 seconds.
  path: Assets/Grass And Flowers Pack 1/Ground Textures/Materials/Groundplants 1_D 45.mat
  artifactKey: Guid(2b28927255ac45a43aeae79cfb78b235) Importer(2089858483,b0f066a214c2f5e87bad3c948f4d605d)
Start importing Assets/Grass And Flowers Pack 1/Ground Textures/Materials/Groundplants 1_D 45.mat using Guid(2b28927255ac45a43aeae79cfb78b235) Importer(2089858483,b0f066a214c2f5e87bad3c948f4d605d) (ScriptedImporter) -> (artifact id: '411cd2c4042b8be664ee5ccf911ed7f3') in 0.0453004 seconds
Number of updated asset objects reloaded before import = 0Number of asset objects unloaded after import = 1

========================================================================
Received Import Request.
  Time since last request: 0.000076 seconds.
  path: Assets/Grass And Flowers Pack 1/Ground Textures/Materials/Groundplants 1_D 359.mat
  artifactKey: Guid(e0c356a9f16964847a3be238d5bcc612) Importer(2089858483,b0f066a214c2f5e87bad3c948f4d605d)
Start importing Assets/Grass And Flowers Pack 1/Ground Textures/Materials/Groundplants 1_D 359.mat using Guid(e0c356a9f16964847a3be238d5bcc612) Importer(2089858483,b0f066a214c2f5e87bad3c948f4d605d) (ScriptedImporter) -> (artifact id: 'be80e2013d4b23d4444095dd06469488') in 0.1334478 seconds
Number of updated asset objects reloaded before import = 0Number of asset objects unloaded after import = 1

========================================================================
Received Import Request.
  Time since last request: 0.000067 seconds.
  path: Assets/Grass And Flowers Pack 1/Ground Textures/Materials/Groundplants 1_D 356.mat
  artifactKey: Guid(88b22fb76cd5c9940b4ab12e89e7c95e) Importer(2089858483,b0f066a214c2f5e87bad3c948f4d605d)
Start importing Assets/Grass And Flowers Pack 1/Ground Textures/Materials/Groundplants 1_D 356.mat using Guid(88b22fb76cd5c9940b4ab12e89e7c95e) Importer(2089858483,b0f066a214c2f5e87bad3c948f4d605d) (ScriptedImporter) -> (artifact id: '14cb06e54d27a5c9d4871c81810df2c6') in 0.059743 seconds
Number of updated asset objects reloaded before import = 0Number of asset objects unloaded after import = 1

========================================================================
Received Import Request.
  Time since last request: 0.000064 seconds.
  path: Assets/Grass And Flowers Pack 1/Ground Textures/Materials/Groundplants 1_D 371.mat
  artifactKey: Guid(69378d0cf3abb86499b584a45a3c3afb) Importer(2089858483,b0f066a214c2f5e87bad3c948f4d605d)
Start importing Assets/Grass And Flowers Pack 1/Ground Textures/Materials/Groundplants 1_D 371.mat using Guid(69378d0cf3abb86499b584a45a3c3afb) Importer(2089858483,b0f066a214c2f5e87bad3c948f4d605d) (ScriptedImporter) -> (artifact id: 'f9dec03ea8d4d95c3b2f969b72533eb1') in 0.0765429 seconds
Number of updated asset objects reloaded before import = 0Number of asset objects unloaded after import = 1

========================================================================
Received Import Request.
  Time since last request: 0.000039 seconds.
  path: Assets/Grass And Flowers Pack 1/Ground Textures/Materials/Groundplants 1_D 24.mat
  artifactKey: Guid(0edb01df45f3dff4e9b6d3aec16b04ff) Importer(2089858483,b0f066a214c2f5e87bad3c948f4d605d)
Start importing Assets/Grass And Flowers Pack 1/Ground Textures/Materials/Groundplants 1_D 24.mat using Guid(0edb01df45f3dff4e9b6d3aec16b04ff) Importer(2089858483,b0f066a214c2f5e87bad3c948f4d605d) (ScriptedImporter) -> (artifact id: 'd77a0058ca14d2988ba96045bb49fdcf') in 0.0674465 seconds
Number of updated asset objects reloaded before import = 0Number of asset objects unloaded after import = 1

========================================================================
Received Import Request.
  Time since last request: 0.000094 seconds.
  path: Assets/Grass And Flowers Pack 1/Ground Textures/Materials/Groundplants 1_D 384.mat
  artifactKey: Guid(25a6a557a95583a4caf39b616c98116f) Importer(2089858483,b0f066a214c2f5e87bad3c948f4d605d)
Start importing Assets/Grass And Flowers Pack 1/Ground Textures/Materials/Groundplants 1_D 384.mat using Guid(25a6a557a95583a4caf39b616c98116f) Importer(2089858483,b0f066a214c2f5e87bad3c948f4d605d) (ScriptedImporter) -> (artifact id: 'd33e6e8d0afa442c268f058eacf5be57') in 0.0756941 seconds
Number of updated asset objects reloaded before import = 0Number of asset objects unloaded after import = 1

========================================================================
Received Import Request.
  Time since last request: 0.000071 seconds.
  path: Assets/Grass And Flowers Pack 1/Ground Textures/Materials/Groundplants 1_D 104.mat
  artifactKey: Guid(c609918d37d06f8439a0d12d2dce9b0e) Importer(2089858483,b0f066a214c2f5e87bad3c948f4d605d)
Start importing Assets/Grass And Flowers Pack 1/Ground Textures/Materials/Groundplants 1_D 104.mat using Guid(c609918d37d06f8439a0d12d2dce9b0e) Importer(2089858483,b0f066a214c2f5e87bad3c948f4d605d) (ScriptedImporter) -> (artifact id: 'f169b110c3d18841a938caa6762e39c6') in 0.0464669 seconds
Number of updated asset objects reloaded before import = 0Number of asset objects unloaded after import = 1

========================================================================
Received Import Request.
  Time since last request: 0.000061 seconds.
  path: Assets/Grass And Flowers Pack 1/Ground Textures/Materials/Groundplants 1_D 391.mat
  artifactKey: Guid(04c5d2b229247bf4ab2198108ada5d0e) Importer(2089858483,b0f066a214c2f5e87bad3c948f4d605d)
Start importing Assets/Grass And Flowers Pack 1/Ground Textures/Materials/Groundplants 1_D 391.mat using Guid(04c5d2b229247bf4ab2198108ada5d0e) Importer(2089858483,b0f066a214c2f5e87bad3c948f4d605d) (ScriptedImporter) -> (artifact id: '6d2c76cedbc7fc94b3133c8fa15d87b3') in 0.0556127 seconds
Number of updated asset objects reloaded before import = 0Number of asset objects unloaded after import = 1

========================================================================
Received Import Request.
  Time since last request: 0.000060 seconds.
  path: Assets/Grass And Flowers Pack 1/Ground Textures/Materials/Groundplants 1_D 393.mat
  artifactKey: Guid(abcc8d9e8ba46374b9c685092f9fe13a) Importer(2089858483,b0f066a214c2f5e87bad3c948f4d605d)
Start importing Assets/Grass And Flowers Pack 1/Ground Textures/Materials/Groundplants 1_D 393.mat using Guid(abcc8d9e8ba46374b9c685092f9fe13a) Importer(2089858483,b0f066a214c2f5e87bad3c948f4d605d) (ScriptedImporter) -> (artifact id: '43907fff6e123f66b4fb65e2ffdef178') in 0.0663176 seconds
Number of updated asset objects reloaded before import = 0Number of asset objects unloaded after import = 1

========================================================================
Received Import Request.
  Time since last request: 0.000155 seconds.
  path: Assets/Grass And Flowers Pack 1/Ground Textures/Materials/Groundplants 1_D 33.mat
  artifactKey: Guid(7360468e336f27943a77165ec18ef60e) Importer(2089858483,b0f066a214c2f5e87bad3c948f4d605d)
Start importing Assets/Grass And Flowers Pack 1/Ground Textures/Materials/Groundplants 1_D 33.mat using Guid(7360468e336f27943a77165ec18ef60e) Importer(2089858483,b0f066a214c2f5e87bad3c948f4d605d) (ScriptedImporter) -> (artifact id: '182e676751849342433eee3792f641fb') in 0.0405578 seconds
Number of updated asset objects reloaded before import = 0Number of asset objects unloaded after import = 1

========================================================================
Received Import Request.
  Time since last request: 0.000047 seconds.
  path: Assets/Grass And Flowers Pack 1/Ground Textures/Materials/Groundplants 1_D 400.mat
  artifactKey: Guid(24e536327b2f2be43ae4eb5d9728712b) Importer(2089858483,b0f066a214c2f5e87bad3c948f4d605d)
Start importing Assets/Grass And Flowers Pack 1/Ground Textures/Materials/Groundplants 1_D 400.mat using Guid(24e536327b2f2be43ae4eb5d9728712b) Importer(2089858483,b0f066a214c2f5e87bad3c948f4d605d) (ScriptedImporter) -> (artifact id: '9d7f488408d3e98c8a30defef67849eb') in 0.0413197 seconds
Number of updated asset objects reloaded before import = 0Number of asset objects unloaded after import = 1

========================================================================
Received Import Request.
  Time since last request: 0.000074 seconds.
  path: Assets/Grass And Flowers Pack 1/Ground Textures/Materials/Groundplants 1_D 398.mat
  artifactKey: Guid(57e8eb11d004d1f45b0eaa9afb4d890e) Importer(2089858483,b0f066a214c2f5e87bad3c948f4d605d)
Start importing Assets/Grass And Flowers Pack 1/Ground Textures/Materials/Groundplants 1_D 398.mat using Guid(57e8eb11d004d1f45b0eaa9afb4d890e) Importer(2089858483,b0f066a214c2f5e87bad3c948f4d605d) (ScriptedImporter) -> (artifact id: '47ba5958fb177231707c63c12677416a') in 0.0394145 seconds
Number of updated asset objects reloaded before import = 0Number of asset objects unloaded after import = 1

========================================================================
Received Import Request.
  Time since last request: 0.000092 seconds.
  path: Assets/Grass And Flowers Pack 1/Ground Textures/Materials/Groundplants 1_D 414.mat
  artifactKey: Guid(9d043cda96a386c4dacd029308321fdd) Importer(2089858483,b0f066a214c2f5e87bad3c948f4d605d)
Start importing Assets/Grass And Flowers Pack 1/Ground Textures/Materials/Groundplants 1_D 414.mat using Guid(9d043cda96a386c4dacd029308321fdd) Importer(2089858483,b0f066a214c2f5e87bad3c948f4d605d) (ScriptedImporter) -> (artifact id: '66c3bb2d40ccec7112266d8cd29f3f4d') in 0.0616197 seconds
Number of updated asset objects reloaded before import = 0Number of asset objects unloaded after import = 1

========================================================================
Received Import Request.
  Time since last request: 0.000049 seconds.
  path: Assets/Grass And Flowers Pack 1/Ground Textures/Materials/Groundplants 1_D 418.mat
  artifactKey: Guid(b6054fadc01c1e44c8cd3c9b745c9743) Importer(2089858483,b0f066a214c2f5e87bad3c948f4d605d)
Start importing Assets/Grass And Flowers Pack 1/Ground Textures/Materials/Groundplants 1_D 418.mat using Guid(b6054fadc01c1e44c8cd3c9b745c9743) Importer(2089858483,b0f066a214c2f5e87bad3c948f4d605d) (ScriptedImporter) -> (artifact id: 'b5494ff63d81a5098d1a7f274c6d1d86') in 0.2730262 seconds
Number of updated asset objects reloaded before import = 0Number of asset objects unloaded after import = 1

========================================================================
Received Import Request.
  Time since last request: 0.000066 seconds.
  path: Assets/Grass And Flowers Pack 1/Ground Textures/Materials/Groundplants 1_D 419.mat
  artifactKey: Guid(6a5d3a8a6509cb14f97208fbf727ff6f) Importer(2089858483,b0f066a214c2f5e87bad3c948f4d605d)
Start importing Assets/Grass And Flowers Pack 1/Ground Textures/Materials/Groundplants 1_D 419.mat using Guid(6a5d3a8a6509cb14f97208fbf727ff6f) Importer(2089858483,b0f066a214c2f5e87bad3c948f4d605d) (ScriptedImporter) -> (artifact id: '747fe685580a4fbb94f9abbd5c067e74') in 0.0636074 seconds
Number of updated asset objects reloaded before import = 0Number of asset objects unloaded after import = 1

========================================================================
Received Import Request.
  Time since last request: 0.000058 seconds.
  path: Assets/Grass And Flowers Pack 1/Ground Textures/Materials/Groundplants 1_D 55.mat
  artifactKey: Guid(4048998d316579a45ab959eefb3d89c8) Importer(2089858483,b0f066a214c2f5e87bad3c948f4d605d)
Start importing Assets/Grass And Flowers Pack 1/Ground Textures/Materials/Groundplants 1_D 55.mat using Guid(4048998d316579a45ab959eefb3d89c8) Importer(2089858483,b0f066a214c2f5e87bad3c948f4d605d) (ScriptedImporter) -> (artifact id: '7872e5d0c2cf16a2d180153a0e50d3c1') in 0.0437429 seconds
Number of updated asset objects reloaded before import = 0Number of asset objects unloaded after import = 1

========================================================================
Received Import Request.
  Time since last request: 0.000194 seconds.
  path: Assets/Grass And Flowers Pack 1/Ground Textures/Materials/Groundplants 1_D 436.mat
  artifactKey: Guid(806d51112a5732b48b8da60431324d81) Importer(2089858483,b0f066a214c2f5e87bad3c948f4d605d)
Start importing Assets/Grass And Flowers Pack 1/Ground Textures/Materials/Groundplants 1_D 436.mat using Guid(806d51112a5732b48b8da60431324d81) Importer(2089858483,b0f066a214c2f5e87bad3c948f4d605d) (ScriptedImporter) -> (artifact id: 'd56ae0d78e43ce1a34b36eec8a49f657') in 0.2106745 seconds
Number of updated asset objects reloaded before import = 0Number of asset objects unloaded after import = 1

========================================================================
Received Import Request.
  Time since last request: 0.000068 seconds.
  path: Assets/Grass And Flowers Pack 1/Ground Textures/Materials/Groundplants 1_D 440.mat
  artifactKey: Guid(8613893a23804894490307367b61d7cc) Importer(2089858483,b0f066a214c2f5e87bad3c948f4d605d)
Start importing Assets/Grass And Flowers Pack 1/Ground Textures/Materials/Groundplants 1_D 440.mat using Guid(8613893a23804894490307367b61d7cc) Importer(2089858483,b0f066a214c2f5e87bad3c948f4d605d) (ScriptedImporter) -> (artifact id: 'b81f198e9e25587f56918c8908aa3891') in 0.0472362 seconds
Number of updated asset objects reloaded before import = 0Number of asset objects unloaded after import = 1

========================================================================
Received Import Request.
  Time since last request: 0.000069 seconds.
  path: Assets/Grass And Flowers Pack 1/Ground Textures/Materials/Groundplants 1_D 441.mat
  artifactKey: Guid(92ddcd0c573aa6c4398a0bad97f2864d) Importer(2089858483,b0f066a214c2f5e87bad3c948f4d605d)
Start importing Assets/Grass And Flowers Pack 1/Ground Textures/Materials/Groundplants 1_D 441.mat using Guid(92ddcd0c573aa6c4398a0bad97f2864d) Importer(2089858483,b0f066a214c2f5e87bad3c948f4d605d) (ScriptedImporter) -> (artifact id: '662b446cc23c563a0d620e6289ec1c92') in 0.0515148 seconds
Number of updated asset objects reloaded before import = 0Number of asset objects unloaded after import = 1

========================================================================
Received Import Request.
  Time since last request: 0.000046 seconds.
  path: Assets/Grass And Flowers Pack 1/Ground Textures/Materials/Groundplants 1_D 449.mat
  artifactKey: Guid(7e0ef0cccf1873a4c9906b17a1d3b4fd) Importer(2089858483,b0f066a214c2f5e87bad3c948f4d605d)
Start importing Assets/Grass And Flowers Pack 1/Ground Textures/Materials/Groundplants 1_D 449.mat using Guid(7e0ef0cccf1873a4c9906b17a1d3b4fd) Importer(2089858483,b0f066a214c2f5e87bad3c948f4d605d) (ScriptedImporter) -> (artifact id: '8310abb70f5d1c072a22da53631194f1') in 0.1134555 seconds
Number of updated asset objects reloaded before import = 0Number of asset objects unloaded after import = 1

========================================================================
Received Import Request.
  Time since last request: 0.000141 seconds.
  path: Assets/Grass And Flowers Pack 1/Ground Textures/Materials/Groundplants 1_D 448.mat
  artifactKey: Guid(9c76634dcb813054a81a954255d718a7) Importer(2089858483,b0f066a214c2f5e87bad3c948f4d605d)
Start importing Assets/Grass And Flowers Pack 1/Ground Textures/Materials/Groundplants 1_D 448.mat using Guid(9c76634dcb813054a81a954255d718a7) Importer(2089858483,b0f066a214c2f5e87bad3c948f4d605d) (ScriptedImporter) -> (artifact id: 'b8fb98d84db68f57ce224c8a584a14f5') in 0.0637607 seconds
Number of updated asset objects reloaded before import = 0Number of asset objects unloaded after import = 1

========================================================================
Received Import Request.
  Time since last request: 0.000067 seconds.
  path: Assets/Grass And Flowers Pack 1/Ground Textures/Materials/Groundplants 1_D 453.mat
  artifactKey: Guid(503332f6ace0b8f4e8ddc0435a9d5d30) Importer(2089858483,b0f066a214c2f5e87bad3c948f4d605d)
Start importing Assets/Grass And Flowers Pack 1/Ground Textures/Materials/Groundplants 1_D 453.mat using Guid(503332f6ace0b8f4e8ddc0435a9d5d30) Importer(2089858483,b0f066a214c2f5e87bad3c948f4d605d) (ScriptedImporter) -> (artifact id: '2bca76b585e9116417c32ac540ddde43') in 0.121964 seconds
Number of updated asset objects reloaded before import = 0Number of asset objects unloaded after import = 1

========================================================================
Received Import Request.
  Time since last request: 0.000088 seconds.
  path: Assets/Grass And Flowers Pack 1/Ground Textures/Materials/Groundplants 1_D 461.mat
  artifactKey: Guid(6f5700361df89f84a8a9e1e966f9e8e2) Importer(2089858483,b0f066a214c2f5e87bad3c948f4d605d)
Start importing Assets/Grass And Flowers Pack 1/Ground Textures/Materials/Groundplants 1_D 461.mat using Guid(6f5700361df89f84a8a9e1e966f9e8e2) Importer(2089858483,b0f066a214c2f5e87bad3c948f4d605d) (ScriptedImporter) -> (artifact id: 'a648cd6b95e536c81545bf16a437e51d') in 0.0699162 seconds
Number of updated asset objects reloaded before import = 0Number of asset objects unloaded after import = 1

========================================================================
Received Import Request.
  Time since last request: 0.000045 seconds.
  path: Assets/Grass And Flowers Pack 1/Ground Textures/Materials/Groundplants 1_D 470.mat
  artifactKey: Guid(dd2eaf55851711340b40dedf034a5e79) Importer(2089858483,b0f066a214c2f5e87bad3c948f4d605d)
Start importing Assets/Grass And Flowers Pack 1/Ground Textures/Materials/Groundplants 1_D 470.mat using Guid(dd2eaf55851711340b40dedf034a5e79) Importer(2089858483,b0f066a214c2f5e87bad3c948f4d605d) (ScriptedImporter) -> (artifact id: 'f929e33e694d29f92681255d43bbe3c3') in 0.0734439 seconds
Number of updated asset objects reloaded before import = 0Number of asset objects unloaded after import = 1

========================================================================
Received Import Request.
  Time since last request: 0.000077 seconds.
  path: Assets/Grass And Flowers Pack 1/Ground Textures/Materials/Groundplants 1_D 472.mat
  artifactKey: Guid(719e50405bd9f864f906a6ce0677464a) Importer(2089858483,b0f066a214c2f5e87bad3c948f4d605d)
Start importing Assets/Grass And Flowers Pack 1/Ground Textures/Materials/Groundplants 1_D 472.mat using Guid(719e50405bd9f864f906a6ce0677464a) Importer(2089858483,b0f066a214c2f5e87bad3c948f4d605d) (ScriptedImporter) -> (artifact id: 'b060032905ca72c78091340280cc6b0f') in 0.0554609 seconds
Number of updated asset objects reloaded before import = 0Number of asset objects unloaded after import = 1

========================================================================
Received Import Request.
  Time since last request: 0.000063 seconds.
  path: Assets/Grass And Flowers Pack 1/Ground Textures/Materials/Groundplants 1_D 477.mat
  artifactKey: Guid(7af6a5df04da8904b8c25832fdd21772) Importer(2089858483,b0f066a214c2f5e87bad3c948f4d605d)
Start importing Assets/Grass And Flowers Pack 1/Ground Textures/Materials/Groundplants 1_D 477.mat using Guid(7af6a5df04da8904b8c25832fdd21772) Importer(2089858483,b0f066a214c2f5e87bad3c948f4d605d) (ScriptedImporter) -> (artifact id: 'bea986c10a8f8aae382e61f5cddf47c7') in 0.1056404 seconds
Number of updated asset objects reloaded before import = 0Number of asset objects unloaded after import = 1

========================================================================
Received Import Request.
  Time since last request: 0.000078 seconds.
  path: Assets/Grass And Flowers Pack 1/Ground Textures/Materials/Groundplants 1_D 479.mat
  artifactKey: Guid(d6e3285c5e96abc4fbd6488cc709ec07) Importer(2089858483,b0f066a214c2f5e87bad3c948f4d605d)
Start importing Assets/Grass And Flowers Pack 1/Ground Textures/Materials/Groundplants 1_D 479.mat using Guid(d6e3285c5e96abc4fbd6488cc709ec07) Importer(2089858483,b0f066a214c2f5e87bad3c948f4d605d) (ScriptedImporter) -> (artifact id: '915746ba39e7b1043d401ff3e2788e18') in 0.1241765 seconds
Number of updated asset objects reloaded before import = 0Number of asset objects unloaded after import = 1

========================================================================
Received Import Request.
  Time since last request: 0.000058 seconds.
  path: Assets/Grass And Flowers Pack 1/Ground Textures/Materials/Groundplants 1_D 488.mat
  artifactKey: Guid(e288c7af65628e64f96e1d9d71d4f7d4) Importer(2089858483,b0f066a214c2f5e87bad3c948f4d605d)
Start importing Assets/Grass And Flowers Pack 1/Ground Textures/Materials/Groundplants 1_D 488.mat using Guid(e288c7af65628e64f96e1d9d71d4f7d4) Importer(2089858483,b0f066a214c2f5e87bad3c948f4d605d) (ScriptedImporter) -> (artifact id: '16fcd9b5a54a1f0aba73e2e982835701') in 0.0646061 seconds
Number of updated asset objects reloaded before import = 0Number of asset objects unloaded after import = 1

========================================================================
Received Import Request.
  Time since last request: 0.000074 seconds.
  path: Assets/Grass And Flowers Pack 1/Ground Textures/Materials/Groundplants 1_D 491.mat
  artifactKey: Guid(75d39f7adef5bb149aba61bf4e959265) Importer(2089858483,b0f066a214c2f5e87bad3c948f4d605d)
Start importing Assets/Grass And Flowers Pack 1/Ground Textures/Materials/Groundplants 1_D 491.mat using Guid(75d39f7adef5bb149aba61bf4e959265) Importer(2089858483,b0f066a214c2f5e87bad3c948f4d605d) (ScriptedImporter) -> (artifact id: '1066e71581806cc261072438a304f3d7') in 0.0558598 seconds
Number of updated asset objects reloaded before import = 0Number of asset objects unloaded after import = 1

========================================================================
Received Import Request.
  Time since last request: 0.000055 seconds.
  path: Assets/Grass And Flowers Pack 1/Ground Textures/Materials/Groundplants 1_D 495.mat
  artifactKey: Guid(9cac467486ed2934ea5ffd8706d03d09) Importer(2089858483,b0f066a214c2f5e87bad3c948f4d605d)
Start importing Assets/Grass And Flowers Pack 1/Ground Textures/Materials/Groundplants 1_D 495.mat using Guid(9cac467486ed2934ea5ffd8706d03d09) Importer(2089858483,b0f066a214c2f5e87bad3c948f4d605d) (ScriptedImporter) -> (artifact id: 'd2220946c8c8ab6aefd166de27f4199f') in 0.1602876 seconds
Number of updated asset objects reloaded before import = 0Number of asset objects unloaded after import = 1

========================================================================
Received Import Request.
  Time since last request: 0.000056 seconds.
  path: Assets/Grass And Flowers Pack 1/Ground Textures/Materials/Groundplants 1_D 355.mat
  artifactKey: Guid(4638bf4978f608d47a315545cf5098b4) Importer(2089858483,b0f066a214c2f5e87bad3c948f4d605d)
Start importing Assets/Grass And Flowers Pack 1/Ground Textures/Materials/Groundplants 1_D 355.mat using Guid(4638bf4978f608d47a315545cf5098b4) Importer(2089858483,b0f066a214c2f5e87bad3c948f4d605d) (ScriptedImporter) -> (artifact id: 'a0b738a002fb0e28750c942149b9245f') in 0.1201086 seconds
Number of updated asset objects reloaded before import = 0Number of asset objects unloaded after import = 1

========================================================================
Received Import Request.
  Time since last request: 0.000107 seconds.
  path: Assets/Grass And Flowers Pack 1/Ground Textures/Materials/Groundplants 1_D 206.mat
  artifactKey: Guid(21c83428152dc7442ae2edde6f32d61f) Importer(2089858483,b0f066a214c2f5e87bad3c948f4d605d)
Start importing Assets/Grass And Flowers Pack 1/Ground Textures/Materials/Groundplants 1_D 206.mat using Guid(21c83428152dc7442ae2edde6f32d61f) Importer(2089858483,b0f066a214c2f5e87bad3c948f4d605d) (ScriptedImporter) -> (artifact id: '3ac28f606d2e444b81808385ce2e8acf') in 0.1424977 seconds
Number of updated asset objects reloaded before import = 0Number of asset objects unloaded after import = 1

========================================================================
Received Import Request.
  Time since last request: 0.000047 seconds.
  path: Assets/Grass And Flowers Pack 1/Ground Textures/Materials/Groundplants 1_D 373.mat
  artifactKey: Guid(42d867956b50edc48a4751f4413a7f66) Importer(2089858483,b0f066a214c2f5e87bad3c948f4d605d)
Start importing Assets/Grass And Flowers Pack 1/Ground Textures/Materials/Groundplants 1_D 373.mat using Guid(42d867956b50edc48a4751f4413a7f66) Importer(2089858483,b0f066a214c2f5e87bad3c948f4d605d) (ScriptedImporter) -> (artifact id: 'a859db6669d6dd550085b2bca6ffdbc0') in 0.0809721 seconds
Number of updated asset objects reloaded before import = 0Number of asset objects unloaded after import = 1

========================================================================
Received Import Request.
  Time since last request: 0.000085 seconds.
  path: Assets/Grass And Flowers Pack 1/Ground Textures/Materials/Groundplants 1_D 331.mat
  artifactKey: Guid(4f2381e5170c2404bb7807240d3cf96f) Importer(2089858483,b0f066a214c2f5e87bad3c948f4d605d)
Start importing Assets/Grass And Flowers Pack 1/Ground Textures/Materials/Groundplants 1_D 331.mat using Guid(4f2381e5170c2404bb7807240d3cf96f) Importer(2089858483,b0f066a214c2f5e87bad3c948f4d605d) (ScriptedImporter) -> (artifact id: 'acfb78c5a0b852e6de4d113f097a9291') in 0.1666771 seconds
Number of updated asset objects reloaded before import = 0Number of asset objects unloaded after import = 1

========================================================================
Received Import Request.
  Time since last request: 0.000053 seconds.
  path: Assets/Grass And Flowers Pack 1/Ground Textures/Materials/Groundplants 1_D 407.mat
  artifactKey: Guid(c1a16ded68d896c4b8c66d6d22d4abeb) Importer(2089858483,b0f066a214c2f5e87bad3c948f4d605d)
Start importing Assets/Grass And Flowers Pack 1/Ground Textures/Materials/Groundplants 1_D 407.mat using Guid(c1a16ded68d896c4b8c66d6d22d4abeb) Importer(2089858483,b0f066a214c2f5e87bad3c948f4d605d) (ScriptedImporter) -> (artifact id: '680ddd80c66116922828d0501a02c1a6') in 0.1218229 seconds
Number of updated asset objects reloaded before import = 0Number of asset objects unloaded after import = 1

========================================================================
Received Import Request.
  Time since last request: 0.000062 seconds.
  path: Assets/Grass And Flowers Pack 1/Ground Textures/Materials/Groundplants 1_D 92.mat
  artifactKey: Guid(9f1473a4dcd828d42bc0ee1e51476544) Importer(2089858483,b0f066a214c2f5e87bad3c948f4d605d)
Start importing Assets/Grass And Flowers Pack 1/Ground Textures/Materials/Groundplants 1_D 92.mat using Guid(9f1473a4dcd828d42bc0ee1e51476544) Importer(2089858483,b0f066a214c2f5e87bad3c948f4d605d) (ScriptedImporter) -> (artifact id: '43171e99ef6764a5f859aad365a0193e') in 0.0838122 seconds
Number of updated asset objects reloaded before import = 0Number of asset objects unloaded after import = 1

========================================================================
Received Import Request.
  Time since last request: 0.000054 seconds.
  path: Assets/Grass And Flowers Pack 1/Ground Textures/Materials/Groundplants 1_D 173.mat
  artifactKey: Guid(88b947961d83e9349bcb1a9dfc94c52f) Importer(2089858483,b0f066a214c2f5e87bad3c948f4d605d)
Start importing Assets/Grass And Flowers Pack 1/Ground Textures/Materials/Groundplants 1_D 173.mat using Guid(88b947961d83e9349bcb1a9dfc94c52f) Importer(2089858483,b0f066a214c2f5e87bad3c948f4d605d) (ScriptedImporter) -> (artifact id: '0b5c24241e176bb9936197b395225eca') in 0.0791503 seconds
Number of updated asset objects reloaded before import = 0Number of asset objects unloaded after import = 1

========================================================================
Received Import Request.
  Time since last request: 0.000070 seconds.
  path: Assets/Grass And Flowers Pack 1/Ground Textures/Materials/Groundplants 1_D 193.mat
  artifactKey: Guid(3a1da3ee7e3481e4d9c58965370f2795) Importer(2089858483,b0f066a214c2f5e87bad3c948f4d605d)
Start importing Assets/Grass And Flowers Pack 1/Ground Textures/Materials/Groundplants 1_D 193.mat using Guid(3a1da3ee7e3481e4d9c58965370f2795) Importer(2089858483,b0f066a214c2f5e87bad3c948f4d605d) (ScriptedImporter) -> (artifact id: 'a86f7beffeea4ea2608ccf975380e50e') in 0.0981731 seconds
Number of updated asset objects reloaded before import = 0Number of asset objects unloaded after import = 1

========================================================================
Received Import Request.
  Time since last request: 0.000080 seconds.
  path: Assets/Grass And Flowers Pack 1/Ground Textures/Materials/Groundplants 1_D 100.mat
  artifactKey: Guid(7ddd5e858ca397b43ad242d70bd2c024) Importer(2089858483,b0f066a214c2f5e87bad3c948f4d605d)
Start importing Assets/Grass And Flowers Pack 1/Ground Textures/Materials/Groundplants 1_D 100.mat using Guid(7ddd5e858ca397b43ad242d70bd2c024) Importer(2089858483,b0f066a214c2f5e87bad3c948f4d605d) (ScriptedImporter) -> (artifact id: '4892556d320e92fcaf665e1a7d2b25c2') in 0.0752431 seconds
Number of updated asset objects reloaded before import = 0Number of asset objects unloaded after import = 1

========================================================================
Received Import Request.
  Time since last request: 0.000063 seconds.
  path: Assets/Grass And Flowers Pack 1/Ground Textures/Materials/Groundplants 1_D 292.mat
  artifactKey: Guid(0b0eb8290b10fae4bb188a97453ffde6) Importer(2089858483,b0f066a214c2f5e87bad3c948f4d605d)
Start importing Assets/Grass And Flowers Pack 1/Ground Textures/Materials/Groundplants 1_D 292.mat using Guid(0b0eb8290b10fae4bb188a97453ffde6) Importer(2089858483,b0f066a214c2f5e87bad3c948f4d605d) (ScriptedImporter) -> (artifact id: '32595a52a251848dee8ad669ea098b2a') in 0.070319 seconds
Number of updated asset objects reloaded before import = 0Number of asset objects unloaded after import = 1

========================================================================
Received Import Request.
  Time since last request: 0.000055 seconds.
  path: Assets/Grass And Flowers Pack 1/Ground Textures/Materials/Groundplants 1_D 351.mat
  artifactKey: Guid(9f8de88d982994645bd79303dab4baa3) Importer(2089858483,b0f066a214c2f5e87bad3c948f4d605d)
Start importing Assets/Grass And Flowers Pack 1/Ground Textures/Materials/Groundplants 1_D 351.mat using Guid(9f8de88d982994645bd79303dab4baa3) Importer(2089858483,b0f066a214c2f5e87bad3c948f4d605d) (ScriptedImporter) -> (artifact id: '46b1f620f7148a7da9111aeccf6b3931') in 0.0482097 seconds
Number of updated asset objects reloaded before import = 0Number of asset objects unloaded after import = 1

========================================================================
Received Import Request.
  Time since last request: 0.000170 seconds.
  path: Assets/Grass And Flowers Pack 1/Ground Textures/Materials/Groundplants 1_D 485.mat
  artifactKey: Guid(aa497b0b9568c094bb3557cf9ba5ab0d) Importer(2089858483,b0f066a214c2f5e87bad3c948f4d605d)
Start importing Assets/Grass And Flowers Pack 1/Ground Textures/Materials/Groundplants 1_D 485.mat using Guid(aa497b0b9568c094bb3557cf9ba5ab0d) Importer(2089858483,b0f066a214c2f5e87bad3c948f4d605d) (ScriptedImporter) -> (artifact id: '4345bad7009f8e1e76bf0fabc016ad23') in 0.0848344 seconds
Number of updated asset objects reloaded before import = 0Number of asset objects unloaded after import = 1

========================================================================
Received Import Request.
  Time since last request: 0.000047 seconds.
  path: Assets/Grass And Flowers Pack 1/Ground Textures/Materials/Groundplants 1_D 185.mat
  artifactKey: Guid(077c0c2bf486e07489f23001337b0c1e) Importer(2089858483,b0f066a214c2f5e87bad3c948f4d605d)
Start importing Assets/Grass And Flowers Pack 1/Ground Textures/Materials/Groundplants 1_D 185.mat using Guid(077c0c2bf486e07489f23001337b0c1e) Importer(2089858483,b0f066a214c2f5e87bad3c948f4d605d) (ScriptedImporter) -> (artifact id: '0a23aaf072ce667bfec75279242a1f5b') in 0.1747561 seconds
Number of updated asset objects reloaded before import = 0Number of asset objects unloaded after import = 1

========================================================================
Received Import Request.
  Time since last request: 0.000129 seconds.
  path: Assets/Grass And Flowers Pack 1/Ground Textures/Materials/Groundplants 1_D 399.mat
  artifactKey: Guid(c856fa990a66b4246913b369243b741b) Importer(2089858483,b0f066a214c2f5e87bad3c948f4d605d)
Start importing Assets/Grass And Flowers Pack 1/Ground Textures/Materials/Groundplants 1_D 399.mat using Guid(c856fa990a66b4246913b369243b741b) Importer(2089858483,b0f066a214c2f5e87bad3c948f4d605d) (ScriptedImporter) -> (artifact id: 'ceac17b68589b81ad2d2498dafaf1ad4') in 0.1130627 seconds
Number of updated asset objects reloaded before import = 0Number of asset objects unloaded after import = 1

========================================================================
Received Import Request.
  Time since last request: 0.000063 seconds.
  path: Assets/Grass And Flowers Pack 1/Ground Textures/Materials/Groundplants 1_D 89.mat
  artifactKey: Guid(2c9b5caa4e73daa438ccdc60894b46b5) Importer(2089858483,b0f066a214c2f5e87bad3c948f4d605d)
Start importing Assets/Grass And Flowers Pack 1/Ground Textures/Materials/Groundplants 1_D 89.mat using Guid(2c9b5caa4e73daa438ccdc60894b46b5) Importer(2089858483,b0f066a214c2f5e87bad3c948f4d605d) (ScriptedImporter) -> (artifact id: '4993673074f451425b57bce8e8263ebc') in 0.1208754 seconds
Number of updated asset objects reloaded before import = 0Number of asset objects unloaded after import = 1

========================================================================
Received Import Request.
  Time since last request: 0.000071 seconds.
  path: Assets/Grass And Flowers Pack 1/Ground Textures/Materials/Groundplants 1_D 251.mat
  artifactKey: Guid(9a82dfd4aa7e7b040b61fc693546b60b) Importer(2089858483,b0f066a214c2f5e87bad3c948f4d605d)
Start importing Assets/Grass And Flowers Pack 1/Ground Textures/Materials/Groundplants 1_D 251.mat using Guid(9a82dfd4aa7e7b040b61fc693546b60b) Importer(2089858483,b0f066a214c2f5e87bad3c948f4d605d) (ScriptedImporter) -> (artifact id: '984f47af5502bac7f8e1fdac21fd6511') in 0.218219 seconds
Number of updated asset objects reloaded before import = 0Number of asset objects unloaded after import = 1

========================================================================
Received Import Request.
  Time since last request: 33.531238 seconds.
  path: Assets/Grass And Flowers Pack 1/Ground Textures/Materials/Groundplants 1_D 496.mat
  artifactKey: Guid(f3cb889564252554fba12b74688a3828) Importer(2089858483,b0f066a214c2f5e87bad3c948f4d605d)
Start importing Assets/Grass And Flowers Pack 1/Ground Textures/Materials/Groundplants 1_D 496.mat using Guid(f3cb889564252554fba12b74688a3828) Importer(2089858483,b0f066a214c2f5e87bad3c948f4d605d) (ScriptedImporter) -> (artifact id: '2f8b221d01547da319f0e1855e4f4036') in 0.0717414 seconds
Number of updated asset objects reloaded before import = 0Number of asset objects unloaded after import = 2

========================================================================
Received Import Request.
  Time since last request: 2.142454 seconds.
  path: Assets/Grass And Flowers Pack 1/Ground Textures/Materials/Groundplants 1_D 497.mat
  artifactKey: Guid(78171ff63aad5df428c0430e0c70cc9a) Importer(2089858483,b0f066a214c2f5e87bad3c948f4d605d)
Start importing Assets/Grass And Flowers Pack 1/Ground Textures/Materials/Groundplants 1_D 497.mat using Guid(78171ff63aad5df428c0430e0c70cc9a) Importer(2089858483,b0f066a214c2f5e87bad3c948f4d605d) (ScriptedImporter) -> (artifact id: 'b435c6796980ac22d2334f4be1f2ada8') in 0.0635014 seconds
Number of updated asset objects reloaded before import = 0Number of asset objects unloaded after import = 2

========================================================================
Received Import Request.
  Time since last request: 22.550964 seconds.
  path: Assets/Grass And Flowers Pack 1/Ground Textures/Materials/Groundplants 1_D 498.mat
  artifactKey: Guid(35cd5b0b279c64b4993aba4ec920fe26) Importer(2089858483,b0f066a214c2f5e87bad3c948f4d605d)
Start importing Assets/Grass And Flowers Pack 1/Ground Textures/Materials/Groundplants 1_D 498.mat using Guid(35cd5b0b279c64b4993aba4ec920fe26) Importer(2089858483,b0f066a214c2f5e87bad3c948f4d605d) (ScriptedImporter) -> (artifact id: '60853674c966562ccca604ca73374900') in 0.0758946 seconds
Number of updated asset objects reloaded before import = 0Number of asset objects unloaded after import = 2

========================================================================
Received Import Request.
  Time since last request: 198.223453 seconds.
  path: Assets/Grass And Flowers Pack 1/Ground Textures/Materials/Groundplants 1_D 501.mat
  artifactKey: Guid(569ebd9b8f8758644b65ebd638927295) Importer(2089858483,b0f066a214c2f5e87bad3c948f4d605d)
Start importing Assets/Grass And Flowers Pack 1/Ground Textures/Materials/Groundplants 1_D 501.mat using Guid(569ebd9b8f8758644b65ebd638927295) Importer(2089858483,b0f066a214c2f5e87bad3c948f4d605d) (ScriptedImporter) -> (artifact id: 'de38258cce8e85d40ea45c51c72bc8d6') in 0.0386583 seconds
Number of updated asset objects reloaded before import = 0Number of asset objects unloaded after import = 2

========================================================================
Received Import Request.
  Time since last request: 0.000071 seconds.
  path: Assets/Grass And Flowers Pack 1/Ground Textures/Materials/Groundplants 1_D 506.mat
  artifactKey: Guid(2cd51b5a81fe58b4495e3820049ea9fd) Importer(2089858483,b0f066a214c2f5e87bad3c948f4d605d)
Start importing Assets/Grass And Flowers Pack 1/Ground Textures/Materials/Groundplants 1_D 506.mat using Guid(2cd51b5a81fe58b4495e3820049ea9fd) Importer(2089858483,b0f066a214c2f5e87bad3c948f4d605d) (ScriptedImporter) -> (artifact id: 'd62a1acb71c97a28c8262859d06ddba3') in 0.0403947 seconds
Number of updated asset objects reloaded before import = 0Number of asset objects unloaded after import = 2

========================================================================
Received Import Request.
  Time since last request: 0.000092 seconds.
  path: Assets/Grass And Flowers Pack 1/Ground Textures/Materials/Groundplants 1_D 575.mat
  artifactKey: Guid(1b97031174a8ef84281585163f506d34) Importer(2089858483,b0f066a214c2f5e87bad3c948f4d605d)
Start importing Assets/Grass And Flowers Pack 1/Ground Textures/Materials/Groundplants 1_D 575.mat using Guid(1b97031174a8ef84281585163f506d34) Importer(2089858483,b0f066a214c2f5e87bad3c948f4d605d) (ScriptedImporter) -> (artifact id: '8c9fb234b4844b8cfb2554773c135bb2') in 0.031538 seconds
Number of updated asset objects reloaded before import = 0Number of asset objects unloaded after import = 2

========================================================================
Received Import Request.
  Time since last request: 0.000065 seconds.
  path: Assets/Grass And Flowers Pack 1/Ground Textures/Materials/Groundplants 1_D 583.mat
  artifactKey: Guid(6c1f008a1ed87034cbe140560915e868) Importer(2089858483,b0f066a214c2f5e87bad3c948f4d605d)
Start importing Assets/Grass And Flowers Pack 1/Ground Textures/Materials/Groundplants 1_D 583.mat using Guid(6c1f008a1ed87034cbe140560915e868) Importer(2089858483,b0f066a214c2f5e87bad3c948f4d605d) (ScriptedImporter) -> (artifact id: '40e3ffd38ccec01e78858e0d8cb1bb6a') in 0.1726227 seconds
Number of updated asset objects reloaded before import = 0Number of asset objects unloaded after import = 2

========================================================================
Received Import Request.
  Time since last request: 0.000088 seconds.
  path: Assets/Grass And Flowers Pack 1/Ground Textures/Materials/Groundplants 1_D 593.mat
  artifactKey: Guid(6b3dfa92010510c40a24c24f72d8052b) Importer(2089858483,b0f066a214c2f5e87bad3c948f4d605d)
Start importing Assets/Grass And Flowers Pack 1/Ground Textures/Materials/Groundplants 1_D 593.mat using Guid(6b3dfa92010510c40a24c24f72d8052b) Importer(2089858483,b0f066a214c2f5e87bad3c948f4d605d) (ScriptedImporter) -> (artifact id: '27c0c0326f44b78a21861a0852c4fab0') in 0.127063 seconds
Number of updated asset objects reloaded before import = 0Number of asset objects unloaded after import = 2

========================================================================
Received Import Request.
  Time since last request: 0.000061 seconds.
  path: Assets/Grass And Flowers Pack 1/Ground Textures/Materials/Groundplants 1_D 534.mat
  artifactKey: Guid(dd42bb17b60f92c41834904035116b16) Importer(2089858483,b0f066a214c2f5e87bad3c948f4d605d)
Start importing Assets/Grass And Flowers Pack 1/Ground Textures/Materials/Groundplants 1_D 534.mat using Guid(dd42bb17b60f92c41834904035116b16) Importer(2089858483,b0f066a214c2f5e87bad3c948f4d605d) (ScriptedImporter) -> (artifact id: 'eb5fad3aa3d140a5f371e93a256e978a') in 0.0644937 seconds
Number of updated asset objects reloaded before import = 0Number of asset objects unloaded after import = 2

========================================================================
Received Import Request.
  Time since last request: 0.000119 seconds.
  path: Assets/Grass And Flowers Pack 1/Ground Textures/Materials/Groundplants 1_D 563.mat
  artifactKey: Guid(8135096fedc4deb47aabbd514355a86e) Importer(2089858483,b0f066a214c2f5e87bad3c948f4d605d)
Start importing Assets/Grass And Flowers Pack 1/Ground Textures/Materials/Groundplants 1_D 563.mat using Guid(8135096fedc4deb47aabbd514355a86e) Importer(2089858483,b0f066a214c2f5e87bad3c948f4d605d) (ScriptedImporter) -> (artifact id: '972ef7107d4f47b1191f9fbd679adbfb') in 0.0579428 seconds
Number of updated asset objects reloaded before import = 0Number of asset objects unloaded after import = 2

========================================================================
Received Import Request.
  Time since last request: 0.000097 seconds.
  path: Assets/Grass And Flowers Pack 1/Ground Textures/Materials/Groundplants 1_D 514.mat
  artifactKey: Guid(2698519974561d745bb1a3cae206125c) Importer(2089858483,b0f066a214c2f5e87bad3c948f4d605d)
Start importing Assets/Grass And Flowers Pack 1/Ground Textures/Materials/Groundplants 1_D 514.mat using Guid(2698519974561d745bb1a3cae206125c) Importer(2089858483,b0f066a214c2f5e87bad3c948f4d605d) (ScriptedImporter) -> (artifact id: '02ae9283253bcfc026bd32fd3331d76c') in 0.1886756 seconds
Number of updated asset objects reloaded before import = 0Number of asset objects unloaded after import = 2

========================================================================
Received Import Request.
  Time since last request: 0.000084 seconds.
  path: Assets/Grass And Flowers Pack 1/Ground Textures/Materials/Groundplants 1_D 562.mat
  artifactKey: Guid(425ec6d753d83c449b7076be175abe69) Importer(2089858483,b0f066a214c2f5e87bad3c948f4d605d)
Start importing Assets/Grass And Flowers Pack 1/Ground Textures/Materials/Groundplants 1_D 562.mat using Guid(425ec6d753d83c449b7076be175abe69) Importer(2089858483,b0f066a214c2f5e87bad3c948f4d605d) (ScriptedImporter) -> (artifact id: '968326035dd46c002c7770e53f0bdcfe') in 0.0541053 seconds
Number of updated asset objects reloaded before import = 0Number of asset objects unloaded after import = 2

========================================================================
Received Import Request.
  Time since last request: 0.000056 seconds.
  path: Assets/Grass And Flowers Pack 1/Ground Textures/Materials/Groundplants 1_D 526.mat
  artifactKey: Guid(a471a0648475a8e4e97b7162072d89dc) Importer(2089858483,b0f066a214c2f5e87bad3c948f4d605d)
Start importing Assets/Grass And Flowers Pack 1/Ground Textures/Materials/Groundplants 1_D 526.mat using Guid(a471a0648475a8e4e97b7162072d89dc) Importer(2089858483,b0f066a214c2f5e87bad3c948f4d605d) (ScriptedImporter) -> (artifact id: '9944e23671fe8b409d36fdf4fa74969e') in 0.2271172 seconds
Number of updated asset objects reloaded before import = 0Number of asset objects unloaded after import = 2

========================================================================
Received Import Request.
  Time since last request: 0.000202 seconds.
  path: Assets/Grass And Flowers Pack 1/Ground Textures/Materials/Groundplants 1_D 602.mat
  artifactKey: Guid(4439fa024ee21304caca48bd1936cb12) Importer(2089858483,b0f066a214c2f5e87bad3c948f4d605d)
Start importing Assets/Grass And Flowers Pack 1/Ground Textures/Materials/Groundplants 1_D 602.mat using Guid(4439fa024ee21304caca48bd1936cb12) Importer(2089858483,b0f066a214c2f5e87bad3c948f4d605d) (ScriptedImporter) -> (artifact id: 'b8330a381f5ded2618152479d7713149') in 0.0706838 seconds
Number of updated asset objects reloaded before import = 0Number of asset objects unloaded after import = 2

========================================================================
Received Import Request.
  Time since last request: 0.000102 seconds.
  path: Assets/Grass And Flowers Pack 1/Ground Textures/Materials/Groundplants 1_D 554.mat
  artifactKey: Guid(e1a185d83509a7949a312af6997d8bbb) Importer(2089858483,b0f066a214c2f5e87bad3c948f4d605d)
Start importing Assets/Grass And Flowers Pack 1/Ground Textures/Materials/Groundplants 1_D 554.mat using Guid(e1a185d83509a7949a312af6997d8bbb) Importer(2089858483,b0f066a214c2f5e87bad3c948f4d605d) (ScriptedImporter) -> (artifact id: 'c88f1954fcf97231936b22f147a205b2') in 0.040618 seconds
Number of updated asset objects reloaded before import = 0Number of asset objects unloaded after import = 2

========================================================================
Received Import Request.
  Time since last request: 0.000065 seconds.
  path: Assets/Grass And Flowers Pack 1/Ground Textures/Materials/Groundplants 1_D 621.mat
  artifactKey: Guid(eb06e50bf2315674b8b1d388705bdc3f) Importer(2089858483,b0f066a214c2f5e87bad3c948f4d605d)
Start importing Assets/Grass And Flowers Pack 1/Ground Textures/Materials/Groundplants 1_D 621.mat using Guid(eb06e50bf2315674b8b1d388705bdc3f) Importer(2089858483,b0f066a214c2f5e87bad3c948f4d605d) (ScriptedImporter) -> (artifact id: '1bd46b9f54bdbbac9859172b767b9ef1') in 0.0424718 seconds
Number of updated asset objects reloaded before import = 0Number of asset objects unloaded after import = 2

========================================================================
Received Import Request.
  Time since last request: 0.000070 seconds.
  path: Assets/Grass And Flowers Pack 1/Ground Textures/Materials/Groundplants 1_D 603.mat
  artifactKey: Guid(eeaf2cd03fe8e9c4eb3b00269af6d591) Importer(2089858483,b0f066a214c2f5e87bad3c948f4d605d)
Start importing Assets/Grass And Flowers Pack 1/Ground Textures/Materials/Groundplants 1_D 603.mat using Guid(eeaf2cd03fe8e9c4eb3b00269af6d591) Importer(2089858483,b0f066a214c2f5e87bad3c948f4d605d) (ScriptedImporter) -> (artifact id: 'ccb4ddeab7c03599494bbc52fe5cda3e') in 0.0423112 seconds
Number of updated asset objects reloaded before import = 0Number of asset objects unloaded after import = 2

========================================================================
Received Import Request.
  Time since last request: 0.000085 seconds.
  path: Assets/Grass And Flowers Pack 1/Ground Textures/Materials/Groundplants 1_D 573.mat
  artifactKey: Guid(feeb934374b7cf747b9783cacd9ec48c) Importer(2089858483,b0f066a214c2f5e87bad3c948f4d605d)
Start importing Assets/Grass And Flowers Pack 1/Ground Textures/Materials/Groundplants 1_D 573.mat using Guid(feeb934374b7cf747b9783cacd9ec48c) Importer(2089858483,b0f066a214c2f5e87bad3c948f4d605d) (ScriptedImporter) -> (artifact id: '363673516f461da35272da37f84a3e71') in 0.0883715 seconds
Number of updated asset objects reloaded before import = 0Number of asset objects unloaded after import = 2

========================================================================
Received Import Request.
  Time since last request: 0.000075 seconds.
  path: Assets/Grass And Flowers Pack 1/Ground Textures/Materials/Groundplants 1_D 627.mat
  artifactKey: Guid(b777ab72b4c45c046b6163e033531372) Importer(2089858483,b0f066a214c2f5e87bad3c948f4d605d)
Start importing Assets/Grass And Flowers Pack 1/Ground Textures/Materials/Groundplants 1_D 627.mat using Guid(b777ab72b4c45c046b6163e033531372) Importer(2089858483,b0f066a214c2f5e87bad3c948f4d605d) (ScriptedImporter) -> (artifact id: 'fe60f927a6a6530038b0e45cc96589fa') in 0.1653308 seconds
Number of updated asset objects reloaded before import = 0Number of asset objects unloaded after import = 2

========================================================================
Received Import Request.
  Time since last request: 0.000091 seconds.
  path: Assets/Grass And Flowers Pack 1/Ground Textures/Materials/Groundplants 1_D 587.mat
  artifactKey: Guid(d896ed1d7aacf384a9d12411109d8d23) Importer(2089858483,b0f066a214c2f5e87bad3c948f4d605d)
Start importing Assets/Grass And Flowers Pack 1/Ground Textures/Materials/Groundplants 1_D 587.mat using Guid(d896ed1d7aacf384a9d12411109d8d23) Importer(2089858483,b0f066a214c2f5e87bad3c948f4d605d) (ScriptedImporter) -> (artifact id: '63a0310a4b7de25224c3755bb61a86fc') in 0.1530884 seconds
Number of updated asset objects reloaded before import = 0Number of asset objects unloaded after import = 2

========================================================================
Received Import Request.
  Time since last request: 0.000072 seconds.
  path: Assets/Grass And Flowers Pack 1/Ground Textures/Materials/Groundplants 1_D 569.mat
  artifactKey: Guid(ac4486ab0cd92bd40815c602796980b9) Importer(2089858483,b0f066a214c2f5e87bad3c948f4d605d)
Start importing Assets/Grass And Flowers Pack 1/Ground Textures/Materials/Groundplants 1_D 569.mat using Guid(ac4486ab0cd92bd40815c602796980b9) Importer(2089858483,b0f066a214c2f5e87bad3c948f4d605d) (ScriptedImporter) -> (artifact id: '555c176dd088680656b888dac071239a') in 0.3597724 seconds
Number of updated asset objects reloaded before import = 0Number of asset objects unloaded after import = 2

========================================================================
Received Import Request.
  Time since last request: 0.000101 seconds.
  path: Assets/Grass And Flowers Pack 1/Ground Textures/Materials/Groundplants 1_D 580.mat
  artifactKey: Guid(abd6e683eaa2c134abae317e95aedddd) Importer(2089858483,b0f066a214c2f5e87bad3c948f4d605d)
Start importing Assets/Grass And Flowers Pack 1/Ground Textures/Materials/Groundplants 1_D 580.mat using Guid(abd6e683eaa2c134abae317e95aedddd) Importer(2089858483,b0f066a214c2f5e87bad3c948f4d605d) (ScriptedImporter) -> (artifact id: '99b8360ef919b440aa5be88b06a9e357') in 0.1680459 seconds
Number of updated asset objects reloaded before import = 0Number of asset objects unloaded after import = 2

========================================================================
Received Import Request.
  Time since last request: 0.000066 seconds.
  path: Assets/Grass And Flowers Pack 1/Ground Textures/Materials/Groundplants 1_D 618.mat
  artifactKey: Guid(0f5408df27421b243b9b3db16b473eb2) Importer(2089858483,b0f066a214c2f5e87bad3c948f4d605d)
Start importing Assets/Grass And Flowers Pack 1/Ground Textures/Materials/Groundplants 1_D 618.mat using Guid(0f5408df27421b243b9b3db16b473eb2) Importer(2089858483,b0f066a214c2f5e87bad3c948f4d605d) (ScriptedImporter) -> (artifact id: 'edaaf6157ca01f6919cc7b537de87f0f') in 0.1652415 seconds
Number of updated asset objects reloaded before import = 0Number of asset objects unloaded after import = 2

========================================================================
Received Import Request.
  Time since last request: 0.000070 seconds.
  path: Assets/Grass And Flowers Pack 1/Ground Textures/Materials/Groundplants 1_D 609.mat
  artifactKey: Guid(bb053e743fe3e514e951525168e76990) Importer(2089858483,b0f066a214c2f5e87bad3c948f4d605d)
Start importing Assets/Grass And Flowers Pack 1/Ground Textures/Materials/Groundplants 1_D 609.mat using Guid(bb053e743fe3e514e951525168e76990) Importer(2089858483,b0f066a214c2f5e87bad3c948f4d605d) (ScriptedImporter) -> (artifact id: '2efa93e57bd11b4997dd3d6bbbacd4c6') in 0.1784175 seconds
Number of updated asset objects reloaded before import = 0Number of asset objects unloaded after import = 2

========================================================================
Received Import Request.
  Time since last request: 0.000062 seconds.
  path: Assets/Grass And Flowers Pack 1/Ground Textures/Materials/Groundplants 1_D 640.mat
  artifactKey: Guid(f73e81b79e3f90b4d8fb75582867f393) Importer(2089858483,b0f066a214c2f5e87bad3c948f4d605d)
Start importing Assets/Grass And Flowers Pack 1/Ground Textures/Materials/Groundplants 1_D 640.mat using Guid(f73e81b79e3f90b4d8fb75582867f393) Importer(2089858483,b0f066a214c2f5e87bad3c948f4d605d) (ScriptedImporter) -> (artifact id: '380bf5c8f648a0f3a8a4b164e764e6bf') in 0.0802388 seconds
Number of updated asset objects reloaded before import = 0Number of asset objects unloaded after import = 2

========================================================================
Received Import Request.
  Time since last request: 0.000087 seconds.
  path: Assets/Grass And Flowers Pack 1/Ground Textures/Materials/Groundplants 1_D 607.mat
  artifactKey: Guid(2317b43c309211043a2aa98d3a61771c) Importer(2089858483,b0f066a214c2f5e87bad3c948f4d605d)
Start importing Assets/Grass And Flowers Pack 1/Ground Textures/Materials/Groundplants 1_D 607.mat using Guid(2317b43c309211043a2aa98d3a61771c) Importer(2089858483,b0f066a214c2f5e87bad3c948f4d605d) (ScriptedImporter) -> (artifact id: '802b89e6ad53602b5f49b4c0fd156114') in 0.0520555 seconds
Number of updated asset objects reloaded before import = 0Number of asset objects unloaded after import = 2

========================================================================
Received Import Request.
  Time since last request: 0.000062 seconds.
  path: Assets/Grass And Flowers Pack 1/Ground Textures/Materials/Groundplants 1_D 614.mat
  artifactKey: Guid(129e7209024c2af4bad3b169290189d2) Importer(2089858483,b0f066a214c2f5e87bad3c948f4d605d)
Start importing Assets/Grass And Flowers Pack 1/Ground Textures/Materials/Groundplants 1_D 614.mat using Guid(129e7209024c2af4bad3b169290189d2) Importer(2089858483,b0f066a214c2f5e87bad3c948f4d605d) (ScriptedImporter) -> (artifact id: '92c7098c78673e0c5ec748c78ea9eddf') in 0.0475944 seconds
Number of updated asset objects reloaded before import = 0Number of asset objects unloaded after import = 2

========================================================================
Received Import Request.
  Time since last request: 0.000074 seconds.
  path: Assets/Grass And Flowers Pack 1/Ground Textures/Materials/Groundplants 1_D 620.mat
  artifactKey: Guid(92fe17b97be35c744a5d9e420b0fa2d0) Importer(2089858483,b0f066a214c2f5e87bad3c948f4d605d)
Start importing Assets/Grass And Flowers Pack 1/Ground Textures/Materials/Groundplants 1_D 620.mat using Guid(92fe17b97be35c744a5d9e420b0fa2d0) Importer(2089858483,b0f066a214c2f5e87bad3c948f4d605d) (ScriptedImporter) -> (artifact id: '129ce0d2d2b215919bcc68ecf3c9766e') in 0.0734565 seconds
Number of updated asset objects reloaded before import = 0Number of asset objects unloaded after import = 2

========================================================================
Received Import Request.
  Time since last request: 0.000075 seconds.
  path: Assets/Grass And Flowers Pack 1/Ground Textures/Materials/Groundplants 1_D 549.mat
  artifactKey: Guid(f5194fce0fc2ca44c856f675170b6b79) Importer(2089858483,b0f066a214c2f5e87bad3c948f4d605d)
Start importing Assets/Grass And Flowers Pack 1/Ground Textures/Materials/Groundplants 1_D 549.mat using Guid(f5194fce0fc2ca44c856f675170b6b79) Importer(2089858483,b0f066a214c2f5e87bad3c948f4d605d) (ScriptedImporter) -> (artifact id: '7c6cfa8942118f8ac41d6aef2fcca7de') in 0.0488566 seconds
Number of updated asset objects reloaded before import = 0Number of asset objects unloaded after import = 2

========================================================================
Received Import Request.
  Time since last request: 0.000073 seconds.
  path: Assets/Grass And Flowers Pack 1/Ground Textures/Materials/Groundplants 1_D 582.mat
  artifactKey: Guid(a57a14477153c714ab3a10acb9a95b08) Importer(2089858483,b0f066a214c2f5e87bad3c948f4d605d)
Start importing Assets/Grass And Flowers Pack 1/Ground Textures/Materials/Groundplants 1_D 582.mat using Guid(a57a14477153c714ab3a10acb9a95b08) Importer(2089858483,b0f066a214c2f5e87bad3c948f4d605d) (ScriptedImporter) -> (artifact id: 'ecfa0eeaf87fc3eb3e0835e77315d5a4') in 0.0647182 seconds
Number of updated asset objects reloaded before import = 0Number of asset objects unloaded after import = 2

========================================================================
Received Import Request.
  Time since last request: 0.000093 seconds.
  path: Assets/Grass And Flowers Pack 1/Ground Textures/Materials/Groundplants 1_D 566.mat
  artifactKey: Guid(04c0220b1a46b9848a761c28d6f3483c) Importer(2089858483,b0f066a214c2f5e87bad3c948f4d605d)
Start importing Assets/Grass And Flowers Pack 1/Ground Textures/Materials/Groundplants 1_D 566.mat using Guid(04c0220b1a46b9848a761c28d6f3483c) Importer(2089858483,b0f066a214c2f5e87bad3c948f4d605d) (ScriptedImporter) -> (artifact id: '1bb895cf23bf1027c7cea321631291b3') in 0.0506752 seconds
Number of updated asset objects reloaded before import = 0Number of asset objects unloaded after import = 2

========================================================================
Received Import Request.
  Time since last request: 0.000089 seconds.
  path: Assets/Grass And Flowers Pack 1/Ground Textures/Materials/Groundplants 1_D 654.mat
  artifactKey: Guid(c06e40242da030c4684e70730a7127e4) Importer(2089858483,b0f066a214c2f5e87bad3c948f4d605d)
Start importing Assets/Grass And Flowers Pack 1/Ground Textures/Materials/Groundplants 1_D 654.mat using Guid(c06e40242da030c4684e70730a7127e4) Importer(2089858483,b0f066a214c2f5e87bad3c948f4d605d) (ScriptedImporter) -> (artifact id: '89ce5776b1a4440aa758e6e38da03bde') in 0.0445326 seconds
Number of updated asset objects reloaded before import = 0Number of asset objects unloaded after import = 2

========================================================================
Received Import Request.
  Time since last request: 0.000060 seconds.
  path: Assets/Grass And Flowers Pack 1/Ground Textures/Materials/Groundplants 1_D 581.mat
  artifactKey: Guid(e5ce6058996147b4a86bbb92cc12acab) Importer(2089858483,b0f066a214c2f5e87bad3c948f4d605d)
Start importing Assets/Grass And Flowers Pack 1/Ground Textures/Materials/Groundplants 1_D 581.mat using Guid(e5ce6058996147b4a86bbb92cc12acab) Importer(2089858483,b0f066a214c2f5e87bad3c948f4d605d) (ScriptedImporter) -> (artifact id: '3b65cd5b9d9e2e3e443814dcf17295f6') in 0.0605932 seconds
Number of updated asset objects reloaded before import = 0Number of asset objects unloaded after import = 2

========================================================================
Received Import Request.
  Time since last request: 0.000094 seconds.
  path: Assets/Grass And Flowers Pack 1/Ground Textures/Materials/Groundplants 1_D 542.mat
  artifactKey: Guid(e67ae56fa93c2c34bb8b054605660136) Importer(2089858483,b0f066a214c2f5e87bad3c948f4d605d)
Start importing Assets/Grass And Flowers Pack 1/Ground Textures/Materials/Groundplants 1_D 542.mat using Guid(e67ae56fa93c2c34bb8b054605660136) Importer(2089858483,b0f066a214c2f5e87bad3c948f4d605d) (ScriptedImporter) -> (artifact id: '22703ed0f54d952637d8bb9c68a8e9ff') in 0.0495111 seconds
Number of updated asset objects reloaded before import = 0Number of asset objects unloaded after import = 2

========================================================================
Received Import Request.
  Time since last request: 0.000064 seconds.
  path: Assets/Grass And Flowers Pack 1/Ground Textures/Materials/Groundplants 1_D 529.mat
  artifactKey: Guid(84fd5671dc28569448778d9bf768744e) Importer(2089858483,b0f066a214c2f5e87bad3c948f4d605d)
Start importing Assets/Grass And Flowers Pack 1/Ground Textures/Materials/Groundplants 1_D 529.mat using Guid(84fd5671dc28569448778d9bf768744e) Importer(2089858483,b0f066a214c2f5e87bad3c948f4d605d) (ScriptedImporter) -> (artifact id: 'c77e00f6d93402160b9e23bb3423977c') in 0.0530384 seconds
Number of updated asset objects reloaded before import = 0Number of asset objects unloaded after import = 2

========================================================================
Received Import Request.
  Time since last request: 0.000072 seconds.
  path: Assets/Grass And Flowers Pack 1/Ground Textures/Materials/Groundplants 1_D 508.mat
  artifactKey: Guid(22ca8eb5a142e5a4cb8ffc42a2514552) Importer(2089858483,b0f066a214c2f5e87bad3c948f4d605d)
Start importing Assets/Grass And Flowers Pack 1/Ground Textures/Materials/Groundplants 1_D 508.mat using Guid(22ca8eb5a142e5a4cb8ffc42a2514552) Importer(2089858483,b0f066a214c2f5e87bad3c948f4d605d) (ScriptedImporter) -> (artifact id: '40c986ffd25cffb748bee90d8bcc11aa') in 0.0500696 seconds
Number of updated asset objects reloaded before import = 0Number of asset objects unloaded after import = 2

========================================================================
Received Import Request.
  Time since last request: 0.000066 seconds.
  path: Assets/Grass And Flowers Pack 1/Ground Textures/Materials/Groundplants 1_D 662.mat
  artifactKey: Guid(cfb7f3d6df94582449d81a6187ba18c6) Importer(2089858483,b0f066a214c2f5e87bad3c948f4d605d)
Start importing Assets/Grass And Flowers Pack 1/Ground Textures/Materials/Groundplants 1_D 662.mat using Guid(cfb7f3d6df94582449d81a6187ba18c6) Importer(2089858483,b0f066a214c2f5e87bad3c948f4d605d) (ScriptedImporter) -> (artifact id: '6f61043e46f2f6a3ab3183a2c6f9790a') in 0.0647206 seconds
Number of updated asset objects reloaded before import = 0Number of asset objects unloaded after import = 2

========================================================================
Received Import Request.
  Time since last request: 0.000119 seconds.
  path: Assets/Grass And Flowers Pack 1/Ground Textures/Materials/Groundplants 1_D 660.mat
  artifactKey: Guid(fd503b78c839a024e919b7ea83460700) Importer(2089858483,b0f066a214c2f5e87bad3c948f4d605d)
Start importing Assets/Grass And Flowers Pack 1/Ground Textures/Materials/Groundplants 1_D 660.mat using Guid(fd503b78c839a024e919b7ea83460700) Importer(2089858483,b0f066a214c2f5e87bad3c948f4d605d) (ScriptedImporter) -> (artifact id: '1eb03ffb876c7dca9caa2dce309c8b27') in 0.1429713 seconds
Number of updated asset objects reloaded before import = 0Number of asset objects unloaded after import = 2

========================================================================
Received Import Request.
  Time since last request: 0.000072 seconds.
  path: Assets/Grass And Flowers Pack 1/Ground Textures/Materials/Groundplants 1_D 579.mat
  artifactKey: Guid(6c6b623553564ac4c8e11f105642f38b) Importer(2089858483,b0f066a214c2f5e87bad3c948f4d605d)
Start importing Assets/Grass And Flowers Pack 1/Ground Textures/Materials/Groundplants 1_D 579.mat using Guid(6c6b623553564ac4c8e11f105642f38b) Importer(2089858483,b0f066a214c2f5e87bad3c948f4d605d) (ScriptedImporter) -> (artifact id: '04440cb0fecf824ce88a39fe92740588') in 0.1404194 seconds
Number of updated asset objects reloaded before import = 0Number of asset objects unloaded after import = 2

========================================================================
Received Import Request.
  Time since last request: 0.000091 seconds.
  path: Assets/Grass And Flowers Pack 1/Ground Textures/Materials/Groundplants 1_D 644.mat
  artifactKey: Guid(54e6fb3087efb8647ae2cd0d6b8afa47) Importer(2089858483,b0f066a214c2f5e87bad3c948f4d605d)
Start importing Assets/Grass And Flowers Pack 1/Ground Textures/Materials/Groundplants 1_D 644.mat using Guid(54e6fb3087efb8647ae2cd0d6b8afa47) Importer(2089858483,b0f066a214c2f5e87bad3c948f4d605d) (ScriptedImporter) -> (artifact id: '61f8536308510ea4a653c3bdc41994b5') in 0.0364387 seconds
Number of updated asset objects reloaded before import = 0Number of asset objects unloaded after import = 2

========================================================================
Received Import Request.
  Time since last request: 0.000054 seconds.
  path: Assets/Grass And Flowers Pack 1/Ground Textures/Materials/Groundplants 1_D 672.mat
  artifactKey: Guid(ac6240241e7182f4bbb836a816a74088) Importer(2089858483,b0f066a214c2f5e87bad3c948f4d605d)
Start importing Assets/Grass And Flowers Pack 1/Ground Textures/Materials/Groundplants 1_D 672.mat using Guid(ac6240241e7182f4bbb836a816a74088) Importer(2089858483,b0f066a214c2f5e87bad3c948f4d605d) (ScriptedImporter) -> (artifact id: '7f5b17f09c53617e753ef3e8a1eebe0f') in 0.0426357 seconds
Number of updated asset objects reloaded before import = 0Number of asset objects unloaded after import = 2

========================================================================
Received Import Request.
  Time since last request: 0.000083 seconds.
  path: Assets/Grass And Flowers Pack 1/Ground Textures/Materials/Groundplants 1_D 671.mat
  artifactKey: Guid(2e17252153a4b3c43950454bb98bbe00) Importer(2089858483,b0f066a214c2f5e87bad3c948f4d605d)
Start importing Assets/Grass And Flowers Pack 1/Ground Textures/Materials/Groundplants 1_D 671.mat using Guid(2e17252153a4b3c43950454bb98bbe00) Importer(2089858483,b0f066a214c2f5e87bad3c948f4d605d) (ScriptedImporter) -> (artifact id: 'dec312a8aba5b50f342ea6c1c61d6589') in 0.0938353 seconds
Number of updated asset objects reloaded before import = 0Number of asset objects unloaded after import = 2

========================================================================
Received Import Request.
  Time since last request: 0.000147 seconds.
  path: Assets/Grass And Flowers Pack 1/Ground Textures/Materials/Groundplants 1_D 675.mat
  artifactKey: Guid(641bd3d0b1e65ea4bbded9b9b8df6460) Importer(2089858483,b0f066a214c2f5e87bad3c948f4d605d)
Start importing Assets/Grass And Flowers Pack 1/Ground Textures/Materials/Groundplants 1_D 675.mat using Guid(641bd3d0b1e65ea4bbded9b9b8df6460) Importer(2089858483,b0f066a214c2f5e87bad3c948f4d605d) (ScriptedImporter) -> (artifact id: '73591716bd095cc3f4c3a7191932e661') in 0.049453 seconds
Number of updated asset objects reloaded before import = 0Number of asset objects unloaded after import = 2

========================================================================
Received Import Request.
  Time since last request: 0.000078 seconds.
  path: Assets/Grass And Flowers Pack 1/Ground Textures/Materials/Groundplants 1_D 512.mat
  artifactKey: Guid(8b778585fc3b6774db56f775155dad06) Importer(2089858483,b0f066a214c2f5e87bad3c948f4d605d)
Start importing Assets/Grass And Flowers Pack 1/Ground Textures/Materials/Groundplants 1_D 512.mat using Guid(8b778585fc3b6774db56f775155dad06) Importer(2089858483,b0f066a214c2f5e87bad3c948f4d605d) (ScriptedImporter) -> (artifact id: '7ec3b7362a437266d62b5244854dfcf1') in 0.1655672 seconds
Number of updated asset objects reloaded before import = 0Number of asset objects unloaded after import = 2

========================================================================
Received Import Request.
  Time since last request: 0.000103 seconds.
  path: Assets/Grass And Flowers Pack 1/Ground Textures/Materials/Groundplants 1_D 572.mat
  artifactKey: Guid(7d79df9da147f304fa778069f3656a06) Importer(2089858483,b0f066a214c2f5e87bad3c948f4d605d)
Start importing Assets/Grass And Flowers Pack 1/Ground Textures/Materials/Groundplants 1_D 572.mat using Guid(7d79df9da147f304fa778069f3656a06) Importer(2089858483,b0f066a214c2f5e87bad3c948f4d605d) (ScriptedImporter) -> (artifact id: '7be8850ead8d41e259b40219195d9770') in 0.0518612 seconds
Number of updated asset objects reloaded before import = 0Number of asset objects unloaded after import = 2

========================================================================
Received Import Request.
  Time since last request: 0.000130 seconds.
  path: Assets/Grass And Flowers Pack 1/Ground Textures/Materials/Groundplants 1_D 510.mat
  artifactKey: Guid(e7e9907ee30d94c47b72c8f4b77d4618) Importer(2089858483,b0f066a214c2f5e87bad3c948f4d605d)
Start importing Assets/Grass And Flowers Pack 1/Ground Textures/Materials/Groundplants 1_D 510.mat using Guid(e7e9907ee30d94c47b72c8f4b77d4618) Importer(2089858483,b0f066a214c2f5e87bad3c948f4d605d) (ScriptedImporter) -> (artifact id: 'e6ad62fed1fd3bfd22c3d6ab50b669cd') in 0.0443193 seconds
Number of updated asset objects reloaded before import = 0Number of asset objects unloaded after import = 2

========================================================================
Received Import Request.
  Time since last request: 0.000078 seconds.
  path: Assets/Grass And Flowers Pack 1/Ground Textures/Materials/Groundplants 1_D 685.mat
  artifactKey: Guid(b5625453885d24c408b1dcca0e72e0f4) Importer(2089858483,b0f066a214c2f5e87bad3c948f4d605d)
Start importing Assets/Grass And Flowers Pack 1/Ground Textures/Materials/Groundplants 1_D 685.mat using Guid(b5625453885d24c408b1dcca0e72e0f4) Importer(2089858483,b0f066a214c2f5e87bad3c948f4d605d) (ScriptedImporter) -> (artifact id: '4a708d501bc0d0f8aa48bf4e37abad27') in 0.121804 seconds
Number of updated asset objects reloaded before import = 0Number of asset objects unloaded after import = 2

========================================================================
Received Import Request.
  Time since last request: 0.000073 seconds.
  path: Assets/Grass And Flowers Pack 1/Ground Textures/Materials/Groundplants 1_D 615.mat
  artifactKey: Guid(efbe70652d8688e4493574985da70cc1) Importer(2089858483,b0f066a214c2f5e87bad3c948f4d605d)
Start importing Assets/Grass And Flowers Pack 1/Ground Textures/Materials/Groundplants 1_D 615.mat using Guid(efbe70652d8688e4493574985da70cc1) Importer(2089858483,b0f066a214c2f5e87bad3c948f4d605d) (ScriptedImporter) -> (artifact id: 'c4cf14d8279405c8919c45aec2d5660c') in 0.0674954 seconds
Number of updated asset objects reloaded before import = 0Number of asset objects unloaded after import = 2

========================================================================
Received Import Request.
  Time since last request: 0.000055 seconds.
  path: Assets/Grass And Flowers Pack 1/Ground Textures/Materials/Groundplants 1_D 686.mat
  artifactKey: Guid(2942aa737aaa88d499c9d451c4e808f1) Importer(2089858483,b0f066a214c2f5e87bad3c948f4d605d)
Start importing Assets/Grass And Flowers Pack 1/Ground Textures/Materials/Groundplants 1_D 686.mat using Guid(2942aa737aaa88d499c9d451c4e808f1) Importer(2089858483,b0f066a214c2f5e87bad3c948f4d605d) (ScriptedImporter) -> (artifact id: 'af7483284be04a2a4687eddd18575467') in 0.0491198 seconds
Number of updated asset objects reloaded before import = 0Number of asset objects unloaded after import = 2

========================================================================
Received Import Request.
  Time since last request: 0.000073 seconds.
  path: Assets/Grass And Flowers Pack 1/Ground Textures/Materials/Groundplants 1_D 626.mat
  artifactKey: Guid(1e74bfa645344fc41942f727fdc4bf2e) Importer(2089858483,b0f066a214c2f5e87bad3c948f4d605d)
Start importing Assets/Grass And Flowers Pack 1/Ground Textures/Materials/Groundplants 1_D 626.mat using Guid(1e74bfa645344fc41942f727fdc4bf2e) Importer(2089858483,b0f066a214c2f5e87bad3c948f4d605d) (ScriptedImporter) -> (artifact id: '9755cbf01f083e904d40d2c09f554b6b') in 0.0602851 seconds
Number of updated asset objects reloaded before import = 0Number of asset objects unloaded after import = 2

========================================================================
Received Import Request.
  Time since last request: 0.000057 seconds.
  path: Assets/Grass And Flowers Pack 1/Ground Textures/Materials/Groundplants 1_D 586.mat
  artifactKey: Guid(ea53c5b66254e5043a6ae26e92de6c95) Importer(2089858483,b0f066a214c2f5e87bad3c948f4d605d)
Start importing Assets/Grass And Flowers Pack 1/Ground Textures/Materials/Groundplants 1_D 586.mat using Guid(ea53c5b66254e5043a6ae26e92de6c95) Importer(2089858483,b0f066a214c2f5e87bad3c948f4d605d) (ScriptedImporter) -> (artifact id: 'ed809b28683a3721fc708b85238aee5e') in 0.0951055 seconds
Number of updated asset objects reloaded before import = 0Number of asset objects unloaded after import = 2

========================================================================
Received Import Request.
  Time since last request: 0.000096 seconds.
  path: Assets/Grass And Flowers Pack 1/Ground Textures/Materials/Groundplants 1_D 694.mat
  artifactKey: Guid(91a7422b53098cc4cb5d40300ee5e367) Importer(2089858483,b0f066a214c2f5e87bad3c948f4d605d)
Start importing Assets/Grass And Flowers Pack 1/Ground Textures/Materials/Groundplants 1_D 694.mat using Guid(91a7422b53098cc4cb5d40300ee5e367) Importer(2089858483,b0f066a214c2f5e87bad3c948f4d605d) (ScriptedImporter) -> (artifact id: 'da44d435b2ef250c3cfb80685e107420') in 0.037999 seconds
Number of updated asset objects reloaded before import = 0Number of asset objects unloaded after import = 2

========================================================================
Received Import Request.
  Time since last request: 0.000062 seconds.
  path: Assets/Grass And Flowers Pack 1/Ground Textures/Materials/Groundplants 1_D 585.mat
  artifactKey: Guid(92f543aaa4666534c9e169d078bdd35e) Importer(2089858483,b0f066a214c2f5e87bad3c948f4d605d)
Start importing Assets/Grass And Flowers Pack 1/Ground Textures/Materials/Groundplants 1_D 585.mat using Guid(92f543aaa4666534c9e169d078bdd35e) Importer(2089858483,b0f066a214c2f5e87bad3c948f4d605d) (ScriptedImporter) -> (artifact id: '2599db5d34309364f65a241a22fba4d7') in 0.0425422 seconds
Number of updated asset objects reloaded before import = 0Number of asset objects unloaded after import = 2

========================================================================
Received Import Request.
  Time since last request: 0.000068 seconds.
  path: Assets/Grass And Flowers Pack 1/Ground Textures/Materials/Groundplants 1_D 699.mat
  artifactKey: Guid(3c3c8fc38397e5544b5c9fd1bb75783a) Importer(2089858483,b0f066a214c2f5e87bad3c948f4d605d)
Start importing Assets/Grass And Flowers Pack 1/Ground Textures/Materials/Groundplants 1_D 699.mat using Guid(3c3c8fc38397e5544b5c9fd1bb75783a) Importer(2089858483,b0f066a214c2f5e87bad3c948f4d605d) (ScriptedImporter) -> (artifact id: '2c027222c495460b4a1627f64f091753') in 0.0423137 seconds
Number of updated asset objects reloaded before import = 0Number of asset objects unloaded after import = 2

========================================================================
Received Import Request.
  Time since last request: 0.000085 seconds.
  path: Assets/Grass And Flowers Pack 1/Ground Textures/Materials/Groundplants 1_D 505.mat
  artifactKey: Guid(c38d72b4e9a58b14898dc1adc5868065) Importer(2089858483,b0f066a214c2f5e87bad3c948f4d605d)
Start importing Assets/Grass And Flowers Pack 1/Ground Textures/Materials/Groundplants 1_D 505.mat using Guid(c38d72b4e9a58b14898dc1adc5868065) Importer(2089858483,b0f066a214c2f5e87bad3c948f4d605d) (ScriptedImporter) -> (artifact id: '0fff7129e2261a893ff30a82dc4740c3') in 0.0390532 seconds
Number of updated asset objects reloaded before import = 0Number of asset objects unloaded after import = 2

========================================================================
Received Import Request.
  Time since last request: 0.000061 seconds.
  path: Assets/Grass And Flowers Pack 1/Ground Textures/Materials/Groundplants 1_D 625.mat
  artifactKey: Guid(523b73982b3be62408bb81fd218666de) Importer(2089858483,b0f066a214c2f5e87bad3c948f4d605d)
Start importing Assets/Grass And Flowers Pack 1/Ground Textures/Materials/Groundplants 1_D 625.mat using Guid(523b73982b3be62408bb81fd218666de) Importer(2089858483,b0f066a214c2f5e87bad3c948f4d605d) (ScriptedImporter) -> (artifact id: '91dd562c593c4b237d249dcf1ced6fe2') in 0.046169 seconds
Number of updated asset objects reloaded before import = 0Number of asset objects unloaded after import = 2

========================================================================
Received Import Request.
  Time since last request: 0.000085 seconds.
  path: Assets/Grass And Flowers Pack 1/Ground Textures/Materials/Groundplants 1_D 700.mat
  artifactKey: Guid(439edd056a7b7fe41aceefe981a4480f) Importer(2089858483,b0f066a214c2f5e87bad3c948f4d605d)
Start importing Assets/Grass And Flowers Pack 1/Ground Textures/Materials/Groundplants 1_D 700.mat using Guid(439edd056a7b7fe41aceefe981a4480f) Importer(2089858483,b0f066a214c2f5e87bad3c948f4d605d) (ScriptedImporter) -> (artifact id: '87e7796f2c5f1b9eb84e55e3b06fe3bc') in 0.1756184 seconds
Number of updated asset objects reloaded before import = 0Number of asset objects unloaded after import = 2

========================================================================
Received Import Request.
  Time since last request: 0.000088 seconds.
  path: Assets/Grass And Flowers Pack 1/Ground Textures/Materials/Groundplants 1_D 702.mat
  artifactKey: Guid(f1b701442f839ab47aab28f26521d74c) Importer(2089858483,b0f066a214c2f5e87bad3c948f4d605d)
Start importing Assets/Grass And Flowers Pack 1/Ground Textures/Materials/Groundplants 1_D 702.mat using Guid(f1b701442f839ab47aab28f26521d74c) Importer(2089858483,b0f066a214c2f5e87bad3c948f4d605d) (ScriptedImporter) -> (artifact id: 'd47467c3fad6d3e0a6b5c7254c4481c9') in 0.0396291 seconds
Number of updated asset objects reloaded before import = 0Number of asset objects unloaded after import = 2

========================================================================
Received Import Request.
  Time since last request: 0.000060 seconds.
  path: Assets/Grass And Flowers Pack 1/Ground Textures/Materials/Groundplants 1_D 706.mat
  artifactKey: Guid(b3cadfd469e209842912e644bee0ec35) Importer(2089858483,b0f066a214c2f5e87bad3c948f4d605d)
Start importing Assets/Grass And Flowers Pack 1/Ground Textures/Materials/Groundplants 1_D 706.mat using Guid(b3cadfd469e209842912e644bee0ec35) Importer(2089858483,b0f066a214c2f5e87bad3c948f4d605d) (ScriptedImporter) -> (artifact id: '88acf4663d7d2585ac5395af947a085d') in 0.0834369 seconds
Number of updated asset objects reloaded before import = 0Number of asset objects unloaded after import = 2

========================================================================
Received Import Request.
  Time since last request: 0.000060 seconds.
  path: Assets/Grass And Flowers Pack 1/Ground Textures/Materials/Groundplants 1_D 692.mat
  artifactKey: Guid(6b96c1baafecaf94eacf66fefeaab56c) Importer(2089858483,b0f066a214c2f5e87bad3c948f4d605d)
Start importing Assets/Grass And Flowers Pack 1/Ground Textures/Materials/Groundplants 1_D 692.mat using Guid(6b96c1baafecaf94eacf66fefeaab56c) Importer(2089858483,b0f066a214c2f5e87bad3c948f4d605d) (ScriptedImporter) -> (artifact id: 'abfe0a6d96bf0d9a9e64337c8ae8bcf6') in 0.052189 seconds
Number of updated asset objects reloaded before import = 0Number of asset objects unloaded after import = 2

========================================================================
Received Import Request.
  Time since last request: 0.000241 seconds.
  path: Assets/Grass And Flowers Pack 1/Ground Textures/Materials/Groundplants 1_D 711.mat
  artifactKey: Guid(3bd94b827f3371c4582117a3c4d16ba7) Importer(2089858483,b0f066a214c2f5e87bad3c948f4d605d)
Start importing Assets/Grass And Flowers Pack 1/Ground Textures/Materials/Groundplants 1_D 711.mat using Guid(3bd94b827f3371c4582117a3c4d16ba7) Importer(2089858483,b0f066a214c2f5e87bad3c948f4d605d) (ScriptedImporter) -> (artifact id: 'bc940f416609f71060307d4b3e62a31a') in 0.0369956 seconds
Number of updated asset objects reloaded before import = 0Number of asset objects unloaded after import = 2

========================================================================
Received Import Request.
  Time since last request: 0.000067 seconds.
  path: Assets/Grass And Flowers Pack 1/Ground Textures/Materials/Groundplants 1_D 713.mat
  artifactKey: Guid(033de30dffdb3394ab395a4511af6805) Importer(2089858483,b0f066a214c2f5e87bad3c948f4d605d)
Start importing Assets/Grass And Flowers Pack 1/Ground Textures/Materials/Groundplants 1_D 713.mat using Guid(033de30dffdb3394ab395a4511af6805) Importer(2089858483,b0f066a214c2f5e87bad3c948f4d605d) (ScriptedImporter) -> (artifact id: '4eaa6ca873cb8e3677d771db94ac546e') in 0.0407663 seconds
Number of updated asset objects reloaded before import = 0Number of asset objects unloaded after import = 2

========================================================================
Received Import Request.
  Time since last request: 0.000075 seconds.
  path: Assets/Grass And Flowers Pack 1/Ground Textures/Materials/Groundplants 1_D 612.mat
  artifactKey: Guid(54beb8c972410994eb0699bb1a1dc47b) Importer(2089858483,b0f066a214c2f5e87bad3c948f4d605d)
Start importing Assets/Grass And Flowers Pack 1/Ground Textures/Materials/Groundplants 1_D 612.mat using Guid(54beb8c972410994eb0699bb1a1dc47b) Importer(2089858483,b0f066a214c2f5e87bad3c948f4d605d) (ScriptedImporter) -> (artifact id: '89770c1008c64b9a5ec3b67717fb932d') in 0.0377626 seconds
Number of updated asset objects reloaded before import = 0Number of asset objects unloaded after import = 2

========================================================================
Received Import Request.
  Time since last request: 0.000067 seconds.
  path: Assets/Grass And Flowers Pack 1/Ground Textures/Materials/Groundplants 1_D 717.mat
  artifactKey: Guid(78c36c3db922ae14197f91f0b1af6fc6) Importer(2089858483,b0f066a214c2f5e87bad3c948f4d605d)
Start importing Assets/Grass And Flowers Pack 1/Ground Textures/Materials/Groundplants 1_D 717.mat using Guid(78c36c3db922ae14197f91f0b1af6fc6) Importer(2089858483,b0f066a214c2f5e87bad3c948f4d605d) (ScriptedImporter) -> (artifact id: '6801f9b81fadb3b1280527f927465aab') in 0.0390029 seconds
Number of updated asset objects reloaded before import = 0Number of asset objects unloaded after import = 2

========================================================================
Received Import Request.
  Time since last request: 0.000081 seconds.
  path: Assets/Grass And Flowers Pack 1/Ground Textures/Materials/Groundplants 1_D 683.mat
  artifactKey: Guid(f505bb56b05ab9b4f814c29bd61ea304) Importer(2089858483,b0f066a214c2f5e87bad3c948f4d605d)
Start importing Assets/Grass And Flowers Pack 1/Ground Textures/Materials/Groundplants 1_D 683.mat using Guid(f505bb56b05ab9b4f814c29bd61ea304) Importer(2089858483,b0f066a214c2f5e87bad3c948f4d605d) (ScriptedImporter) -> (artifact id: 'c991fb1404f3ff6c9514a1eb4a4762e0') in 0.0415552 seconds
Number of updated asset objects reloaded before import = 0Number of asset objects unloaded after import = 2

========================================================================
Received Import Request.
  Time since last request: 0.000112 seconds.
  path: Assets/Grass And Flowers Pack 1/Ground Textures/Materials/Groundplants 1_D 723.mat
  artifactKey: Guid(908e727755ccea7499aaac6ae0eb4dfd) Importer(2089858483,b0f066a214c2f5e87bad3c948f4d605d)
Start importing Assets/Grass And Flowers Pack 1/Ground Textures/Materials/Groundplants 1_D 723.mat using Guid(908e727755ccea7499aaac6ae0eb4dfd) Importer(2089858483,b0f066a214c2f5e87bad3c948f4d605d) (ScriptedImporter) -> (artifact id: 'bdc6ecceebbcdade10cd1fa77399085e') in 0.0844547 seconds
Number of updated asset objects reloaded before import = 0Number of asset objects unloaded after import = 2

========================================================================
Received Import Request.
  Time since last request: 0.000061 seconds.
  path: Assets/Grass And Flowers Pack 1/Ground Textures/Materials/Groundplants 1_D 721.mat
  artifactKey: Guid(a64841fadb3c78f4683e9005ea0fa233) Importer(2089858483,b0f066a214c2f5e87bad3c948f4d605d)
Start importing Assets/Grass And Flowers Pack 1/Ground Textures/Materials/Groundplants 1_D 721.mat using Guid(a64841fadb3c78f4683e9005ea0fa233) Importer(2089858483,b0f066a214c2f5e87bad3c948f4d605d) (ScriptedImporter) -> (artifact id: '6b4822bbe230f5cfe6b8ab0da606a37d') in 0.0478159 seconds
Number of updated asset objects reloaded before import = 0Number of asset objects unloaded after import = 2

========================================================================
Received Import Request.
  Time since last request: 0.000089 seconds.
  path: Assets/Grass And Flowers Pack 1/Ground Textures/Materials/Groundplants 1_D 704.mat
  artifactKey: Guid(93646a33bd7e33145a85f2d3eb968b40) Importer(2089858483,b0f066a214c2f5e87bad3c948f4d605d)
Start importing Assets/Grass And Flowers Pack 1/Ground Textures/Materials/Groundplants 1_D 704.mat using Guid(93646a33bd7e33145a85f2d3eb968b40) Importer(2089858483,b0f066a214c2f5e87bad3c948f4d605d) (ScriptedImporter) -> (artifact id: 'da8aafac5d33013d516d97f1f33b5ba3') in 0.038573 seconds
Number of updated asset objects reloaded before import = 0Number of asset objects unloaded after import = 2

========================================================================
Received Import Request.
  Time since last request: 0.000065 seconds.
  path: Assets/Grass And Flowers Pack 1/Ground Textures/Materials/Groundplants 1_D 727.mat
  artifactKey: Guid(e779493b6f543a041b09c12048866f80) Importer(2089858483,b0f066a214c2f5e87bad3c948f4d605d)
Start importing Assets/Grass And Flowers Pack 1/Ground Textures/Materials/Groundplants 1_D 727.mat using Guid(e779493b6f543a041b09c12048866f80) Importer(2089858483,b0f066a214c2f5e87bad3c948f4d605d) (ScriptedImporter) -> (artifact id: '26e1ca6612c98d2e9e879c35114db54b') in 0.0453694 seconds
Number of updated asset objects reloaded before import = 0Number of asset objects unloaded after import = 2

========================================================================
Received Import Request.
  Time since last request: 0.000066 seconds.
  path: Assets/Grass And Flowers Pack 1/Ground Textures/Materials/Groundplants 1_D 519.mat
  artifactKey: Guid(fef953f93178d754b90d82ab6f9bba50) Importer(2089858483,b0f066a214c2f5e87bad3c948f4d605d)
Start importing Assets/Grass And Flowers Pack 1/Ground Textures/Materials/Groundplants 1_D 519.mat using Guid(fef953f93178d754b90d82ab6f9bba50) Importer(2089858483,b0f066a214c2f5e87bad3c948f4d605d) (ScriptedImporter) -> (artifact id: 'b8c63067eb8eec7fcf4e43f03cec5282') in 0.0355724 seconds
Number of updated asset objects reloaded before import = 0Number of asset objects unloaded after import = 2

========================================================================
Received Import Request.
  Time since last request: 0.000091 seconds.
  path: Assets/Grass And Flowers Pack 1/Ground Textures/Materials/Groundplants 1_D 732.mat
  artifactKey: Guid(f3acb7933810a0041981d3a06b9c70f8) Importer(2089858483,b0f066a214c2f5e87bad3c948f4d605d)
Start importing Assets/Grass And Flowers Pack 1/Ground Textures/Materials/Groundplants 1_D 732.mat using Guid(f3acb7933810a0041981d3a06b9c70f8) Importer(2089858483,b0f066a214c2f5e87bad3c948f4d605d) (ScriptedImporter) -> (artifact id: 'e792f6820da0d86762b3033a8a22ee93') in 0.0609383 seconds
Number of updated asset objects reloaded before import = 0Number of asset objects unloaded after import = 2

========================================================================
Received Import Request.
  Time since last request: 0.000069 seconds.
  path: Assets/Grass And Flowers Pack 1/Ground Textures/Materials/Groundplants 1_D 561.mat
  artifactKey: Guid(bc4ee7f4f097357419c1ff4d5d96ecf3) Importer(2089858483,b0f066a214c2f5e87bad3c948f4d605d)
Start importing Assets/Grass And Flowers Pack 1/Ground Textures/Materials/Groundplants 1_D 561.mat using Guid(bc4ee7f4f097357419c1ff4d5d96ecf3) Importer(2089858483,b0f066a214c2f5e87bad3c948f4d605d) (ScriptedImporter) -> (artifact id: '66c306356289682a856a9233e274c4db') in 0.0434281 seconds
Number of updated asset objects reloaded before import = 0Number of asset objects unloaded after import = 2

========================================================================
Received Import Request.
  Time since last request: 0.000093 seconds.
  path: Assets/Grass And Flowers Pack 1/Ground Textures/Materials/Groundplants 1_D 716.mat
  artifactKey: Guid(89d9c555a242f314ab5d56e983b97665) Importer(2089858483,b0f066a214c2f5e87bad3c948f4d605d)
Start importing Assets/Grass And Flowers Pack 1/Ground Textures/Materials/Groundplants 1_D 716.mat using Guid(89d9c555a242f314ab5d56e983b97665) Importer(2089858483,b0f066a214c2f5e87bad3c948f4d605d) (ScriptedImporter) -> (artifact id: '9c4e5cf3b56fd971afc9629df075e19f') in 0.0405321 seconds
Number of updated asset objects reloaded before import = 0Number of asset objects unloaded after import = 2

========================================================================
Received Import Request.
  Time since last request: 0.000066 seconds.
  path: Assets/Grass And Flowers Pack 1/Ground Textures/Materials/Groundplants 1_D 559.mat
  artifactKey: Guid(cb310cc5634ce124d8050f38250dadb9) Importer(2089858483,b0f066a214c2f5e87bad3c948f4d605d)
Start importing Assets/Grass And Flowers Pack 1/Ground Textures/Materials/Groundplants 1_D 559.mat using Guid(cb310cc5634ce124d8050f38250dadb9) Importer(2089858483,b0f066a214c2f5e87bad3c948f4d605d) (ScriptedImporter) -> (artifact id: 'de8704dfce8bbfe7c539fb2352e0889f') in 0.0392673 seconds
Number of updated asset objects reloaded before import = 0Number of asset objects unloaded after import = 2

========================================================================
Received Import Request.
  Time since last request: 0.000063 seconds.
  path: Assets/Grass And Flowers Pack 1/Ground Textures/Materials/Groundplants 1_D 709.mat
  artifactKey: Guid(46e4ddc207da02c48a6bc35873eda809) Importer(2089858483,b0f066a214c2f5e87bad3c948f4d605d)
Start importing Assets/Grass And Flowers Pack 1/Ground Textures/Materials/Groundplants 1_D 709.mat using Guid(46e4ddc207da02c48a6bc35873eda809) Importer(2089858483,b0f066a214c2f5e87bad3c948f4d605d) (ScriptedImporter) -> (artifact id: 'fb065b3c6b7a57b2e72c85de2018ea92') in 0.0865627 seconds
Number of updated asset objects reloaded before import = 0Number of asset objects unloaded after import = 2

========================================================================
Received Import Request.
  Time since last request: 0.000093 seconds.
  path: Assets/Grass And Flowers Pack 1/Ground Textures/Materials/Groundplants 1_D 741.mat
  artifactKey: Guid(a2dc5f1104b74be4592eeb9a2d11c171) Importer(2089858483,b0f066a214c2f5e87bad3c948f4d605d)
Start importing Assets/Grass And Flowers Pack 1/Ground Textures/Materials/Groundplants 1_D 741.mat using Guid(a2dc5f1104b74be4592eeb9a2d11c171) Importer(2089858483,b0f066a214c2f5e87bad3c948f4d605d) (ScriptedImporter) -> (artifact id: '8c15a557adebcb065e3bcebb2da16610') in 0.2431557 seconds
Number of updated asset objects reloaded before import = 0Number of asset objects unloaded after import = 2

========================================================================
Received Import Request.
  Time since last request: 0.000077 seconds.
  path: Assets/Grass And Flowers Pack 1/Ground Textures/Materials/Groundplants 1_D 744.mat
  artifactKey: Guid(257909a8d89610c488bfe7db8d824ec9) Importer(2089858483,b0f066a214c2f5e87bad3c948f4d605d)
Start importing Assets/Grass And Flowers Pack 1/Ground Textures/Materials/Groundplants 1_D 744.mat using Guid(257909a8d89610c488bfe7db8d824ec9) Importer(2089858483,b0f066a214c2f5e87bad3c948f4d605d) (ScriptedImporter) -> (artifact id: 'c3b8a015682b0d870066e4b773e1cd5a') in 0.1434276 seconds
Number of updated asset objects reloaded before import = 0Number of asset objects unloaded after import = 2

========================================================================
Received Import Request.
  Time since last request: 0.000092 seconds.
  path: Assets/Grass And Flowers Pack 1/Ground Textures/Materials/Groundplants 1_D 656.mat
  artifactKey: Guid(aaabfd8385a08534b9561b1cb47b3cb5) Importer(2089858483,b0f066a214c2f5e87bad3c948f4d605d)
Start importing Assets/Grass And Flowers Pack 1/Ground Textures/Materials/Groundplants 1_D 656.mat using Guid(aaabfd8385a08534b9561b1cb47b3cb5) Importer(2089858483,b0f066a214c2f5e87bad3c948f4d605d) (ScriptedImporter) -> (artifact id: '294ec27c3c5720b9ab6c7ccc44ed96b3') in 0.0599008 seconds
Number of updated asset objects reloaded before import = 0Number of asset objects unloaded after import = 2

========================================================================
Received Import Request.
  Time since last request: 0.000062 seconds.
  path: Assets/Grass And Flowers Pack 1/Ground Textures/Materials/Groundplants 1_D 558.mat
  artifactKey: Guid(d1c9fa2eb9f3216429adaa6b3440ebb9) Importer(2089858483,b0f066a214c2f5e87bad3c948f4d605d)
Start importing Assets/Grass And Flowers Pack 1/Ground Textures/Materials/Groundplants 1_D 558.mat using Guid(d1c9fa2eb9f3216429adaa6b3440ebb9) Importer(2089858483,b0f066a214c2f5e87bad3c948f4d605d) (ScriptedImporter) -> (artifact id: 'cb850d6afc07e7dc64e22aee5d7c2e68') in 0.0501888 seconds
Number of updated asset objects reloaded before import = 0Number of asset objects unloaded after import = 2

========================================================================
Received Import Request.
  Time since last request: 0.000097 seconds.
  path: Assets/Grass And Flowers Pack 1/Ground Textures/Materials/Groundplants 1_D 521.mat
  artifactKey: Guid(fb4df4ce3067a434d8021784eb984b86) Importer(2089858483,b0f066a214c2f5e87bad3c948f4d605d)
Start importing Assets/Grass And Flowers Pack 1/Ground Textures/Materials/Groundplants 1_D 521.mat using Guid(fb4df4ce3067a434d8021784eb984b86) Importer(2089858483,b0f066a214c2f5e87bad3c948f4d605d) (ScriptedImporter) -> (artifact id: '0a3d4518d151ae8e18feeaf54e2246a7') in 0.0405416 seconds
Number of updated asset objects reloaded before import = 0Number of asset objects unloaded after import = 2

========================================================================
Received Import Request.
  Time since last request: 0.000174 seconds.
  path: Assets/Grass And Flowers Pack 1/Ground Textures/Materials/Groundplants 1_D 667.mat
  artifactKey: Guid(7b883388d39785c4bada335d2d658d27) Importer(2089858483,b0f066a214c2f5e87bad3c948f4d605d)
Start importing Assets/Grass And Flowers Pack 1/Ground Textures/Materials/Groundplants 1_D 667.mat using Guid(7b883388d39785c4bada335d2d658d27) Importer(2089858483,b0f066a214c2f5e87bad3c948f4d605d) (ScriptedImporter) -> (artifact id: '0c9218113b174903c37e10dde90eea47') in 0.0370796 seconds
Number of updated asset objects reloaded before import = 0Number of asset objects unloaded after import = 2

========================================================================
Received Import Request.
  Time since last request: 0.000092 seconds.
  path: Assets/Grass And Flowers Pack 1/Ground Textures/Materials/Groundplants 1_D 754.mat
  artifactKey: Guid(94d7be438618d5148b777e252d9b3003) Importer(2089858483,b0f066a214c2f5e87bad3c948f4d605d)
Start importing Assets/Grass And Flowers Pack 1/Ground Textures/Materials/Groundplants 1_D 754.mat using Guid(94d7be438618d5148b777e252d9b3003) Importer(2089858483,b0f066a214c2f5e87bad3c948f4d605d) (ScriptedImporter) -> (artifact id: 'e7d86f119d74dae7e4c4f5510ab74fca') in 0.0458061 seconds
Number of updated asset objects reloaded before import = 0Number of asset objects unloaded after import = 2

========================================================================
Received Import Request.
  Time since last request: 0.000074 seconds.
  path: Assets/Grass And Flowers Pack 1/Ground Textures/Materials/Groundplants 1_D 747.mat
  artifactKey: Guid(39d429763acaa324c9d30d161f0b1731) Importer(2089858483,b0f066a214c2f5e87bad3c948f4d605d)
Start importing Assets/Grass And Flowers Pack 1/Ground Textures/Materials/Groundplants 1_D 747.mat using Guid(39d429763acaa324c9d30d161f0b1731) Importer(2089858483,b0f066a214c2f5e87bad3c948f4d605d) (ScriptedImporter) -> (artifact id: '33476b89fe625d59ecc8ba6979f4f39b') in 0.04666 seconds
Number of updated asset objects reloaded before import = 0Number of asset objects unloaded after import = 2

========================================================================
Received Import Request.
  Time since last request: 0.000138 seconds.
  path: Assets/Grass And Flowers Pack 1/Ground Textures/Materials/Groundplants 1_D 749.mat
  artifactKey: Guid(553252f134b96d647b693c78a7403e78) Importer(2089858483,b0f066a214c2f5e87bad3c948f4d605d)
Start importing Assets/Grass And Flowers Pack 1/Ground Textures/Materials/Groundplants 1_D 749.mat using Guid(553252f134b96d647b693c78a7403e78) Importer(2089858483,b0f066a214c2f5e87bad3c948f4d605d) (ScriptedImporter) -> (artifact id: '8fc372fcf0bd42965b3fb5493c3552a3') in 0.0481296 seconds
Number of updated asset objects reloaded before import = 0Number of asset objects unloaded after import = 2

========================================================================
Received Import Request.
  Time since last request: 0.000059 seconds.
  path: Assets/Grass And Flowers Pack 1/Ground Textures/Materials/Groundplants 1_D 759.mat
  artifactKey: Guid(2ef4f5c208d59514ab98fcd10f24b15e) Importer(2089858483,b0f066a214c2f5e87bad3c948f4d605d)
Start importing Assets/Grass And Flowers Pack 1/Ground Textures/Materials/Groundplants 1_D 759.mat using Guid(2ef4f5c208d59514ab98fcd10f24b15e) Importer(2089858483,b0f066a214c2f5e87bad3c948f4d605d) (ScriptedImporter) -> (artifact id: 'f96e38f04faf79f61aa70516638f9213') in 0.0444507 seconds
Number of updated asset objects reloaded before import = 0Number of asset objects unloaded after import = 2

========================================================================
Received Import Request.
  Time since last request: 0.000095 seconds.
  path: Assets/Grass And Flowers Pack 1/Ground Textures/Materials/Groundplants 1_D 518.mat
  artifactKey: Guid(c5c860635fe20694ebddb0b854dc5433) Importer(2089858483,b0f066a214c2f5e87bad3c948f4d605d)
Start importing Assets/Grass And Flowers Pack 1/Ground Textures/Materials/Groundplants 1_D 518.mat using Guid(c5c860635fe20694ebddb0b854dc5433) Importer(2089858483,b0f066a214c2f5e87bad3c948f4d605d) (ScriptedImporter) -> (artifact id: 'e9f152d14fcba345acea60c04df41008') in 0.1160407 seconds
Number of updated asset objects reloaded before import = 0Number of asset objects unloaded after import = 2

========================================================================
Received Import Request.
  Time since last request: 0.000040 seconds.
  path: Assets/Grass And Flowers Pack 1/Ground Textures/Materials/Groundplants 1_D 765.mat
  artifactKey: Guid(bf506a5de6f83ba40a32272bcdf3fe62) Importer(2089858483,b0f066a214c2f5e87bad3c948f4d605d)
Start importing Assets/Grass And Flowers Pack 1/Ground Textures/Materials/Groundplants 1_D 765.mat using Guid(bf506a5de6f83ba40a32272bcdf3fe62) Importer(2089858483,b0f066a214c2f5e87bad3c948f4d605d) (ScriptedImporter) -> (artifact id: '5aabbcd49793ba2d3769b08a8d736dd6') in 0.0280845 seconds
Number of updated asset objects reloaded before import = 0Number of asset objects unloaded after import = 2

========================================================================
Received Import Request.
  Time since last request: 0.000045 seconds.
  path: Assets/Grass And Flowers Pack 1/Ground Textures/Materials/Groundplants 1_D 707.mat
  artifactKey: Guid(4c721177ed395cb4f87e7cb59861a69c) Importer(2089858483,b0f066a214c2f5e87bad3c948f4d605d)
Start importing Assets/Grass And Flowers Pack 1/Ground Textures/Materials/Groundplants 1_D 707.mat using Guid(4c721177ed395cb4f87e7cb59861a69c) Importer(2089858483,b0f066a214c2f5e87bad3c948f4d605d) (ScriptedImporter) -> (artifact id: 'b15c5d1254cdb69fa150534041819a88') in 0.0234481 seconds
Number of updated asset objects reloaded before import = 0Number of asset objects unloaded after import = 2

========================================================================
Received Import Request.
  Time since last request: 0.000037 seconds.
  path: Assets/Grass And Flowers Pack 1/Ground Textures/Materials/Groundplants 1_D 690.mat
  artifactKey: Guid(dbec8ad2bbad8ed4f8a15574ee2ddfb6) Importer(2089858483,b0f066a214c2f5e87bad3c948f4d605d)
Start importing Assets/Grass And Flowers Pack 1/Ground Textures/Materials/Groundplants 1_D 690.mat using Guid(dbec8ad2bbad8ed4f8a15574ee2ddfb6) Importer(2089858483,b0f066a214c2f5e87bad3c948f4d605d) (ScriptedImporter) -> (artifact id: '190ba57bc9ab2434951fe883d4df5c81') in 0.0215654 seconds
Number of updated asset objects reloaded before import = 0Number of asset objects unloaded after import = 2

========================================================================
Received Import Request.
  Time since last request: 0.000049 seconds.
  path: Assets/Grass And Flowers Pack 1/Ground Textures/Materials/Groundplants 1_D 568.mat
  artifactKey: Guid(da97380ea69bb1d478c1b46698e7f332) Importer(2089858483,b0f066a214c2f5e87bad3c948f4d605d)
Start importing Assets/Grass And Flowers Pack 1/Ground Textures/Materials/Groundplants 1_D 568.mat using Guid(da97380ea69bb1d478c1b46698e7f332) Importer(2089858483,b0f066a214c2f5e87bad3c948f4d605d) (ScriptedImporter) -> (artifact id: 'fe073a6caa5092d02bd363ddad6fdee3') in 0.0242373 seconds
Number of updated asset objects reloaded before import = 0Number of asset objects unloaded after import = 2

========================================================================
Received Import Request.
  Time since last request: 0.000062 seconds.
  path: Assets/Grass And Flowers Pack 1/Ground Textures/Materials/Groundplants 1_D 794.mat
  artifactKey: Guid(910961c1f6de43245bb16b15e2136a56) Importer(2089858483,b0f066a214c2f5e87bad3c948f4d605d)
Start importing Assets/Grass And Flowers Pack 1/Ground Textures/Materials/Groundplants 1_D 794.mat using Guid(910961c1f6de43245bb16b15e2136a56) Importer(2089858483,b0f066a214c2f5e87bad3c948f4d605d) (ScriptedImporter) -> (artifact id: 'cdbeb576625619394a6e599c3f61d930') in 0.1108614 seconds
Number of updated asset objects reloaded before import = 0Number of asset objects unloaded after import = 2

========================================================================
Received Import Request.
  Time since last request: 0.000043 seconds.
  path: Assets/Grass And Flowers Pack 1/Ground Textures/Materials/Groundplants 1_D 797.mat
  artifactKey: Guid(8f413108768827a49988140f66c98e45) Importer(2089858483,b0f066a214c2f5e87bad3c948f4d605d)
Start importing Assets/Grass And Flowers Pack 1/Ground Textures/Materials/Groundplants 1_D 797.mat using Guid(8f413108768827a49988140f66c98e45) Importer(2089858483,b0f066a214c2f5e87bad3c948f4d605d) (ScriptedImporter) -> (artifact id: '7ef08a55052bcefc9cf61ef57a8bad34') in 0.0255936 seconds
Number of updated asset objects reloaded before import = 0Number of asset objects unloaded after import = 2

========================================================================
Received Import Request.
  Time since last request: 0.000048 seconds.
  path: Assets/Grass And Flowers Pack 1/Ground Textures/Materials/Groundplants 1_D 788.mat
  artifactKey: Guid(d58d4c2d2ed80cf4d86e30d4b31ac54e) Importer(2089858483,b0f066a214c2f5e87bad3c948f4d605d)
Start importing Assets/Grass And Flowers Pack 1/Ground Textures/Materials/Groundplants 1_D 788.mat using Guid(d58d4c2d2ed80cf4d86e30d4b31ac54e) Importer(2089858483,b0f066a214c2f5e87bad3c948f4d605d) (ScriptedImporter) -> (artifact id: 'c8b4ddbd8e4b191a5ee1263bc7d84601') in 0.0188032 seconds
Number of updated asset objects reloaded before import = 0Number of asset objects unloaded after import = 2

========================================================================
Received Import Request.
  Time since last request: 0.000038 seconds.
  path: Assets/Grass And Flowers Pack 1/Ground Textures/Materials/Groundplants 1_D 812.mat
  artifactKey: Guid(4d20b3cd0eace914bb8ed990e1d82d66) Importer(2089858483,b0f066a214c2f5e87bad3c948f4d605d)
Start importing Assets/Grass And Flowers Pack 1/Ground Textures/Materials/Groundplants 1_D 812.mat using Guid(4d20b3cd0eace914bb8ed990e1d82d66) Importer(2089858483,b0f066a214c2f5e87bad3c948f4d605d) (ScriptedImporter) -> (artifact id: '97c71d6bfedef464c683e69fe92bae9f') in 0.0209164 seconds
Number of updated asset objects reloaded before import = 0Number of asset objects unloaded after import = 2

========================================================================
Received Import Request.
  Time since last request: 0.000056 seconds.
  path: Assets/Grass And Flowers Pack 1/Ground Textures/Materials/Groundplants 1_D 810.mat
  artifactKey: Guid(19a0ccefc1a11f24e929a3e8d33cf116) Importer(2089858483,b0f066a214c2f5e87bad3c948f4d605d)
Start importing Assets/Grass And Flowers Pack 1/Ground Textures/Materials/Groundplants 1_D 810.mat using Guid(19a0ccefc1a11f24e929a3e8d33cf116) Importer(2089858483,b0f066a214c2f5e87bad3c948f4d605d) (ScriptedImporter) -> (artifact id: '35380fd981f38724391d78956d1d9f64') in 0.0206353 seconds
Number of updated asset objects reloaded before import = 0Number of asset objects unloaded after import = 2

========================================================================
Received Import Request.
  Time since last request: 0.000057 seconds.
  path: Assets/Grass And Flowers Pack 1/Ground Textures/Materials/Groundplants 1_D 809.mat
  artifactKey: Guid(ee5f775a693fb6f42a9be8cf03c391e0) Importer(2089858483,b0f066a214c2f5e87bad3c948f4d605d)
Start importing Assets/Grass And Flowers Pack 1/Ground Textures/Materials/Groundplants 1_D 809.mat using Guid(ee5f775a693fb6f42a9be8cf03c391e0) Importer(2089858483,b0f066a214c2f5e87bad3c948f4d605d) (ScriptedImporter) -> (artifact id: 'e862f4dc8181ae559a18862d7ac20a48') in 0.0192011 seconds
Number of updated asset objects reloaded before import = 0Number of asset objects unloaded after import = 2

========================================================================
Received Import Request.
  Time since last request: 0.000052 seconds.
  path: Assets/Grass And Flowers Pack 1/Ground Textures/Materials/Groundplants 1_D 525.mat
  artifactKey: Guid(07f625f7d79b3d345bdf8bbe89f3c7dc) Importer(2089858483,b0f066a214c2f5e87bad3c948f4d605d)
Start importing Assets/Grass And Flowers Pack 1/Ground Textures/Materials/Groundplants 1_D 525.mat using Guid(07f625f7d79b3d345bdf8bbe89f3c7dc) Importer(2089858483,b0f066a214c2f5e87bad3c948f4d605d) (ScriptedImporter) -> (artifact id: '07a1b50b38f88a97406763dd5e8ad643') in 0.0189713 seconds
Number of updated asset objects reloaded before import = 0Number of asset objects unloaded after import = 2

========================================================================
Received Import Request.
  Time since last request: 0.000026 seconds.
  path: Assets/Grass And Flowers Pack 1/Ground Textures/Materials/Groundplants 1_D 596.mat
  artifactKey: Guid(40dc77548b51fe1458b17ec9b98664d3) Importer(2089858483,b0f066a214c2f5e87bad3c948f4d605d)
Start importing Assets/Grass And Flowers Pack 1/Ground Textures/Materials/Groundplants 1_D 596.mat using Guid(40dc77548b51fe1458b17ec9b98664d3) Importer(2089858483,b0f066a214c2f5e87bad3c948f4d605d) (ScriptedImporter) -> (artifact id: '202e93f852a5ca774f4726cd473b4915') in 0.0227577 seconds
Number of updated asset objects reloaded before import = 0Number of asset objects unloaded after import = 2

========================================================================
Received Import Request.
  Time since last request: 0.000037 seconds.
  path: Assets/Grass And Flowers Pack 1/Ground Textures/Materials/Groundplants 1_D 819.mat
  artifactKey: Guid(232b1c3109957144087fbdccb5b6d49a) Importer(2089858483,b0f066a214c2f5e87bad3c948f4d605d)
Start importing Assets/Grass And Flowers Pack 1/Ground Textures/Materials/Groundplants 1_D 819.mat using Guid(232b1c3109957144087fbdccb5b6d49a) Importer(2089858483,b0f066a214c2f5e87bad3c948f4d605d) (ScriptedImporter) -> (artifact id: '3acde529af722eaa61f1657e6e032f3a') in 0.0260339 seconds
Number of updated asset objects reloaded before import = 0Number of asset objects unloaded after import = 2

========================================================================
Received Import Request.
  Time since last request: 0.000051 seconds.
  path: Assets/Grass And Flowers Pack 1/Ground Textures/Materials/Groundplants 1_D 835.mat
  artifactKey: Guid(2750b7f32c20fbe44a03a0aa0073fe89) Importer(2089858483,b0f066a214c2f5e87bad3c948f4d605d)
Start importing Assets/Grass And Flowers Pack 1/Ground Textures/Materials/Groundplants 1_D 835.mat using Guid(2750b7f32c20fbe44a03a0aa0073fe89) Importer(2089858483,b0f066a214c2f5e87bad3c948f4d605d) (ScriptedImporter) -> (artifact id: '9232aa16b4c207c9e0fecf746b6d247c') in 0.0188622 seconds
Number of updated asset objects reloaded before import = 0Number of asset objects unloaded after import = 2

========================================================================
Received Import Request.
  Time since last request: 0.000030 seconds.
  path: Assets/Grass And Flowers Pack 1/Ground Textures/Materials/Groundplants 1_D 818.mat
  artifactKey: Guid(26e67a81f66d3db49a45aa8c1fc45854) Importer(2089858483,b0f066a214c2f5e87bad3c948f4d605d)
Start importing Assets/Grass And Flowers Pack 1/Ground Textures/Materials/Groundplants 1_D 818.mat using Guid(26e67a81f66d3db49a45aa8c1fc45854) Importer(2089858483,b0f066a214c2f5e87bad3c948f4d605d) (ScriptedImporter) -> (artifact id: '03af93ce859753fa55d64f293e7e00a1') in 0.0206311 seconds
Number of updated asset objects reloaded before import = 0Number of asset objects unloaded after import = 2

========================================================================
Received Import Request.
  Time since last request: 0.000039 seconds.
  path: Assets/Grass And Flowers Pack 1/Ground Textures/Materials/Groundplants 1_D 814.mat
  artifactKey: Guid(f71ab4aa1bbd34a4eabf2bfa2a56df88) Importer(2089858483,b0f066a214c2f5e87bad3c948f4d605d)
Start importing Assets/Grass And Flowers Pack 1/Ground Textures/Materials/Groundplants 1_D 814.mat using Guid(f71ab4aa1bbd34a4eabf2bfa2a56df88) Importer(2089858483,b0f066a214c2f5e87bad3c948f4d605d) (ScriptedImporter) -> (artifact id: 'b931fe7856f0399e19e386aeeb2346dd') in 0.0171476 seconds
Number of updated asset objects reloaded before import = 0Number of asset objects unloaded after import = 2

========================================================================
Received Import Request.
  Time since last request: 0.000027 seconds.
  path: Assets/Grass And Flowers Pack 1/Ground Textures/Materials/Groundplants 1_D 610.mat
  artifactKey: Guid(1c56b4f2e9238584eb09bd668145e8f8) Importer(2089858483,b0f066a214c2f5e87bad3c948f4d605d)
Start importing Assets/Grass And Flowers Pack 1/Ground Textures/Materials/Groundplants 1_D 610.mat using Guid(1c56b4f2e9238584eb09bd668145e8f8) Importer(2089858483,b0f066a214c2f5e87bad3c948f4d605d) (ScriptedImporter) -> (artifact id: 'c3a7cc6b80cea17be8e0a9030e1f7084') in 0.0190492 seconds
Number of updated asset objects reloaded before import = 0Number of asset objects unloaded after import = 2

========================================================================
Received Import Request.
  Time since last request: 0.000048 seconds.
  path: Assets/Grass And Flowers Pack 1/Ground Textures/Materials/Groundplants 1_D 780.mat
  artifactKey: Guid(3b195f5f5beb62445ab5329009f467a7) Importer(2089858483,b0f066a214c2f5e87bad3c948f4d605d)
Start importing Assets/Grass And Flowers Pack 1/Ground Textures/Materials/Groundplants 1_D 780.mat using Guid(3b195f5f5beb62445ab5329009f467a7) Importer(2089858483,b0f066a214c2f5e87bad3c948f4d605d) (ScriptedImporter) -> (artifact id: 'bcc66ae6a1ea29368ce37a77bd7f49e7') in 0.0270228 seconds
Number of updated asset objects reloaded before import = 0Number of asset objects unloaded after import = 2

========================================================================
Received Import Request.
  Time since last request: 0.000033 seconds.
  path: Assets/Grass And Flowers Pack 1/Ground Textures/Materials/Groundplants 1_D 854.mat
  artifactKey: Guid(0dbca534ef300e844acb63dfb75a2300) Importer(2089858483,b0f066a214c2f5e87bad3c948f4d605d)
Start importing Assets/Grass And Flowers Pack 1/Ground Textures/Materials/Groundplants 1_D 854.mat using Guid(0dbca534ef300e844acb63dfb75a2300) Importer(2089858483,b0f066a214c2f5e87bad3c948f4d605d) (ScriptedImporter) -> (artifact id: '313dfd68ed76eed9b8e62ebea67dc415') in 0.0273901 seconds
Number of updated asset objects reloaded before import = 0Number of asset objects unloaded after import = 2

========================================================================
Received Import Request.
  Time since last request: 0.000047 seconds.
  path: Assets/Grass And Flowers Pack 1/Ground Textures/Materials/Groundplants 1_D 851.mat
  artifactKey: Guid(34f4a4a5bfe887542bce69a638e3f687) Importer(2089858483,b0f066a214c2f5e87bad3c948f4d605d)
Start importing Assets/Grass And Flowers Pack 1/Ground Textures/Materials/Groundplants 1_D 851.mat using Guid(34f4a4a5bfe887542bce69a638e3f687) Importer(2089858483,b0f066a214c2f5e87bad3c948f4d605d) (ScriptedImporter) -> (artifact id: '9bc23b6d3f70b9f2404f221e738ee241') in 0.0195065 seconds
Number of updated asset objects reloaded before import = 0Number of asset objects unloaded after import = 2

========================================================================
Received Import Request.
  Time since last request: 0.000044 seconds.
  path: Assets/Grass And Flowers Pack 1/Ground Textures/Materials/Groundplants 1_D 842.mat
  artifactKey: Guid(c0b98608f1033884fb54aed9359e05c1) Importer(2089858483,b0f066a214c2f5e87bad3c948f4d605d)
Start importing Assets/Grass And Flowers Pack 1/Ground Textures/Materials/Groundplants 1_D 842.mat using Guid(c0b98608f1033884fb54aed9359e05c1) Importer(2089858483,b0f066a214c2f5e87bad3c948f4d605d) (ScriptedImporter) -> (artifact id: '24157bad076e74f9b05d3fb96fe911e9') in 0.0218094 seconds
Number of updated asset objects reloaded before import = 0Number of asset objects unloaded after import = 2

========================================================================
Received Import Request.
  Time since last request: 0.000030 seconds.
  path: Assets/Grass And Flowers Pack 1/Ground Textures/Materials/Groundplants 1_D 855.mat
  artifactKey: Guid(4528322d9ede6664fb6d7af740884f34) Importer(2089858483,b0f066a214c2f5e87bad3c948f4d605d)
Start importing Assets/Grass And Flowers Pack 1/Ground Textures/Materials/Groundplants 1_D 855.mat using Guid(4528322d9ede6664fb6d7af740884f34) Importer(2089858483,b0f066a214c2f5e87bad3c948f4d605d) (ScriptedImporter) -> (artifact id: '9baa0e289b114f7909f5bbb2bceee4ce') in 0.0214676 seconds
Number of updated asset objects reloaded before import = 0Number of asset objects unloaded after import = 2

========================================================================
Received Import Request.
  Time since last request: 0.000031 seconds.
  path: Assets/Grass And Flowers Pack 1/Ground Textures/Materials/Groundplants 1_D 849.mat
  artifactKey: Guid(da37e13da8de6434883503a715148582) Importer(2089858483,b0f066a214c2f5e87bad3c948f4d605d)
Start importing Assets/Grass And Flowers Pack 1/Ground Textures/Materials/Groundplants 1_D 849.mat using Guid(da37e13da8de6434883503a715148582) Importer(2089858483,b0f066a214c2f5e87bad3c948f4d605d) (ScriptedImporter) -> (artifact id: 'aa564e1c5b92ae508e8c1a9b2a2e3a5d') in 0.0220379 seconds
Number of updated asset objects reloaded before import = 0Number of asset objects unloaded after import = 2

========================================================================
Received Import Request.
  Time since last request: 0.000038 seconds.
  path: Assets/Grass And Flowers Pack 1/Ground Textures/Materials/Groundplants 1_D 857.mat
  artifactKey: Guid(22eff1206c39feb459d06178730ca467) Importer(2089858483,b0f066a214c2f5e87bad3c948f4d605d)
Start importing Assets/Grass And Flowers Pack 1/Ground Textures/Materials/Groundplants 1_D 857.mat using Guid(22eff1206c39feb459d06178730ca467) Importer(2089858483,b0f066a214c2f5e87bad3c948f4d605d) (ScriptedImporter) -> (artifact id: '80e6d2c93986aa6643e47df8ed355487') in 0.0302432 seconds
Number of updated asset objects reloaded before import = 0Number of asset objects unloaded after import = 2

========================================================================
Received Import Request.
  Time since last request: 0.000051 seconds.
  path: Assets/Grass And Flowers Pack 1/Ground Textures/Materials/Groundplants 1_D 880.mat
  artifactKey: Guid(b7a1a2c7f3332874e8c70ec3512977dc) Importer(2089858483,b0f066a214c2f5e87bad3c948f4d605d)
Start importing Assets/Grass And Flowers Pack 1/Ground Textures/Materials/Groundplants 1_D 880.mat using Guid(b7a1a2c7f3332874e8c70ec3512977dc) Importer(2089858483,b0f066a214c2f5e87bad3c948f4d605d) (ScriptedImporter) -> (artifact id: 'b3e783d9c757f32f78ee78b61f3e080e') in 0.017947 seconds
Number of updated asset objects reloaded before import = 0Number of asset objects unloaded after import = 2

========================================================================
Received Import Request.
  Time since last request: 0.000033 seconds.
  path: Assets/Grass And Flowers Pack 1/Ground Textures/Materials/Groundplants 1_D 893.mat
  artifactKey: Guid(a653774d27efee843a85713cb4fee517) Importer(2089858483,b0f066a214c2f5e87bad3c948f4d605d)
Start importing Assets/Grass And Flowers Pack 1/Ground Textures/Materials/Groundplants 1_D 893.mat using Guid(a653774d27efee843a85713cb4fee517) Importer(2089858483,b0f066a214c2f5e87bad3c948f4d605d) (ScriptedImporter) -> (artifact id: '182331c7e26e4c4985c80e4568c7eab3') in 0.0178337 seconds
Number of updated asset objects reloaded before import = 0Number of asset objects unloaded after import = 2

========================================================================
Received Import Request.
  Time since last request: 0.000045 seconds.
  path: Assets/Grass And Flowers Pack 1/Ground Textures/Materials/Groundplants 1_D 885.mat
  artifactKey: Guid(2429f8efb67747045a328b9b00ab4f84) Importer(2089858483,b0f066a214c2f5e87bad3c948f4d605d)
Start importing Assets/Grass And Flowers Pack 1/Ground Textures/Materials/Groundplants 1_D 885.mat using Guid(2429f8efb67747045a328b9b00ab4f84) Importer(2089858483,b0f066a214c2f5e87bad3c948f4d605d) (ScriptedImporter) -> (artifact id: 'bfa7d18c2387df90dd5a9f606b76fc67') in 0.0227412 seconds
Number of updated asset objects reloaded before import = 0Number of asset objects unloaded after import = 2

========================================================================
Received Import Request.
  Time since last request: 0.000038 seconds.
  path: Assets/Grass And Flowers Pack 1/Ground Textures/Materials/Groundplants 1_D 869.mat
  artifactKey: Guid(18bcb484c9312d146b5899272e25febd) Importer(2089858483,b0f066a214c2f5e87bad3c948f4d605d)
Start importing Assets/Grass And Flowers Pack 1/Ground Textures/Materials/Groundplants 1_D 869.mat using Guid(18bcb484c9312d146b5899272e25febd) Importer(2089858483,b0f066a214c2f5e87bad3c948f4d605d) (ScriptedImporter) -> (artifact id: '4705da0d20c971b6dc624000bca7f65a') in 0.0187159 seconds
Number of updated asset objects reloaded before import = 0Number of asset objects unloaded after import = 2

========================================================================
Received Import Request.
  Time since last request: 0.000045 seconds.
  path: Assets/Grass And Flowers Pack 1/Ground Textures/Materials/Groundplants 1_D 862.mat
  artifactKey: Guid(983e2694d376a6e4faa714f2031e801e) Importer(2089858483,b0f066a214c2f5e87bad3c948f4d605d)
Start importing Assets/Grass And Flowers Pack 1/Ground Textures/Materials/Groundplants 1_D 862.mat using Guid(983e2694d376a6e4faa714f2031e801e) Importer(2089858483,b0f066a214c2f5e87bad3c948f4d605d) (ScriptedImporter) -> (artifact id: 'ba514d8d9f738f23df22e2cf239f8606') in 0.0192305 seconds
Number of updated asset objects reloaded before import = 0Number of asset objects unloaded after import = 2

========================================================================
Received Import Request.
  Time since last request: 0.000032 seconds.
  path: Assets/Grass And Flowers Pack 1/Ground Textures/Materials/Groundplants 1_D 787.mat
  artifactKey: Guid(75f080c0f4294f6419520cd43084ea94) Importer(2089858483,b0f066a214c2f5e87bad3c948f4d605d)
Start importing Assets/Grass And Flowers Pack 1/Ground Textures/Materials/Groundplants 1_D 787.mat using Guid(75f080c0f4294f6419520cd43084ea94) Importer(2089858483,b0f066a214c2f5e87bad3c948f4d605d) (ScriptedImporter) -> (artifact id: 'd78abba8b4dd9c1724c61cdafa83593d') in 0.0223167 seconds
Number of updated asset objects reloaded before import = 0Number of asset objects unloaded after import = 2

========================================================================
Received Import Request.
  Time since last request: 0.000065 seconds.
  path: Assets/Grass And Flowers Pack 1/Ground Textures/Materials/Groundplants 1_D 900.mat
  artifactKey: Guid(ec1b29444a39afd499c9a82cac213d14) Importer(2089858483,b0f066a214c2f5e87bad3c948f4d605d)
Start importing Assets/Grass And Flowers Pack 1/Ground Textures/Materials/Groundplants 1_D 900.mat using Guid(ec1b29444a39afd499c9a82cac213d14) Importer(2089858483,b0f066a214c2f5e87bad3c948f4d605d) (ScriptedImporter) -> (artifact id: '85b667e99aa274aa7f66bb405b901fdc') in 0.021875 seconds
Number of updated asset objects reloaded before import = 0Number of asset objects unloaded after import = 2

========================================================================
Received Import Request.
  Time since last request: 0.000040 seconds.
  path: Assets/Grass And Flowers Pack 1/Ground Textures/Materials/Groundplants 1_D 919.mat
  artifactKey: Guid(4532dae75fdb69249af9f1bd41b9dd37) Importer(2089858483,b0f066a214c2f5e87bad3c948f4d605d)
Start importing Assets/Grass And Flowers Pack 1/Ground Textures/Materials/Groundplants 1_D 919.mat using Guid(4532dae75fdb69249af9f1bd41b9dd37) Importer(2089858483,b0f066a214c2f5e87bad3c948f4d605d) (ScriptedImporter) -> (artifact id: '615fe012710d70a48478ca3ad9026dff') in 0.0176887 seconds
Number of updated asset objects reloaded before import = 0Number of asset objects unloaded after import = 2

========================================================================
Received Import Request.
  Time since last request: 0.000045 seconds.
  path: Assets/Grass And Flowers Pack 1/Ground Textures/Materials/Groundplants 1_D 899.mat
  artifactKey: Guid(6c037a80889a82942b60265dfaabe91e) Importer(2089858483,b0f066a214c2f5e87bad3c948f4d605d)
Start importing Assets/Grass And Flowers Pack 1/Ground Textures/Materials/Groundplants 1_D 899.mat using Guid(6c037a80889a82942b60265dfaabe91e) Importer(2089858483,b0f066a214c2f5e87bad3c948f4d605d) (ScriptedImporter) -> (artifact id: '28e0f77a71ad5a772285603aeb741e1b') in 0.023839 seconds
Number of updated asset objects reloaded before import = 0Number of asset objects unloaded after import = 2

========================================================================
Received Import Request.
  Time since last request: 0.000038 seconds.
  path: Assets/Grass And Flowers Pack 1/Ground Textures/Materials/Groundplants 1_D 922.mat
  artifactKey: Guid(39770eb41b42a4149807c922930d5f23) Importer(2089858483,b0f066a214c2f5e87bad3c948f4d605d)
Start importing Assets/Grass And Flowers Pack 1/Ground Textures/Materials/Groundplants 1_D 922.mat using Guid(39770eb41b42a4149807c922930d5f23) Importer(2089858483,b0f066a214c2f5e87bad3c948f4d605d) (ScriptedImporter) -> (artifact id: 'f730cfdc68d316f0a2e1982afa930ec0') in 0.0177732 seconds
Number of updated asset objects reloaded before import = 0Number of asset objects unloaded after import = 2

========================================================================
Received Import Request.
  Time since last request: 0.000072 seconds.
  path: Assets/Grass And Flowers Pack 1/Ground Textures/Materials/Groundplants 1_D 913.mat
  artifactKey: Guid(ec4708a1ce781f34d8d52712cd1a9bbe) Importer(2089858483,b0f066a214c2f5e87bad3c948f4d605d)
Start importing Assets/Grass And Flowers Pack 1/Ground Textures/Materials/Groundplants 1_D 913.mat using Guid(ec4708a1ce781f34d8d52712cd1a9bbe) Importer(2089858483,b0f066a214c2f5e87bad3c948f4d605d) (ScriptedImporter) -> (artifact id: 'f94a542bc7bdb1a787a03d3ca8664f1b') in 0.0429241 seconds
Number of updated asset objects reloaded before import = 0Number of asset objects unloaded after import = 2

========================================================================
Received Import Request.
  Time since last request: 0.000156 seconds.
  path: Assets/Grass And Flowers Pack 1/Ground Textures/Materials/Groundplants 1_D 933.mat
  artifactKey: Guid(980fd9233b26797488e409c5d59f9d77) Importer(2089858483,b0f066a214c2f5e87bad3c948f4d605d)
Start importing Assets/Grass And Flowers Pack 1/Ground Textures/Materials/Groundplants 1_D 933.mat using Guid(980fd9233b26797488e409c5d59f9d77) Importer(2089858483,b0f066a214c2f5e87bad3c948f4d605d) (ScriptedImporter) -> (artifact id: '66484702903fb02a5c675eb931dfd425') in 0.0487788 seconds
Number of updated asset objects reloaded before import = 0Number of asset objects unloaded after import = 2

========================================================================
Received Import Request.
  Time since last request: 0.000074 seconds.
  path: Assets/Grass And Flowers Pack 1/Ground Textures/Materials/Groundplants 1_D 925.mat
  artifactKey: Guid(ee3a08e5b9685b041a52545de759923e) Importer(2089858483,b0f066a214c2f5e87bad3c948f4d605d)
Start importing Assets/Grass And Flowers Pack 1/Ground Textures/Materials/Groundplants 1_D 925.mat using Guid(ee3a08e5b9685b041a52545de759923e) Importer(2089858483,b0f066a214c2f5e87bad3c948f4d605d) (ScriptedImporter) -> (artifact id: '4e5073795fd2b2751edba9bfba41d57c') in 0.0417332 seconds
Number of updated asset objects reloaded before import = 0Number of asset objects unloaded after import = 2

========================================================================
Received Import Request.
  Time since last request: 0.000097 seconds.
  path: Assets/Grass And Flowers Pack 1/Ground Textures/Materials/Groundplants 1_D 948.mat
  artifactKey: Guid(c5d113095180abf4c8a09434649d8e8f) Importer(2089858483,b0f066a214c2f5e87bad3c948f4d605d)
Start importing Assets/Grass And Flowers Pack 1/Ground Textures/Materials/Groundplants 1_D 948.mat using Guid(c5d113095180abf4c8a09434649d8e8f) Importer(2089858483,b0f066a214c2f5e87bad3c948f4d605d) (ScriptedImporter) -> (artifact id: '878550da5dafd97056274264f51422fb') in 0.0828076 seconds
Number of updated asset objects reloaded before import = 0Number of asset objects unloaded after import = 2

========================================================================
Received Import Request.
  Time since last request: 0.000070 seconds.
  path: Assets/Grass And Flowers Pack 1/Ground Textures/Materials/Groundplants 1_D 964.mat
  artifactKey: Guid(a92edf689dfc443429c480ebe778db97) Importer(2089858483,b0f066a214c2f5e87bad3c948f4d605d)
Start importing Assets/Grass And Flowers Pack 1/Ground Textures/Materials/Groundplants 1_D 964.mat using Guid(a92edf689dfc443429c480ebe778db97) Importer(2089858483,b0f066a214c2f5e87bad3c948f4d605d) (ScriptedImporter) -> (artifact id: '5bc3dea09f950c0f84e4747acfe3a275') in 0.109051 seconds
Number of updated asset objects reloaded before import = 0Number of asset objects unloaded after import = 2

========================================================================
Received Import Request.
  Time since last request: 0.000086 seconds.
  path: Assets/Grass And Flowers Pack 1/Ground Textures/Materials/Groundplants 1_D 967.mat
  artifactKey: Guid(af8f50cba062a8c4f8b5f8b77ff896c1) Importer(2089858483,b0f066a214c2f5e87bad3c948f4d605d)
Start importing Assets/Grass And Flowers Pack 1/Ground Textures/Materials/Groundplants 1_D 967.mat using Guid(af8f50cba062a8c4f8b5f8b77ff896c1) Importer(2089858483,b0f066a214c2f5e87bad3c948f4d605d) (ScriptedImporter) -> (artifact id: '4e99191a96e0405da34c61cf05970396') in 0.0775376 seconds
Number of updated asset objects reloaded before import = 0Number of asset objects unloaded after import = 2

========================================================================
Received Import Request.
  Time since last request: 0.000083 seconds.
  path: Assets/Grass And Flowers Pack 1/Ground Textures/Materials/Groundplants 1_D 978.mat
  artifactKey: Guid(044d6a0c0a2aa474292dae8a3a538765) Importer(2089858483,b0f066a214c2f5e87bad3c948f4d605d)
Start importing Assets/Grass And Flowers Pack 1/Ground Textures/Materials/Groundplants 1_D 978.mat using Guid(044d6a0c0a2aa474292dae8a3a538765) Importer(2089858483,b0f066a214c2f5e87bad3c948f4d605d) (ScriptedImporter) -> (artifact id: '2d04cb2b1ce45b4a0559436c7ee0f8a4') in 0.05906 seconds
Number of updated asset objects reloaded before import = 0Number of asset objects unloaded after import = 2

========================================================================
Received Import Request.
  Time since last request: 0.000087 seconds.
  path: Assets/Grass And Flowers Pack 1/Ground Textures/Materials/Groundplants 1_D 959.mat
  artifactKey: Guid(1e683fc5216875748adcd145d15590ba) Importer(2089858483,b0f066a214c2f5e87bad3c948f4d605d)
Start importing Assets/Grass And Flowers Pack 1/Ground Textures/Materials/Groundplants 1_D 959.mat using Guid(1e683fc5216875748adcd145d15590ba) Importer(2089858483,b0f066a214c2f5e87bad3c948f4d605d) (ScriptedImporter) -> (artifact id: '9e1cdb45bfd3d56ac26122cc1d25c3b9') in 0.0707516 seconds
Number of updated asset objects reloaded before import = 0Number of asset objects unloaded after import = 2

========================================================================
Received Import Request.
  Time since last request: 0.000083 seconds.
  path: Assets/Grass And Flowers Pack 1/Ground Textures/Materials/Groundplants 1_D 949.mat
  artifactKey: Guid(032839a51873c774b94c4676b5a2ca1f) Importer(2089858483,b0f066a214c2f5e87bad3c948f4d605d)
Start importing Assets/Grass And Flowers Pack 1/Ground Textures/Materials/Groundplants 1_D 949.mat using Guid(032839a51873c774b94c4676b5a2ca1f) Importer(2089858483,b0f066a214c2f5e87bad3c948f4d605d) (ScriptedImporter) -> (artifact id: 'cfed93db313948bffb570362e7a8578c') in 0.0737082 seconds
Number of updated asset objects reloaded before import = 0Number of asset objects unloaded after import = 2

========================================================================
Received Import Request.
  Time since last request: 0.000082 seconds.
  path: Assets/Grass And Flowers Pack 1/Ground Textures/Materials/Groundplants 1_D 991.mat
  artifactKey: Guid(ceb869cb602c04e4ca4fd903b1a86eeb) Importer(2089858483,b0f066a214c2f5e87bad3c948f4d605d)
Start importing Assets/Grass And Flowers Pack 1/Ground Textures/Materials/Groundplants 1_D 991.mat using Guid(ceb869cb602c04e4ca4fd903b1a86eeb) Importer(2089858483,b0f066a214c2f5e87bad3c948f4d605d) (ScriptedImporter) -> (artifact id: '8e3c0d4de1f20f0563a6f010f1dc77f7') in 0.1378237 seconds
Number of updated asset objects reloaded before import = 0Number of asset objects unloaded after import = 2

========================================================================
Received Import Request.
  Time since last request: 0.000062 seconds.
  path: Assets/Grass And Flowers Pack 1/Ground Textures/Materials/Groundplants 1_D 943.mat
  artifactKey: Guid(57e3b6ca72f7336458159b4219987417) Importer(2089858483,b0f066a214c2f5e87bad3c948f4d605d)
Start importing Assets/Grass And Flowers Pack 1/Ground Textures/Materials/Groundplants 1_D 943.mat using Guid(57e3b6ca72f7336458159b4219987417) Importer(2089858483,b0f066a214c2f5e87bad3c948f4d605d) (ScriptedImporter) -> (artifact id: '920d06e10dfaf38a578b95688eccebc8') in 0.7167122 seconds
Number of updated asset objects reloaded before import = 0Number of asset objects unloaded after import = 2

========================================================================
Received Import Request.
  Time since last request: 0.000090 seconds.
  path: Assets/Grass And Flowers Pack 1/Ground Textures/Materials/Groundplants 1_D 951.mat
  artifactKey: Guid(5b1bf46a04d68914dac2a633cbc784d8) Importer(2089858483,b0f066a214c2f5e87bad3c948f4d605d)
Start importing Assets/Grass And Flowers Pack 1/Ground Textures/Materials/Groundplants 1_D 951.mat using Guid(5b1bf46a04d68914dac2a633cbc784d8) Importer(2089858483,b0f066a214c2f5e87bad3c948f4d605d) (ScriptedImporter) -> (artifact id: 'b10de35edb216837846bfb8e6bfd8786') in 0.2364755 seconds
Number of updated asset objects reloaded before import = 0Number of asset objects unloaded after import = 2

========================================================================
Received Import Request.
  Time since last request: 0.000832 seconds.
  path: Assets/Grass And Flowers Pack 1/Ground Textures/Materials/Groundplants 1_D 738.mat
  artifactKey: Guid(2361cced3cc074c41b58c8a8176fcce7) Importer(2089858483,b0f066a214c2f5e87bad3c948f4d605d)
Start importing Assets/Grass And Flowers Pack 1/Ground Textures/Materials/Groundplants 1_D 738.mat using Guid(2361cced3cc074c41b58c8a8176fcce7) Importer(2089858483,b0f066a214c2f5e87bad3c948f4d605d) (ScriptedImporter) -> (artifact id: '7336160cddf34a8a72abf14fcba3224e') in 0.0646126 seconds
Number of updated asset objects reloaded before import = 0Number of asset objects unloaded after import = 2

========================================================================
Received Import Request.
  Time since last request: 0.000094 seconds.
  path: Assets/Grass And Flowers Pack 1/Ground Textures/Materials/Groundplants 1_D 576.mat
  artifactKey: Guid(2b4f32372ead46246a81f9724130db1f) Importer(2089858483,b0f066a214c2f5e87bad3c948f4d605d)
Start importing Assets/Grass And Flowers Pack 1/Ground Textures/Materials/Groundplants 1_D 576.mat using Guid(2b4f32372ead46246a81f9724130db1f) Importer(2089858483,b0f066a214c2f5e87bad3c948f4d605d) (ScriptedImporter) -> (artifact id: '58f5624ec7e0912ebc5755e86e780637') in 0.0678913 seconds
Number of updated asset objects reloaded before import = 0Number of asset objects unloaded after import = 2

========================================================================
Received Import Request.
  Time since last request: 0.000068 seconds.
  path: Assets/Grass And Flowers Pack 1/Ground Textures/Materials/Groundplants 1_D 661.mat
  artifactKey: Guid(bd48559cc58389448a829b516b8261b6) Importer(2089858483,b0f066a214c2f5e87bad3c948f4d605d)
Start importing Assets/Grass And Flowers Pack 1/Ground Textures/Materials/Groundplants 1_D 661.mat using Guid(bd48559cc58389448a829b516b8261b6) Importer(2089858483,b0f066a214c2f5e87bad3c948f4d605d) (ScriptedImporter) -> (artifact id: '3c011295550a277d899965c9c4eefd4c') in 0.1002059 seconds
Number of updated asset objects reloaded before import = 0Number of asset objects unloaded after import = 2

========================================================================
Received Import Request.
  Time since last request: 0.000085 seconds.
  path: Assets/Grass And Flowers Pack 1/Ground Textures/Materials/Groundplants 1_D 588.mat
  artifactKey: Guid(90acd4089c62c3048a8e7560c1a04907) Importer(2089858483,b0f066a214c2f5e87bad3c948f4d605d)
Start importing Assets/Grass And Flowers Pack 1/Ground Textures/Materials/Groundplants 1_D 588.mat using Guid(90acd4089c62c3048a8e7560c1a04907) Importer(2089858483,b0f066a214c2f5e87bad3c948f4d605d) (ScriptedImporter) -> (artifact id: 'a3ef9a1a8b793f0810393ac5452c3e99') in 0.3088642 seconds
Number of updated asset objects reloaded before import = 0Number of asset objects unloaded after import = 2

========================================================================
Received Import Request.
  Time since last request: 0.000068 seconds.
  path: Assets/Grass And Flowers Pack 1/Ground Textures/Materials/Groundplants 1_D 972.mat
  artifactKey: Guid(0e010fa19e6f5d847b5a7380004ec2eb) Importer(2089858483,b0f066a214c2f5e87bad3c948f4d605d)
Start importing Assets/Grass And Flowers Pack 1/Ground Textures/Materials/Groundplants 1_D 972.mat using Guid(0e010fa19e6f5d847b5a7380004ec2eb) Importer(2089858483,b0f066a214c2f5e87bad3c948f4d605d) (ScriptedImporter) -> (artifact id: '7480423c4b93f47dc8f1d818990fad7d') in 0.1072465 seconds
Number of updated asset objects reloaded before import = 0Number of asset objects unloaded after import = 2

========================================================================
Received Import Request.
  Time since last request: 0.000093 seconds.
  path: Assets/Grass And Flowers Pack 1/Ground Textures/Materials/Groundplants 1_D 679.mat
  artifactKey: Guid(896d2c5722062ee41b407f18657c8d18) Importer(2089858483,b0f066a214c2f5e87bad3c948f4d605d)
Start importing Assets/Grass And Flowers Pack 1/Ground Textures/Materials/Groundplants 1_D 679.mat using Guid(896d2c5722062ee41b407f18657c8d18) Importer(2089858483,b0f066a214c2f5e87bad3c948f4d605d) (ScriptedImporter) -> (artifact id: '24c7a7ca00aa075b5749e1a4897ca6ba') in 0.0494406 seconds
Number of updated asset objects reloaded before import = 0Number of asset objects unloaded after import = 2

========================================================================
Received Import Request.
  Time since last request: 0.000082 seconds.
  path: Assets/Grass And Flowers Pack 1/Ground Textures/Materials/Groundplants 1_D 982.mat
  artifactKey: Guid(6d36ed8a0f7381c4f88af9b22afdc0a8) Importer(2089858483,b0f066a214c2f5e87bad3c948f4d605d)
Start importing Assets/Grass And Flowers Pack 1/Ground Textures/Materials/Groundplants 1_D 982.mat using Guid(6d36ed8a0f7381c4f88af9b22afdc0a8) Importer(2089858483,b0f066a214c2f5e87bad3c948f4d605d) (ScriptedImporter) -> (artifact id: '4924f430da57fd988a742c7177ecc0a1') in 0.0966456 seconds
Number of updated asset objects reloaded before import = 0Number of asset objects unloaded after import = 2

========================================================================
Received Import Request.
  Time since last request: 0.000095 seconds.
  path: Assets/Grass And Flowers Pack 1/Ground Textures/Materials/Groundplants 1_D 712.mat
  artifactKey: Guid(3a6000cc4b9316044951b5e33fbe196e) Importer(2089858483,b0f066a214c2f5e87bad3c948f4d605d)
Start importing Assets/Grass And Flowers Pack 1/Ground Textures/Materials/Groundplants 1_D 712.mat using Guid(3a6000cc4b9316044951b5e33fbe196e) Importer(2089858483,b0f066a214c2f5e87bad3c948f4d605d) (ScriptedImporter) -> (artifact id: 'c1eace3c5d0918f269e602c37322b2b5') in 0.0970512 seconds
Number of updated asset objects reloaded before import = 0Number of asset objects unloaded after import = 2

========================================================================
Received Import Request.
  Time since last request: 0.000072 seconds.
  path: Assets/Grass And Flowers Pack 1/Ground Textures/Materials/Groundplants 1_D 763.mat
  artifactKey: Guid(3528990b9c053a245af6d863e9acf400) Importer(2089858483,b0f066a214c2f5e87bad3c948f4d605d)
Start importing Assets/Grass And Flowers Pack 1/Ground Textures/Materials/Groundplants 1_D 763.mat using Guid(3528990b9c053a245af6d863e9acf400) Importer(2089858483,b0f066a214c2f5e87bad3c948f4d605d) (ScriptedImporter) -> (artifact id: 'd52ffe8d59a414273477f45088ca31fa') in 0.0617809 seconds
Number of updated asset objects reloaded before import = 0Number of asset objects unloaded after import = 2

========================================================================
Received Import Request.
  Time since last request: 0.000110 seconds.
  path: Assets/Grass And Flowers Pack 1/Ground Textures/Materials/Groundplants 1_D 511.mat
  artifactKey: Guid(95d15de3925b5174eaa2e81774ecb1e0) Importer(2089858483,b0f066a214c2f5e87bad3c948f4d605d)
Start importing Assets/Grass And Flowers Pack 1/Ground Textures/Materials/Groundplants 1_D 511.mat using Guid(95d15de3925b5174eaa2e81774ecb1e0) Importer(2089858483,b0f066a214c2f5e87bad3c948f4d605d) (ScriptedImporter) -> (artifact id: '6ae5ed26443db59b660062f9ee2d5991') in 0.080523 seconds
Number of updated asset objects reloaded before import = 0Number of asset objects unloaded after import = 2

========================================================================
Received Import Request.
  Time since last request: 0.000103 seconds.
  path: Assets/Grass And Flowers Pack 1/Ground Textures/Materials/Groundplants 1_D 764.mat
  artifactKey: Guid(39293ddaf306b344ab18ce778ac438f5) Importer(2089858483,b0f066a214c2f5e87bad3c948f4d605d)
Start importing Assets/Grass And Flowers Pack 1/Ground Textures/Materials/Groundplants 1_D 764.mat using Guid(39293ddaf306b344ab18ce778ac438f5) Importer(2089858483,b0f066a214c2f5e87bad3c948f4d605d) (ScriptedImporter) -> (artifact id: 'ebdc4b6204bfaaf39efd406ef725e859') in 0.0639525 seconds
Number of updated asset objects reloaded before import = 0Number of asset objects unloaded after import = 2

========================================================================
Received Import Request.
  Time since last request: 0.000106 seconds.
  path: Assets/Grass And Flowers Pack 1/Ground Textures/Materials/Groundplants 1_D 944.mat
  artifactKey: Guid(13fdeb8e153b45145b8a4a27aaaa98ce) Importer(2089858483,b0f066a214c2f5e87bad3c948f4d605d)
Start importing Assets/Grass And Flowers Pack 1/Ground Textures/Materials/Groundplants 1_D 944.mat using Guid(13fdeb8e153b45145b8a4a27aaaa98ce) Importer(2089858483,b0f066a214c2f5e87bad3c948f4d605d) (ScriptedImporter) -> (artifact id: '81a6fe8d2427240080f1858c05f41c84') in 0.0936415 seconds
Number of updated asset objects reloaded before import = 0Number of asset objects unloaded after import = 2

========================================================================
Received Import Request.
  Time since last request: 0.000081 seconds.
  path: Assets/Grass And Flowers Pack 1/Ground Textures/Materials/Groundplants 1_D 695.mat
  artifactKey: Guid(4bd8f3a9055763e43adaba1140cbd8c4) Importer(2089858483,b0f066a214c2f5e87bad3c948f4d605d)
Start importing Assets/Grass And Flowers Pack 1/Ground Textures/Materials/Groundplants 1_D 695.mat using Guid(4bd8f3a9055763e43adaba1140cbd8c4) Importer(2089858483,b0f066a214c2f5e87bad3c948f4d605d) (ScriptedImporter) -> (artifact id: '62a6d8fc357248c4245d2527bc9996f7') in 0.0981472 seconds
Number of updated asset objects reloaded before import = 0Number of asset objects unloaded after import = 2

========================================================================
Received Import Request.
  Time since last request: 0.000099 seconds.
  path: Assets/Grass And Flowers Pack 1/Ground Textures/Materials/Groundplants 1_D 657.mat
  artifactKey: Guid(d00c42734b22af54c8e29c1887ed9be5) Importer(2089858483,b0f066a214c2f5e87bad3c948f4d605d)
Start importing Assets/Grass And Flowers Pack 1/Ground Textures/Materials/Groundplants 1_D 657.mat using Guid(d00c42734b22af54c8e29c1887ed9be5) Importer(2089858483,b0f066a214c2f5e87bad3c948f4d605d) (ScriptedImporter) -> (artifact id: 'f35fa16d7ee2bc7df9c5cc2331efc746') in 0.0766195 seconds
Number of updated asset objects reloaded before import = 0Number of asset objects unloaded after import = 2

========================================================================
Received Import Request.
  Time since last request: 0.000058 seconds.
  path: Assets/Grass And Flowers Pack 1/Ground Textures/Materials/Groundplants 1_D 544.mat
  artifactKey: Guid(18c9587b68b7ea346b08a5503330b3e8) Importer(2089858483,b0f066a214c2f5e87bad3c948f4d605d)
Start importing Assets/Grass And Flowers Pack 1/Ground Textures/Materials/Groundplants 1_D 544.mat using Guid(18c9587b68b7ea346b08a5503330b3e8) Importer(2089858483,b0f066a214c2f5e87bad3c948f4d605d) (ScriptedImporter) -> (artifact id: '142639ee1adceb129f725be4147744f2') in 0.1390496 seconds
Number of updated asset objects reloaded before import = 0Number of asset objects unloaded after import = 2

========================================================================
Received Import Request.
  Time since last request: 0.000114 seconds.
  path: Assets/Grass And Flowers Pack 1/Ground Textures/Materials/Groundplants 1_D 821.mat
  artifactKey: Guid(72580414ca726524db3b3bbb574beceb) Importer(2089858483,b0f066a214c2f5e87bad3c948f4d605d)
Start importing Assets/Grass And Flowers Pack 1/Ground Textures/Materials/Groundplants 1_D 821.mat using Guid(72580414ca726524db3b3bbb574beceb) Importer(2089858483,b0f066a214c2f5e87bad3c948f4d605d) (ScriptedImporter) -> (artifact id: '91d415b6351da42ec85a4b1ba797bf3f') in 0.1108543 seconds
Number of updated asset objects reloaded before import = 0Number of asset objects unloaded after import = 2

========================================================================
Received Import Request.
  Time since last request: 221.994038 seconds.
  path: Assets/Scenes/ScreenFixed.unity
  artifactKey: Guid(99c9720ab356a0642a771bea13969a05) Importer(2089858483,b0f066a214c2f5e87bad3c948f4d605d)
Start importing Assets/Scenes/ScreenFixed.unity using Guid(99c9720ab356a0642a771bea13969a05) Importer(2089858483,b0f066a214c2f5e87bad3c948f4d605d) (ScriptedImporter) -> (artifact id: '5a20fc4872f8db9b408d1a7dbf8c62a0') in 0.380178 seconds
Number of updated asset objects reloaded before import = 0Number of asset objects unloaded after import = 1

========================================================================
Received Import Request.
  Time since last request: 57.060470 seconds.
  path: Assets/Scenes/ScreenFixed.unity
  artifactKey: Guid(99c9720ab356a0642a771bea13969a05) Importer(2089858483,b0f066a214c2f5e87bad3c948f4d605d)
Start importing Assets/Scenes/ScreenFixed.unity using Guid(99c9720ab356a0642a771bea13969a05) Importer(2089858483,b0f066a214c2f5e87bad3c948f4d605d) (ScriptedImporter) -> (artifact id: '255ca17996e9ab58df4327a4feddda04') in 0.6147704 seconds
Number of updated asset objects reloaded before import = 0Number of asset objects unloaded after import = 1

========================================================================
Received Import Request.
  Time since last request: 3.775102 seconds.
  path: Assets/Scenes
  artifactKey: Guid(7d72d2b8f988e344dba47544581731d4) Importer(815301076,1909f56bfc062723c751e8b465ee728b)
Start importing Assets/Scenes using Guid(7d72d2b8f988e344dba47544581731d4) Importer(815301076,1909f56bfc062723c751e8b465ee728b) (PreviewImporter) -> (artifact id: 'e1c13253c1e1217ae66c7cba6fb3693b') in 0.0073688 seconds
Number of updated asset objects reloaded before import = 0Number of asset objects unloaded after import = 0

========================================================================
Received Import Request.
  Time since last request: 5.776761 seconds.
  path: Assets/Scenes/WorldFixed.unity
  artifactKey: Guid(6a1d20f43879db749b8315e6c67fbd5f) Importer(815301076,1909f56bfc062723c751e8b465ee728b)
Start importing Assets/Scenes/WorldFixed.unity using Guid(6a1d20f43879db749b8315e6c67fbd5f) Importer(815301076,1909f56bfc062723c751e8b465ee728b) (PreviewImporter) -> (artifact id: 'df85eeaf61ac4203b750b91e4de6613a') in 0.0050427 seconds
Number of updated asset objects reloaded before import = 0Number of asset objects unloaded after import = 0

========================================================================
Received Import Request.
  Time since last request: 217.501976 seconds.
  path: Assets/Grass And Flowers Pack 1/Ground Textures/Materials/Groundplants 1_D 994.mat
  artifactKey: Guid(e92f8610398907f4da2bae5c331a754a) Importer(2089858483,b0f066a214c2f5e87bad3c948f4d605d)
Start importing Assets/Grass And Flowers Pack 1/Ground Textures/Materials/Groundplants 1_D 994.mat using Guid(e92f8610398907f4da2bae5c331a754a) Importer(2089858483,b0f066a214c2f5e87bad3c948f4d605d) (ScriptedImporter) -> (artifact id: 'd9eea447db63e8e3f73f274d9634ff4a') in 0.0264868 seconds
Number of updated asset objects reloaded before import = 0Number of asset objects unloaded after import = 1

========================================================================
Received Import Request.
  Time since last request: 0.000146 seconds.
  path: Assets/Grass And Flowers Pack 1/Ground Textures/Materials/Groundplants 1_D 1067.mat
  artifactKey: Guid(9786f64fde4ce6441a94f21fb7287f77) Importer(2089858483,b0f066a214c2f5e87bad3c948f4d605d)
Start importing Assets/Grass And Flowers Pack 1/Ground Textures/Materials/Groundplants 1_D 1067.mat using Guid(9786f64fde4ce6441a94f21fb7287f77) Importer(2089858483,b0f066a214c2f5e87bad3c948f4d605d) (ScriptedImporter) -> (artifact id: '98a3186d057d5031ab324a11c7fc43d4') in 0.1868356 seconds
Number of updated asset objects reloaded before import = 0Number of asset objects unloaded after import = 1

========================================================================
Received Import Request.
  Time since last request: 0.000083 seconds.
  path: Assets/Grass And Flowers Pack 1/Ground Textures/Materials/Groundplants 1_D 1082.mat
  artifactKey: Guid(20d8c7f4554bcc2469dfa4ec9c1cc23c) Importer(2089858483,b0f066a214c2f5e87bad3c948f4d605d)
Start importing Assets/Grass And Flowers Pack 1/Ground Textures/Materials/Groundplants 1_D 1082.mat using Guid(20d8c7f4554bcc2469dfa4ec9c1cc23c) Importer(2089858483,b0f066a214c2f5e87bad3c948f4d605d) (ScriptedImporter) -> (artifact id: '380ea4a46f386486ca4ba3924e6a7b00') in 0.0989044 seconds
Number of updated asset objects reloaded before import = 0Number of asset objects unloaded after import = 1

========================================================================
Received Import Request.
  Time since last request: 0.000055 seconds.
  path: Assets/Grass And Flowers Pack 1/Ground Textures/Materials/Groundplants 1_D 1085.mat
  artifactKey: Guid(71428b725352fdc458c6aeb27e2b826d) Importer(2089858483,b0f066a214c2f5e87bad3c948f4d605d)
Start importing Assets/Grass And Flowers Pack 1/Ground Textures/Materials/Groundplants 1_D 1085.mat using Guid(71428b725352fdc458c6aeb27e2b826d) Importer(2089858483,b0f066a214c2f5e87bad3c948f4d605d) (ScriptedImporter) -> (artifact id: 'c45966c58dc0a02c13a16818e1158327') in 0.0578693 seconds
Number of updated asset objects reloaded before import = 0Number of asset objects unloaded after import = 1

========================================================================
Received Import Request.
  Time since last request: 0.000089 seconds.
  path: Assets/Grass And Flowers Pack 1/Ground Textures/Materials/Groundplants 1_D 1025.mat
  artifactKey: Guid(92f705ca4323b904086415939be5c43e) Importer(2089858483,b0f066a214c2f5e87bad3c948f4d605d)
Start importing Assets/Grass And Flowers Pack 1/Ground Textures/Materials/Groundplants 1_D 1025.mat using Guid(92f705ca4323b904086415939be5c43e) Importer(2089858483,b0f066a214c2f5e87bad3c948f4d605d) (ScriptedImporter) -> (artifact id: '29e7643e78e617f278261e49451270c2') in 0.1513215 seconds
Number of updated asset objects reloaded before import = 0Number of asset objects unloaded after import = 1

========================================================================
Received Import Request.
  Time since last request: 0.000064 seconds.
  path: Assets/Grass And Flowers Pack 1/Ground Textures/Materials/Groundplants 1_D 1007.mat
  artifactKey: Guid(667139357237822408596f5043f91577) Importer(2089858483,b0f066a214c2f5e87bad3c948f4d605d)
Start importing Assets/Grass And Flowers Pack 1/Ground Textures/Materials/Groundplants 1_D 1007.mat using Guid(667139357237822408596f5043f91577) Importer(2089858483,b0f066a214c2f5e87bad3c948f4d605d) (ScriptedImporter) -> (artifact id: '171412a5645693eb58a3d9564d9adf07') in 0.1553552 seconds
Number of updated asset objects reloaded before import = 0Number of asset objects unloaded after import = 1

========================================================================
Received Import Request.
  Time since last request: 0.000078 seconds.
  path: Assets/Grass And Flowers Pack 1/Ground Textures/Materials/Groundplants 1_D 1105.mat
  artifactKey: Guid(980b7103f3de2b64e8af30135a6aa382) Importer(2089858483,b0f066a214c2f5e87bad3c948f4d605d)
Start importing Assets/Grass And Flowers Pack 1/Ground Textures/Materials/Groundplants 1_D 1105.mat using Guid(980b7103f3de2b64e8af30135a6aa382) Importer(2089858483,b0f066a214c2f5e87bad3c948f4d605d) (ScriptedImporter) -> (artifact id: '428a76504ad763c98b2344cdd160bfa9') in 0.1571377 seconds
Number of updated asset objects reloaded before import = 0Number of asset objects unloaded after import = 1

========================================================================
Received Import Request.
  Time since last request: 0.000070 seconds.
  path: Assets/Grass And Flowers Pack 1/Ground Textures/Materials/Groundplants 1_D 1065.mat
  artifactKey: Guid(b403e25436a5eea4699d95a8a6d6e6af) Importer(2089858483,b0f066a214c2f5e87bad3c948f4d605d)
Start importing Assets/Grass And Flowers Pack 1/Ground Textures/Materials/Groundplants 1_D 1065.mat using Guid(b403e25436a5eea4699d95a8a6d6e6af) Importer(2089858483,b0f066a214c2f5e87bad3c948f4d605d) (ScriptedImporter) -> (artifact id: '4ee32b23fb0c092319075931d1692ebf') in 0.1355771 seconds
Number of updated asset objects reloaded before import = 0Number of asset objects unloaded after import = 1

========================================================================
Received Import Request.
  Time since last request: 0.000098 seconds.
  path: Assets/Grass And Flowers Pack 1/Ground Textures/Materials/Groundplants 1_D 1103.mat
  artifactKey: Guid(b130c95cfd44775479ddfffef4ec8ade) Importer(2089858483,b0f066a214c2f5e87bad3c948f4d605d)
Start importing Assets/Grass And Flowers Pack 1/Ground Textures/Materials/Groundplants 1_D 1103.mat using Guid(b130c95cfd44775479ddfffef4ec8ade) Importer(2089858483,b0f066a214c2f5e87bad3c948f4d605d) (ScriptedImporter) -> (artifact id: 'fb1e1ea9fb5f5c00e50aaa1d2189ca25') in 0.0481327 seconds
Number of updated asset objects reloaded before import = 0Number of asset objects unloaded after import = 1

========================================================================
Received Import Request.
  Time since last request: 0.000065 seconds.
  path: Assets/Grass And Flowers Pack 1/Ground Textures/Materials/Groundplants 1_D 1015.mat
  artifactKey: Guid(7db9eec33ed158a489aa58c167cbd779) Importer(2089858483,b0f066a214c2f5e87bad3c948f4d605d)
Start importing Assets/Grass And Flowers Pack 1/Ground Textures/Materials/Groundplants 1_D 1015.mat using Guid(7db9eec33ed158a489aa58c167cbd779) Importer(2089858483,b0f066a214c2f5e87bad3c948f4d605d) (ScriptedImporter) -> (artifact id: 'd59f28fd88a34df451fcaf5e12efea7b') in 0.0767258 seconds
Number of updated asset objects reloaded before import = 0Number of asset objects unloaded after import = 1

========================================================================
Received Import Request.
  Time since last request: 0.000090 seconds.
  path: Assets/Grass And Flowers Pack 1/Ground Textures/Materials/Groundplants 1_D 1076.mat
  artifactKey: Guid(d1380234a0b3a0543a7e3e983a8976d6) Importer(2089858483,b0f066a214c2f5e87bad3c948f4d605d)
Start importing Assets/Grass And Flowers Pack 1/Ground Textures/Materials/Groundplants 1_D 1076.mat using Guid(d1380234a0b3a0543a7e3e983a8976d6) Importer(2089858483,b0f066a214c2f5e87bad3c948f4d605d) (ScriptedImporter) -> (artifact id: 'c2dedfe0d778beb9a29075eb02e960fb') in 0.0399509 seconds
Number of updated asset objects reloaded before import = 0Number of asset objects unloaded after import = 1

========================================================================
Received Import Request.
  Time since last request: 0.000065 seconds.
  path: Assets/Grass And Flowers Pack 1/Ground Textures/Materials/Groundplants 1_D 1083.mat
  artifactKey: Guid(c10a52d86099611488f9319117201ecd) Importer(2089858483,b0f066a214c2f5e87bad3c948f4d605d)
Start importing Assets/Grass And Flowers Pack 1/Ground Textures/Materials/Groundplants 1_D 1083.mat using Guid(c10a52d86099611488f9319117201ecd) Importer(2089858483,b0f066a214c2f5e87bad3c948f4d605d) (ScriptedImporter) -> (artifact id: '68b3812ff074472fd59496d4a9d0f9a6') in 0.0402162 seconds
Number of updated asset objects reloaded before import = 0Number of asset objects unloaded after import = 1

========================================================================
Received Import Request.
  Time since last request: 0.000108 seconds.
  path: Assets/Grass And Flowers Pack 1/Ground Textures/Materials/Groundplants 1_D 1033.mat
  artifactKey: Guid(0222d5cb2193fbb41a379e5eabc30c6a) Importer(2089858483,b0f066a214c2f5e87bad3c948f4d605d)
Start importing Assets/Grass And Flowers Pack 1/Ground Textures/Materials/Groundplants 1_D 1033.mat using Guid(0222d5cb2193fbb41a379e5eabc30c6a) Importer(2089858483,b0f066a214c2f5e87bad3c948f4d605d) (ScriptedImporter) -> (artifact id: '0231a9c33f5f4a9f6ff655d72a5c006d') in 0.0417388 seconds
Number of updated asset objects reloaded before import = 0Number of asset objects unloaded after import = 1

========================================================================
Received Import Request.
  Time since last request: 0.000053 seconds.
  path: Assets/Grass And Flowers Pack 1/Ground Textures/Materials/Groundplants 1_D 1115.mat
  artifactKey: Guid(9f550480d2c864242a5041061f4096c9) Importer(2089858483,b0f066a214c2f5e87bad3c948f4d605d)
Start importing Assets/Grass And Flowers Pack 1/Ground Textures/Materials/Groundplants 1_D 1115.mat using Guid(9f550480d2c864242a5041061f4096c9) Importer(2089858483,b0f066a214c2f5e87bad3c948f4d605d) (ScriptedImporter) -> (artifact id: '94acc95fad045709550447ed2b550ad4') in 0.0446042 seconds
Number of updated asset objects reloaded before import = 0Number of asset objects unloaded after import = 1

========================================================================
Received Import Request.
  Time since last request: 0.000066 seconds.
  path: Assets/Grass And Flowers Pack 1/Ground Textures/Materials/Groundplants 1_D 1039.mat
  artifactKey: Guid(00d7ddb3ffd44d74cbdd29beb96ccd7c) Importer(2089858483,b0f066a214c2f5e87bad3c948f4d605d)
Start importing Assets/Grass And Flowers Pack 1/Ground Textures/Materials/Groundplants 1_D 1039.mat using Guid(00d7ddb3ffd44d74cbdd29beb96ccd7c) Importer(2089858483,b0f066a214c2f5e87bad3c948f4d605d) (ScriptedImporter) -> (artifact id: 'acbf43fe9919d1ff1b459db1bbb95316') in 0.0439639 seconds
Number of updated asset objects reloaded before import = 0Number of asset objects unloaded after import = 1

========================================================================
Received Import Request.
  Time since last request: 0.000086 seconds.
  path: Assets/Grass And Flowers Pack 1/Ground Textures/Materials/Groundplants 1_D 1019.mat
  artifactKey: Guid(079dbe3acd8e37241bbd333229aabde1) Importer(2089858483,b0f066a214c2f5e87bad3c948f4d605d)
Start importing Assets/Grass And Flowers Pack 1/Ground Textures/Materials/Groundplants 1_D 1019.mat using Guid(079dbe3acd8e37241bbd333229aabde1) Importer(2089858483,b0f066a214c2f5e87bad3c948f4d605d) (ScriptedImporter) -> (artifact id: 'bb13dc0540dc707f07dcfd46da92ac88') in 0.0371628 seconds
Number of updated asset objects reloaded before import = 0Number of asset objects unloaded after import = 1

========================================================================
Received Import Request.
  Time since last request: 0.000073 seconds.
  path: Assets/Grass And Flowers Pack 1/Ground Textures/Materials/Groundplants 1_D 1043.mat
  artifactKey: Guid(99307ca1543f72747b4ed7ee6adc612d) Importer(2089858483,b0f066a214c2f5e87bad3c948f4d605d)
Start importing Assets/Grass And Flowers Pack 1/Ground Textures/Materials/Groundplants 1_D 1043.mat using Guid(99307ca1543f72747b4ed7ee6adc612d) Importer(2089858483,b0f066a214c2f5e87bad3c948f4d605d) (ScriptedImporter) -> (artifact id: '1869bf1dd0e6531fe89f11fb28789464') in 0.0368422 seconds
Number of updated asset objects reloaded before import = 0Number of asset objects unloaded after import = 1

========================================================================
Received Import Request.
  Time since last request: 0.000089 seconds.
  path: Assets/Grass And Flowers Pack 1/Ground Textures/Materials/Groundplants 1_D 1061.mat
  artifactKey: Guid(2281137346f0500459627b138bab15e8) Importer(2089858483,b0f066a214c2f5e87bad3c948f4d605d)
Start importing Assets/Grass And Flowers Pack 1/Ground Textures/Materials/Groundplants 1_D 1061.mat using Guid(2281137346f0500459627b138bab15e8) Importer(2089858483,b0f066a214c2f5e87bad3c948f4d605d) (ScriptedImporter) -> (artifact id: '898ac634ce465c3b3fb69c6cf7dab3be') in 0.06833 seconds
Number of updated asset objects reloaded before import = 0Number of asset objects unloaded after import = 1

========================================================================
Received Import Request.
  Time since last request: 0.000061 seconds.
  path: Assets/Grass And Flowers Pack 1/Ground Textures/Materials/Groundplants 1_D 1123.mat
  artifactKey: Guid(dd1f5d84e98b5014abfecd0024a4181d) Importer(2089858483,b0f066a214c2f5e87bad3c948f4d605d)
Start importing Assets/Grass And Flowers Pack 1/Ground Textures/Materials/Groundplants 1_D 1123.mat using Guid(dd1f5d84e98b5014abfecd0024a4181d) Importer(2089858483,b0f066a214c2f5e87bad3c948f4d605d) (ScriptedImporter) -> (artifact id: 'b12d87822f67c285283dece630ddbd23') in 0.1017587 seconds
Number of updated asset objects reloaded before import = 0Number of asset objects unloaded after import = 1

========================================================================
Received Import Request.
  Time since last request: 0.000078 seconds.
  path: Assets/Grass And Flowers Pack 1/Ground Textures/Materials/Groundplants 1_D 1037.mat
  artifactKey: Guid(03aca190a80e74043802e6efd61430c4) Importer(2089858483,b0f066a214c2f5e87bad3c948f4d605d)
Start importing Assets/Grass And Flowers Pack 1/Ground Textures/Materials/Groundplants 1_D 1037.mat using Guid(03aca190a80e74043802e6efd61430c4) Importer(2089858483,b0f066a214c2f5e87bad3c948f4d605d) (ScriptedImporter) -> (artifact id: 'e17f78a57c46069c7a1962060032bdd5') in 0.2089586 seconds
Number of updated asset objects reloaded before import = 0Number of asset objects unloaded after import = 1

========================================================================
Received Import Request.
  Time since last request: 0.000073 seconds.
  path: Assets/Grass And Flowers Pack 1/Ground Textures/Materials/Groundplants 1_D 1051.mat
  artifactKey: Guid(f679b1776f2304740a2fc654b6b1de82) Importer(2089858483,b0f066a214c2f5e87bad3c948f4d605d)
Start importing Assets/Grass And Flowers Pack 1/Ground Textures/Materials/Groundplants 1_D 1051.mat using Guid(f679b1776f2304740a2fc654b6b1de82) Importer(2089858483,b0f066a214c2f5e87bad3c948f4d605d) (ScriptedImporter) -> (artifact id: '0de20d1a5d5a5d7e58a3deb5455c6d8e') in 0.0619313 seconds
Number of updated asset objects reloaded before import = 0Number of asset objects unloaded after import = 1

========================================================================
Received Import Request.
  Time since last request: 0.000078 seconds.
  path: Assets/Grass And Flowers Pack 1/Ground Textures/Materials/Groundplants 1_D 1034.mat
  artifactKey: Guid(1a2243ab2c066dc4d8475a92c01a5702) Importer(2089858483,b0f066a214c2f5e87bad3c948f4d605d)
Start importing Assets/Grass And Flowers Pack 1/Ground Textures/Materials/Groundplants 1_D 1034.mat using Guid(1a2243ab2c066dc4d8475a92c01a5702) Importer(2089858483,b0f066a214c2f5e87bad3c948f4d605d) (ScriptedImporter) -> (artifact id: '1c465c7e4de83090cb141a511c839344') in 0.0454401 seconds
Number of updated asset objects reloaded before import = 0Number of asset objects unloaded after import = 1

========================================================================
Received Import Request.
  Time since last request: 0.000049 seconds.
  path: Assets/Grass And Flowers Pack 1/Ground Textures/Materials/Groundplants 1_D 1071.mat
  artifactKey: Guid(b8cc816d910fb9149b8312c5a9ef7627) Importer(2089858483,b0f066a214c2f5e87bad3c948f4d605d)
Start importing Assets/Grass And Flowers Pack 1/Ground Textures/Materials/Groundplants 1_D 1071.mat using Guid(b8cc816d910fb9149b8312c5a9ef7627) Importer(2089858483,b0f066a214c2f5e87bad3c948f4d605d) (ScriptedImporter) -> (artifact id: '3420444872ca2e728a74dfb8e7b6869e') in 0.0518043 seconds
Number of updated asset objects reloaded before import = 0Number of asset objects unloaded after import = 1

========================================================================
Received Import Request.
  Time since last request: 0.000054 seconds.
  path: Assets/Grass And Flowers Pack 1/Ground Textures/Materials/Groundplants 1_D 1012.mat
  artifactKey: Guid(935685885e773eb4cb0ccc87c9adb36c) Importer(2089858483,b0f066a214c2f5e87bad3c948f4d605d)
Start importing Assets/Grass And Flowers Pack 1/Ground Textures/Materials/Groundplants 1_D 1012.mat using Guid(935685885e773eb4cb0ccc87c9adb36c) Importer(2089858483,b0f066a214c2f5e87bad3c948f4d605d) (ScriptedImporter) -> (artifact id: 'f5c515fb3b9d4ccf83afc506e0107427') in 0.0417322 seconds
Number of updated asset objects reloaded before import = 0Number of asset objects unloaded after import = 1

========================================================================
Received Import Request.
  Time since last request: 0.000091 seconds.
  path: Assets/Grass And Flowers Pack 1/Ground Textures/Materials/Groundplants 1_D 1136.mat
  artifactKey: Guid(ac5b0b2c3996d214e8fcef816ab329d6) Importer(2089858483,b0f066a214c2f5e87bad3c948f4d605d)
Start importing Assets/Grass And Flowers Pack 1/Ground Textures/Materials/Groundplants 1_D 1136.mat using Guid(ac5b0b2c3996d214e8fcef816ab329d6) Importer(2089858483,b0f066a214c2f5e87bad3c948f4d605d) (ScriptedImporter) -> (artifact id: 'b8b8188d96c3fcaab0f0ff3c9bf9c921') in 0.036307 seconds
Number of updated asset objects reloaded before import = 0Number of asset objects unloaded after import = 1

========================================================================
Received Import Request.
  Time since last request: 0.000053 seconds.
  path: Assets/Grass And Flowers Pack 1/Ground Textures/Materials/Groundplants 1_D 1027.mat
  artifactKey: Guid(5b9f7eb47ae81fc429e4fddce0fed602) Importer(2089858483,b0f066a214c2f5e87bad3c948f4d605d)
Start importing Assets/Grass And Flowers Pack 1/Ground Textures/Materials/Groundplants 1_D 1027.mat using Guid(5b9f7eb47ae81fc429e4fddce0fed602) Importer(2089858483,b0f066a214c2f5e87bad3c948f4d605d) (ScriptedImporter) -> (artifact id: '264531ecd75717be69788cbb077d192e') in 0.0418003 seconds
Number of updated asset objects reloaded before import = 0Number of asset objects unloaded after import = 1

========================================================================
Received Import Request.
  Time since last request: 0.000073 seconds.
  path: Assets/Grass And Flowers Pack 1/Ground Textures/Materials/Groundplants 1_D 1132.mat
  artifactKey: Guid(76a007eed6a99714097d27a838ca2936) Importer(2089858483,b0f066a214c2f5e87bad3c948f4d605d)
Start importing Assets/Grass And Flowers Pack 1/Ground Textures/Materials/Groundplants 1_D 1132.mat using Guid(76a007eed6a99714097d27a838ca2936) Importer(2089858483,b0f066a214c2f5e87bad3c948f4d605d) (ScriptedImporter) -> (artifact id: '87fc92bf693f63dbaf56f51787747393') in 0.0437713 seconds
Number of updated asset objects reloaded before import = 0Number of asset objects unloaded after import = 1

========================================================================
Received Import Request.
  Time since last request: 0.000091 seconds.
  path: Assets/Grass And Flowers Pack 1/Ground Textures/Materials/Groundplants 1_D 1088.mat
  artifactKey: Guid(bed87e449d20c3649bb32e22c14c057b) Importer(2089858483,b0f066a214c2f5e87bad3c948f4d605d)
Start importing Assets/Grass And Flowers Pack 1/Ground Textures/Materials/Groundplants 1_D 1088.mat using Guid(bed87e449d20c3649bb32e22c14c057b) Importer(2089858483,b0f066a214c2f5e87bad3c948f4d605d) (ScriptedImporter) -> (artifact id: '21721b9c07f603720ed73ee08e911619') in 0.0969289 seconds
Number of updated asset objects reloaded before import = 0Number of asset objects unloaded after import = 1

========================================================================
Received Import Request.
  Time since last request: 0.000058 seconds.
  path: Assets/Grass And Flowers Pack 1/Ground Textures/Materials/Groundplants 1_D 1143.mat
  artifactKey: Guid(599780e7f4917924e8d090812edd6778) Importer(2089858483,b0f066a214c2f5e87bad3c948f4d605d)
Start importing Assets/Grass And Flowers Pack 1/Ground Textures/Materials/Groundplants 1_D 1143.mat using Guid(599780e7f4917924e8d090812edd6778) Importer(2089858483,b0f066a214c2f5e87bad3c948f4d605d) (ScriptedImporter) -> (artifact id: 'afd9ebe5cfa35b576fc9bcfb3e000221') in 0.0575284 seconds
Number of updated asset objects reloaded before import = 0Number of asset objects unloaded after import = 1

========================================================================
Received Import Request.
  Time since last request: 132.811036 seconds.
  path: Assets/Grass And Flowers Pack 1/Ground Textures/Materials/Groundplants 1_D 996.mat
  artifactKey: Guid(ebda4fedd3d44ab4096f03bbb48e0b4f) Importer(2089858483,b0f066a214c2f5e87bad3c948f4d605d)
Start importing Assets/Grass And Flowers Pack 1/Ground Textures/Materials/Groundplants 1_D 996.mat using Guid(ebda4fedd3d44ab4096f03bbb48e0b4f) Importer(2089858483,b0f066a214c2f5e87bad3c948f4d605d) (ScriptedImporter) -> (artifact id: '8a56a5fbfd82b8e6aae292ad8aadd4fd') in 0.0173334 seconds
Number of updated asset objects reloaded before import = 0Number of asset objects unloaded after import = 1

========================================================================
Received Import Request.
  Time since last request: 0.000128 seconds.
  path: Assets/Grass And Flowers Pack 1/Ground Textures/Materials/Groundplants 1_D 1148.mat
  artifactKey: Guid(e96a3d56b714b37458a74aeae2a545cb) Importer(2089858483,b0f066a214c2f5e87bad3c948f4d605d)
Start importing Assets/Grass And Flowers Pack 1/Ground Textures/Materials/Groundplants 1_D 1148.mat using Guid(e96a3d56b714b37458a74aeae2a545cb) Importer(2089858483,b0f066a214c2f5e87bad3c948f4d605d) (ScriptedImporter) -> (artifact id: 'c70f6a2524f08c5e04e06eaa62deac1d') in 0.4568789 seconds
Number of updated asset objects reloaded before import = 0Number of asset objects unloaded after import = 1

========================================================================
Received Import Request.
  Time since last request: 17.447567 seconds.
  path: Assets/Grass And Flowers Pack 1/Ground Textures/Materials/Groundplants 1_D 999.mat
  artifactKey: Guid(ee97fefeff4bce3488af4878ae44b68a) Importer(2089858483,b0f066a214c2f5e87bad3c948f4d605d)
Start importing Assets/Grass And Flowers Pack 1/Ground Textures/Materials/Groundplants 1_D 999.mat using Guid(ee97fefeff4bce3488af4878ae44b68a) Importer(2089858483,b0f066a214c2f5e87bad3c948f4d605d) (ScriptedImporter) -> (artifact id: 'b8cce80c3db30cc9a1a6ce8ae29f6054') in 0.0792704 seconds
Number of updated asset objects reloaded before import = 0Number of asset objects unloaded after import = 1

========================================================================
Received Import Request.
  Time since last request: 0.000143 seconds.
  path: Assets/Grass And Flowers Pack 1/Ground Textures/Materials/Groundplants 1_D 1151.mat
  artifactKey: Guid(27866742d54115947bb924e279fc55b8) Importer(2089858483,b0f066a214c2f5e87bad3c948f4d605d)
Start importing Assets/Grass And Flowers Pack 1/Ground Textures/Materials/Groundplants 1_D 1151.mat using Guid(27866742d54115947bb924e279fc55b8) Importer(2089858483,b0f066a214c2f5e87bad3c948f4d605d) (ScriptedImporter) -> (artifact id: 'ad8e9361e43bde33e9abb1d38b95497f') in 0.0338483 seconds
Number of updated asset objects reloaded before import = 0Number of asset objects unloaded after import = 1

========================================================================
Received Import Request.
  Time since last request: 0.000078 seconds.
  path: Assets/Grass And Flowers Pack 1/Ground Textures/Materials/Groundplants 1_D 1150.mat
  artifactKey: Guid(548b4ec83ffd8df4db45d9c15d11dc45) Importer(2089858483,b0f066a214c2f5e87bad3c948f4d605d)
Start importing Assets/Grass And Flowers Pack 1/Ground Textures/Materials/Groundplants 1_D 1150.mat using Guid(548b4ec83ffd8df4db45d9c15d11dc45) Importer(2089858483,b0f066a214c2f5e87bad3c948f4d605d) (ScriptedImporter) -> (artifact id: 'ec14e8c096d5e39abb66ac7df5d7c5a9') in 0.1021866 seconds
Number of updated asset objects reloaded before import = 0Number of asset objects unloaded after import = 1

========================================================================
Received Import Request.
  Time since last request: 0.000079 seconds.
  path: Assets/Grass And Flowers Pack 1/Ground Textures/Materials/Groundplants 1_D 1030.mat
  artifactKey: Guid(b767cfc6be3cf8c438be068a0879573d) Importer(2089858483,b0f066a214c2f5e87bad3c948f4d605d)
Start importing Assets/Grass And Flowers Pack 1/Ground Textures/Materials/Groundplants 1_D 1030.mat using Guid(b767cfc6be3cf8c438be068a0879573d) Importer(2089858483,b0f066a214c2f5e87bad3c948f4d605d) (ScriptedImporter) -> (artifact id: 'c6a56c928506f6420d8e3031ff7dd345') in 0.0572226 seconds
Number of updated asset objects reloaded before import = 0Number of asset objects unloaded after import = 1

========================================================================
Received Import Request.
  Time since last request: 0.000081 seconds.
  path: Assets/Grass And Flowers Pack 1/Ground Textures/Materials/Groundplants 1_D 1129.mat
  artifactKey: Guid(5904576515fd62641be1bfb49ce8e425) Importer(2089858483,b0f066a214c2f5e87bad3c948f4d605d)
Start importing Assets/Grass And Flowers Pack 1/Ground Textures/Materials/Groundplants 1_D 1129.mat using Guid(5904576515fd62641be1bfb49ce8e425) Importer(2089858483,b0f066a214c2f5e87bad3c948f4d605d) (ScriptedImporter) -> (artifact id: '32e4e94ec1f039c497ed297fb82f6697') in 0.0978293 seconds
Number of updated asset objects reloaded before import = 0Number of asset objects unloaded after import = 1

========================================================================
Received Import Request.
  Time since last request: 0.000067 seconds.
  path: Assets/Grass And Flowers Pack 1/Ground Textures/Materials/Groundplants 1_D 1057.mat
  artifactKey: Guid(1431b085215d2ef4f9381645a1a1144c) Importer(2089858483,b0f066a214c2f5e87bad3c948f4d605d)
Start importing Assets/Grass And Flowers Pack 1/Ground Textures/Materials/Groundplants 1_D 1057.mat using Guid(1431b085215d2ef4f9381645a1a1144c) Importer(2089858483,b0f066a214c2f5e87bad3c948f4d605d) (ScriptedImporter) -> (artifact id: '51da3419ad52a7839f873ea643bb8c6f') in 0.0543221 seconds
Number of updated asset objects reloaded before import = 0Number of asset objects unloaded after import = 1

========================================================================
Received Import Request.
  Time since last request: 0.000098 seconds.
  path: Assets/Grass And Flowers Pack 1/Ground Textures/Materials/Groundplants 1_D 1173.mat
  artifactKey: Guid(405799407d2f52b4aa4cb5b7bf74925e) Importer(2089858483,b0f066a214c2f5e87bad3c948f4d605d)
Start importing Assets/Grass And Flowers Pack 1/Ground Textures/Materials/Groundplants 1_D 1173.mat using Guid(405799407d2f52b4aa4cb5b7bf74925e) Importer(2089858483,b0f066a214c2f5e87bad3c948f4d605d) (ScriptedImporter) -> (artifact id: '44875c17063956cd6e3e05602df73ee6') in 0.0659142 seconds
Number of updated asset objects reloaded before import = 0Number of asset objects unloaded after import = 1

========================================================================
Received Import Request.
  Time since last request: 0.000057 seconds.
  path: Assets/Grass And Flowers Pack 1/Ground Textures/Materials/Groundplants 1_D 1163.mat
  artifactKey: Guid(9478af5577e94ab498dd483da769c998) Importer(2089858483,b0f066a214c2f5e87bad3c948f4d605d)
Start importing Assets/Grass And Flowers Pack 1/Ground Textures/Materials/Groundplants 1_D 1163.mat using Guid(9478af5577e94ab498dd483da769c998) Importer(2089858483,b0f066a214c2f5e87bad3c948f4d605d) (ScriptedImporter) -> (artifact id: 'e094ab5b5255db37c65cef90c4b21308') in 0.1280676 seconds
Number of updated asset objects reloaded before import = 0Number of asset objects unloaded after import = 1

========================================================================
Received Import Request.
  Time since last request: 0.000082 seconds.
  path: Assets/Grass And Flowers Pack 1/Ground Textures/Materials/Groundplants 1_D 1155.mat
  artifactKey: Guid(dc8aa89bfa81e7a4d86e58cbf3c5e65c) Importer(2089858483,b0f066a214c2f5e87bad3c948f4d605d)
Start importing Assets/Grass And Flowers Pack 1/Ground Textures/Materials/Groundplants 1_D 1155.mat using Guid(dc8aa89bfa81e7a4d86e58cbf3c5e65c) Importer(2089858483,b0f066a214c2f5e87bad3c948f4d605d) (ScriptedImporter) -> (artifact id: 'a4844f82d501a43e28f4f31eec0774cd') in 0.0511051 seconds
Number of updated asset objects reloaded before import = 0Number of asset objects unloaded after import = 1

========================================================================
Received Import Request.
  Time since last request: 0.000049 seconds.
  path: Assets/Grass And Flowers Pack 1/Ground Textures/Materials/Groundplants 1_D 1183.mat
  artifactKey: Guid(a84d4f6aeb1a1b942af6e805fef92a14) Importer(2089858483,b0f066a214c2f5e87bad3c948f4d605d)
Start importing Assets/Grass And Flowers Pack 1/Ground Textures/Materials/Groundplants 1_D 1183.mat using Guid(a84d4f6aeb1a1b942af6e805fef92a14) Importer(2089858483,b0f066a214c2f5e87bad3c948f4d605d) (ScriptedImporter) -> (artifact id: '6a5aaae647534619d521b7959b877705') in 0.30488 seconds
Number of updated asset objects reloaded before import = 0Number of asset objects unloaded after import = 1

========================================================================
Received Import Request.
  Time since last request: 0.000079 seconds.
  path: Assets/Grass And Flowers Pack 1/Ground Textures/Materials/Groundplants 1_D 1193.mat
  artifactKey: Guid(f72d9172fc10c6d43bb8c2fd7c553ced) Importer(2089858483,b0f066a214c2f5e87bad3c948f4d605d)
Start importing Assets/Grass And Flowers Pack 1/Ground Textures/Materials/Groundplants 1_D 1193.mat using Guid(f72d9172fc10c6d43bb8c2fd7c553ced) Importer(2089858483,b0f066a214c2f5e87bad3c948f4d605d) (ScriptedImporter) -> (artifact id: '1512d76c653ca74824c48c463997bc97') in 0.0575513 seconds
Number of updated asset objects reloaded before import = 0Number of asset objects unloaded after import = 1

========================================================================
Received Import Request.
  Time since last request: 0.000044 seconds.
  path: Assets/Grass And Flowers Pack 1/Ground Textures/Materials/Groundplants 1_D 1052.mat
  artifactKey: Guid(f546becb754c4b24d92d58026982a63b) Importer(2089858483,b0f066a214c2f5e87bad3c948f4d605d)
Start importing Assets/Grass And Flowers Pack 1/Ground Textures/Materials/Groundplants 1_D 1052.mat using Guid(f546becb754c4b24d92d58026982a63b) Importer(2089858483,b0f066a214c2f5e87bad3c948f4d605d) (ScriptedImporter) -> (artifact id: 'e8fa6d3db756083e6702ab84ddd64679') in 0.1213031 seconds
Number of updated asset objects reloaded before import = 0Number of asset objects unloaded after import = 1

========================================================================
Received Import Request.
  Time since last request: 0.000079 seconds.
  path: Assets/Grass And Flowers Pack 1/Ground Textures/Materials/Groundplants 1_D 1197.mat
  artifactKey: Guid(bce1c41674def264eb482661b58033df) Importer(2089858483,b0f066a214c2f5e87bad3c948f4d605d)
Start importing Assets/Grass And Flowers Pack 1/Ground Textures/Materials/Groundplants 1_D 1197.mat using Guid(bce1c41674def264eb482661b58033df) Importer(2089858483,b0f066a214c2f5e87bad3c948f4d605d) (ScriptedImporter) -> (artifact id: 'c9e70d5873e286c7652a427764521f64') in 0.1451034 seconds
Number of updated asset objects reloaded before import = 0Number of asset objects unloaded after import = 1

========================================================================
Received Import Request.
  Time since last request: 0.000128 seconds.
  path: Assets/Grass And Flowers Pack 1/Ground Textures/Materials/Groundplants 1_D 1202.mat
  artifactKey: Guid(5c77f8bdfce1f674f8465b9d20568ac9) Importer(2089858483,b0f066a214c2f5e87bad3c948f4d605d)
Start importing Assets/Grass And Flowers Pack 1/Ground Textures/Materials/Groundplants 1_D 1202.mat using Guid(5c77f8bdfce1f674f8465b9d20568ac9) Importer(2089858483,b0f066a214c2f5e87bad3c948f4d605d) (ScriptedImporter) -> (artifact id: '776c646fdcc0692468c5af08394adbee') in 0.1303386 seconds
Number of updated asset objects reloaded before import = 0Number of asset objects unloaded after import = 1

========================================================================
Received Import Request.
  Time since last request: 0.000054 seconds.
  path: Assets/Grass And Flowers Pack 1/Ground Textures/Materials/Groundplants 1_D 1207.mat
  artifactKey: Guid(dcaa327b39112c04da1e5f993b37f94d) Importer(2089858483,b0f066a214c2f5e87bad3c948f4d605d)
Start importing Assets/Grass And Flowers Pack 1/Ground Textures/Materials/Groundplants 1_D 1207.mat using Guid(dcaa327b39112c04da1e5f993b37f94d) Importer(2089858483,b0f066a214c2f5e87bad3c948f4d605d) (ScriptedImporter) -> (artifact id: 'be0340fbde4546f392ea3e6c58276144') in 0.0535513 seconds
Number of updated asset objects reloaded before import = 0Number of asset objects unloaded after import = 1

========================================================================
Received Import Request.
  Time since last request: 0.000107 seconds.
  path: Assets/Grass And Flowers Pack 1/Ground Textures/Materials/Groundplants 1_D 1208.mat
  artifactKey: Guid(9f9b94a716610ca4d82fcaac169747ef) Importer(2089858483,b0f066a214c2f5e87bad3c948f4d605d)
Start importing Assets/Grass And Flowers Pack 1/Ground Textures/Materials/Groundplants 1_D 1208.mat using Guid(9f9b94a716610ca4d82fcaac169747ef) Importer(2089858483,b0f066a214c2f5e87bad3c948f4d605d) (ScriptedImporter) -> (artifact id: '6788483c9bb23fe4fc01e2929e2ead1e') in 0.0406656 seconds
Number of updated asset objects reloaded before import = 0Number of asset objects unloaded after import = 1

========================================================================
Received Import Request.
  Time since last request: 0.000084 seconds.
  path: Assets/Grass And Flowers Pack 1/Ground Textures/Materials/Groundplants 1_D 1215.mat
  artifactKey: Guid(31f234021a67241428d1ad50f1c8c9fe) Importer(2089858483,b0f066a214c2f5e87bad3c948f4d605d)
Start importing Assets/Grass And Flowers Pack 1/Ground Textures/Materials/Groundplants 1_D 1215.mat using Guid(31f234021a67241428d1ad50f1c8c9fe) Importer(2089858483,b0f066a214c2f5e87bad3c948f4d605d) (ScriptedImporter) -> (artifact id: 'eb754dc7be4fa22e70e2e588d472ae08') in 0.0403574 seconds
Number of updated asset objects reloaded before import = 0Number of asset objects unloaded after import = 1

========================================================================
Received Import Request.
  Time since last request: 0.000098 seconds.
  path: Assets/Grass And Flowers Pack 1/Ground Textures/Materials/Groundplants 1_D 1161.mat
  artifactKey: Guid(84d8d228651b9a246b486782fd11fd9e) Importer(2089858483,b0f066a214c2f5e87bad3c948f4d605d)
Start importing Assets/Grass And Flowers Pack 1/Ground Textures/Materials/Groundplants 1_D 1161.mat using Guid(84d8d228651b9a246b486782fd11fd9e) Importer(2089858483,b0f066a214c2f5e87bad3c948f4d605d) (ScriptedImporter) -> (artifact id: '9193753a567da7a641f6b0f9f65785da') in 0.0674128 seconds
Number of updated asset objects reloaded before import = 0Number of asset objects unloaded after import = 1

========================================================================
Received Import Request.
  Time since last request: 0.000065 seconds.
  path: Assets/Grass And Flowers Pack 1/Ground Textures/Materials/Groundplants 1_D 1228.mat
  artifactKey: Guid(7dc3cc48cb51d6e4cba1885584dfdfe5) Importer(2089858483,b0f066a214c2f5e87bad3c948f4d605d)
Start importing Assets/Grass And Flowers Pack 1/Ground Textures/Materials/Groundplants 1_D 1228.mat using Guid(7dc3cc48cb51d6e4cba1885584dfdfe5) Importer(2089858483,b0f066a214c2f5e87bad3c948f4d605d) (ScriptedImporter) -> (artifact id: '97015b65d5d957cea080dc5dd69b924f') in 0.3567125 seconds
Number of updated asset objects reloaded before import = 0Number of asset objects unloaded after import = 1

========================================================================
Received Import Request.
  Time since last request: 0.000118 seconds.
  path: Assets/Grass And Flowers Pack 1/Ground Textures/Materials/Groundplants 1_D 1236.mat
  artifactKey: Guid(2cff140440bde5643b371e036bcba541) Importer(2089858483,b0f066a214c2f5e87bad3c948f4d605d)
Start importing Assets/Grass And Flowers Pack 1/Ground Textures/Materials/Groundplants 1_D 1236.mat using Guid(2cff140440bde5643b371e036bcba541) Importer(2089858483,b0f066a214c2f5e87bad3c948f4d605d) (ScriptedImporter) -> (artifact id: 'ba4837f3b73f0791c3da1f454ae04f00') in 0.0484411 seconds
Number of updated asset objects reloaded before import = 0Number of asset objects unloaded after import = 1

========================================================================
Received Import Request.
  Time since last request: 0.000092 seconds.
  path: Assets/Grass And Flowers Pack 1/Ground Textures/Materials/Groundplants 1_D 1234.mat
  artifactKey: Guid(43e48e4e51bff634d84add08b6993226) Importer(2089858483,b0f066a214c2f5e87bad3c948f4d605d)
Start importing Assets/Grass And Flowers Pack 1/Ground Textures/Materials/Groundplants 1_D 1234.mat using Guid(43e48e4e51bff634d84add08b6993226) Importer(2089858483,b0f066a214c2f5e87bad3c948f4d605d) (ScriptedImporter) -> (artifact id: 'c668f316c0cb7972383f03c4e2c74e27') in 0.0632093 seconds
Number of updated asset objects reloaded before import = 0Number of asset objects unloaded after import = 1

========================================================================
Received Import Request.
  Time since last request: 0.000076 seconds.
  path: Assets/Grass And Flowers Pack 1/Ground Textures/Materials/Groundplants 1_D 1251.mat
  artifactKey: Guid(4f90a5457d6d2064ea9d0b0d7839656f) Importer(2089858483,b0f066a214c2f5e87bad3c948f4d605d)
Start importing Assets/Grass And Flowers Pack 1/Ground Textures/Materials/Groundplants 1_D 1251.mat using Guid(4f90a5457d6d2064ea9d0b0d7839656f) Importer(2089858483,b0f066a214c2f5e87bad3c948f4d605d) (ScriptedImporter) -> (artifact id: 'dc7fbe93ce3c8e536516b0f2ec4a614d') in 0.0434924 seconds
Number of updated asset objects reloaded before import = 0Number of asset objects unloaded after import = 1

========================================================================
Received Import Request.
  Time since last request: 0.000065 seconds.
  path: Assets/Grass And Flowers Pack 1/Ground Textures/Materials/Groundplants 1_D 1249.mat
  artifactKey: Guid(9e58dadbca13c7840bde1f5918d6272c) Importer(2089858483,b0f066a214c2f5e87bad3c948f4d605d)
Start importing Assets/Grass And Flowers Pack 1/Ground Textures/Materials/Groundplants 1_D 1249.mat using Guid(9e58dadbca13c7840bde1f5918d6272c) Importer(2089858483,b0f066a214c2f5e87bad3c948f4d605d) (ScriptedImporter) -> (artifact id: '0c8b5ccd9bd1499341512f3536066ecf') in 0.3688546 seconds
Number of updated asset objects reloaded before import = 0Number of asset objects unloaded after import = 1

========================================================================
Received Import Request.
  Time since last request: 0.000108 seconds.
  path: Assets/Grass And Flowers Pack 1/Ground Textures/Materials/Groundplants 1_D 1256.mat
  artifactKey: Guid(5d650914a993e1642832e289eb211bfc) Importer(2089858483,b0f066a214c2f5e87bad3c948f4d605d)
Start importing Assets/Grass And Flowers Pack 1/Ground Textures/Materials/Groundplants 1_D 1256.mat using Guid(5d650914a993e1642832e289eb211bfc) Importer(2089858483,b0f066a214c2f5e87bad3c948f4d605d) (ScriptedImporter) -> (artifact id: '420ceab18ee3d779c1e72a0f189474a1') in 0.0461035 seconds
Number of updated asset objects reloaded before import = 0Number of asset objects unloaded after import = 1

========================================================================
Received Import Request.
  Time since last request: 0.000081 seconds.
  path: Assets/Grass And Flowers Pack 1/Ground Textures/Materials/Groundplants 1_D 1268.mat
  artifactKey: Guid(3bbfd9320110b404293aa409259cda7c) Importer(2089858483,b0f066a214c2f5e87bad3c948f4d605d)
Start importing Assets/Grass And Flowers Pack 1/Ground Textures/Materials/Groundplants 1_D 1268.mat using Guid(3bbfd9320110b404293aa409259cda7c) Importer(2089858483,b0f066a214c2f5e87bad3c948f4d605d) (ScriptedImporter) -> (artifact id: '18817a3fee8996acb10cd7d43952d4d4') in 0.0431298 seconds
Number of updated asset objects reloaded before import = 0Number of asset objects unloaded after import = 1

========================================================================
Received Import Request.
  Time since last request: 0.000091 seconds.
  path: Assets/Grass And Flowers Pack 1/Ground Textures/Materials/Groundplants 1_D 1266.mat
  artifactKey: Guid(52605363cc0576a4b90799258e601f4b) Importer(2089858483,b0f066a214c2f5e87bad3c948f4d605d)
Start importing Assets/Grass And Flowers Pack 1/Ground Textures/Materials/Groundplants 1_D 1266.mat using Guid(52605363cc0576a4b90799258e601f4b) Importer(2089858483,b0f066a214c2f5e87bad3c948f4d605d) (ScriptedImporter) -> (artifact id: 'c074086aab3f660b222bd6f310b4c4a7') in 0.1029297 seconds
Number of updated asset objects reloaded before import = 0Number of asset objects unloaded after import = 1

========================================================================
Received Import Request.
  Time since last request: 0.000061 seconds.
  path: Assets/Grass And Flowers Pack 1/Ground Textures/Materials/Groundplants 1_D 1017.mat
  artifactKey: Guid(12b5f907bbfb17b48a998205049a297a) Importer(2089858483,b0f066a214c2f5e87bad3c948f4d605d)
Start importing Assets/Grass And Flowers Pack 1/Ground Textures/Materials/Groundplants 1_D 1017.mat using Guid(12b5f907bbfb17b48a998205049a297a) Importer(2089858483,b0f066a214c2f5e87bad3c948f4d605d) (ScriptedImporter) -> (artifact id: '51741b3484274f367a3302aee3e056da') in 0.0537674 seconds
Number of updated asset objects reloaded before import = 0Number of asset objects unloaded after import = 1

========================================================================
Received Import Request.
  Time since last request: 0.000084 seconds.
  path: Assets/Grass And Flowers Pack 1/Ground Textures/Materials/Groundplants 1_D 1280.mat
  artifactKey: Guid(0e522da0e05b05b43976b1f02748178b) Importer(2089858483,b0f066a214c2f5e87bad3c948f4d605d)
Start importing Assets/Grass And Flowers Pack 1/Ground Textures/Materials/Groundplants 1_D 1280.mat using Guid(0e522da0e05b05b43976b1f02748178b) Importer(2089858483,b0f066a214c2f5e87bad3c948f4d605d) (ScriptedImporter) -> (artifact id: '1052ac76806e13933157069c30388b92') in 0.0552729 seconds
Number of updated asset objects reloaded before import = 0Number of asset objects unloaded after import = 1

========================================================================
Received Import Request.
  Time since last request: 0.000065 seconds.
  path: Assets/Grass And Flowers Pack 1/Ground Textures/Materials/Groundplants 1_D 1053.mat
  artifactKey: Guid(06bcbacf33745c540a0187ccd09ea534) Importer(2089858483,b0f066a214c2f5e87bad3c948f4d605d)
Start importing Assets/Grass And Flowers Pack 1/Ground Textures/Materials/Groundplants 1_D 1053.mat using Guid(06bcbacf33745c540a0187ccd09ea534) Importer(2089858483,b0f066a214c2f5e87bad3c948f4d605d) (ScriptedImporter) -> (artifact id: '8d0d3488cf7023c69eed57dc58074d05') in 0.0844025 seconds
Number of updated asset objects reloaded before import = 0Number of asset objects unloaded after import = 1

========================================================================
Received Import Request.
  Time since last request: 0.000075 seconds.
  path: Assets/Grass And Flowers Pack 1/Ground Textures/Materials/Groundplants 1_D 1285.mat
  artifactKey: Guid(d8ae95e55e2070848b0b856217835bca) Importer(2089858483,b0f066a214c2f5e87bad3c948f4d605d)
Start importing Assets/Grass And Flowers Pack 1/Ground Textures/Materials/Groundplants 1_D 1285.mat using Guid(d8ae95e55e2070848b0b856217835bca) Importer(2089858483,b0f066a214c2f5e87bad3c948f4d605d) (ScriptedImporter) -> (artifact id: 'bc5243c015620ff3520ec9a958b326e2') in 0.2482197 seconds
Number of updated asset objects reloaded before import = 0Number of asset objects unloaded after import = 1

========================================================================
Received Import Request.
  Time since last request: 0.000053 seconds.
  path: Assets/Grass And Flowers Pack 1/Ground Textures/Materials/Groundplants 1_D 1233.mat
  artifactKey: Guid(a4e5f414439e00646af13ee7dcd9501a) Importer(2089858483,b0f066a214c2f5e87bad3c948f4d605d)
Start importing Assets/Grass And Flowers Pack 1/Ground Textures/Materials/Groundplants 1_D 1233.mat using Guid(a4e5f414439e00646af13ee7dcd9501a) Importer(2089858483,b0f066a214c2f5e87bad3c948f4d605d) (ScriptedImporter) -> (artifact id: '91b6d4cfbaa0914537bec761e6925322') in 0.1446711 seconds
Number of updated asset objects reloaded before import = 0Number of asset objects unloaded after import = 1

========================================================================
Received Import Request.
  Time since last request: 0.000103 seconds.
  path: Assets/Grass And Flowers Pack 1/Ground Textures/Materials/Groundplants 1_D 1108.mat
  artifactKey: Guid(0bb5e4285586c8640bde968d0ff79f90) Importer(2089858483,b0f066a214c2f5e87bad3c948f4d605d)
Start importing Assets/Grass And Flowers Pack 1/Ground Textures/Materials/Groundplants 1_D 1108.mat using Guid(0bb5e4285586c8640bde968d0ff79f90) Importer(2089858483,b0f066a214c2f5e87bad3c948f4d605d) (ScriptedImporter) -> (artifact id: '8ae939833b38f78a500ba19c71c279e2') in 0.1620124 seconds
Number of updated asset objects reloaded before import = 0Number of asset objects unloaded after import = 1

========================================================================
Received Import Request.
  Time since last request: 0.000070 seconds.
  path: Assets/Grass And Flowers Pack 1/Ground Textures/Materials/Groundplants 1_D 1304.mat
  artifactKey: Guid(b1f9cc35ce047a949a4754a74f6b55bd) Importer(2089858483,b0f066a214c2f5e87bad3c948f4d605d)
Start importing Assets/Grass And Flowers Pack 1/Ground Textures/Materials/Groundplants 1_D 1304.mat using Guid(b1f9cc35ce047a949a4754a74f6b55bd) Importer(2089858483,b0f066a214c2f5e87bad3c948f4d605d) (ScriptedImporter) -> (artifact id: 'af24dc5bbe8e5010308f979f436d8231') in 0.1056396 seconds
Number of updated asset objects reloaded before import = 0Number of asset objects unloaded after import = 1

========================================================================
Received Import Request.
  Time since last request: 0.000069 seconds.
  path: Assets/Grass And Flowers Pack 1/Ground Textures/Materials/Groundplants 1_D 1299.mat
  artifactKey: Guid(58982a060eff415478d3d4aefc348082) Importer(2089858483,b0f066a214c2f5e87bad3c948f4d605d)
Start importing Assets/Grass And Flowers Pack 1/Ground Textures/Materials/Groundplants 1_D 1299.mat using Guid(58982a060eff415478d3d4aefc348082) Importer(2089858483,b0f066a214c2f5e87bad3c948f4d605d) (ScriptedImporter) -> (artifact id: '1b77e2eb8b1246a8572eb32440d26c51') in 0.0704911 seconds
Number of updated asset objects reloaded before import = 0Number of asset objects unloaded after import = 1

========================================================================
Received Import Request.
  Time since last request: 0.000056 seconds.
  path: Assets/Grass And Flowers Pack 1/Ground Textures/Materials/Groundplants 1_D 1313.mat
  artifactKey: Guid(27a661c8d90739748879c17251612975) Importer(2089858483,b0f066a214c2f5e87bad3c948f4d605d)
Start importing Assets/Grass And Flowers Pack 1/Ground Textures/Materials/Groundplants 1_D 1313.mat using Guid(27a661c8d90739748879c17251612975) Importer(2089858483,b0f066a214c2f5e87bad3c948f4d605d) (ScriptedImporter) -> (artifact id: '4a4663d2b97f55097a27cd69d0346803') in 0.176178 seconds
Number of updated asset objects reloaded before import = 0Number of asset objects unloaded after import = 1

========================================================================
Received Import Request.
  Time since last request: 0.000187 seconds.
  path: Assets/Grass And Flowers Pack 1/Ground Textures/Materials/Groundplants 1_D 1157.mat
  artifactKey: Guid(c73c59c855c70124cb7345a4c1f318d1) Importer(2089858483,b0f066a214c2f5e87bad3c948f4d605d)
Start importing Assets/Grass And Flowers Pack 1/Ground Textures/Materials/Groundplants 1_D 1157.mat using Guid(c73c59c855c70124cb7345a4c1f318d1) Importer(2089858483,b0f066a214c2f5e87bad3c948f4d605d) (ScriptedImporter) -> (artifact id: 'df7539b6d06713187618e2818a6aa522') in 0.0761633 seconds
Number of updated asset objects reloaded before import = 0Number of asset objects unloaded after import = 1

========================================================================
Received Import Request.
  Time since last request: 0.000052 seconds.
  path: Assets/Grass And Flowers Pack 1/Ground Textures/Materials/Groundplants 1_D 1326.mat
  artifactKey: Guid(e2407f8f4ecc99d47998e8284c0e8f4f) Importer(2089858483,b0f066a214c2f5e87bad3c948f4d605d)
Start importing Assets/Grass And Flowers Pack 1/Ground Textures/Materials/Groundplants 1_D 1326.mat using Guid(e2407f8f4ecc99d47998e8284c0e8f4f) Importer(2089858483,b0f066a214c2f5e87bad3c948f4d605d) (ScriptedImporter) -> (artifact id: '39fda8edfa308e186130dedade4c0ab7') in 0.0791598 seconds
Number of updated asset objects reloaded before import = 0Number of asset objects unloaded after import = 1

========================================================================
Received Import Request.
  Time since last request: 0.000078 seconds.
  path: Assets/Grass And Flowers Pack 1/Ground Textures/Materials/Groundplants 1_D 1172.mat
  artifactKey: Guid(3b56eca1b0fbf93428464c791687788e) Importer(2089858483,b0f066a214c2f5e87bad3c948f4d605d)
Start importing Assets/Grass And Flowers Pack 1/Ground Textures/Materials/Groundplants 1_D 1172.mat using Guid(3b56eca1b0fbf93428464c791687788e) Importer(2089858483,b0f066a214c2f5e87bad3c948f4d605d) (ScriptedImporter) -> (artifact id: '88fd2066bc9934b5a769679110a18786') in 0.0824089 seconds
Number of updated asset objects reloaded before import = 0Number of asset objects unloaded after import = 1

========================================================================
Received Import Request.
  Time since last request: 0.000061 seconds.
  path: Assets/Grass And Flowers Pack 1/Ground Textures/Materials/Groundplants 1_D 1331.mat
  artifactKey: Guid(7a0d3616dea0cae41b06ee349da5e2c6) Importer(2089858483,b0f066a214c2f5e87bad3c948f4d605d)
Start importing Assets/Grass And Flowers Pack 1/Ground Textures/Materials/Groundplants 1_D 1331.mat using Guid(7a0d3616dea0cae41b06ee349da5e2c6) Importer(2089858483,b0f066a214c2f5e87bad3c948f4d605d) (ScriptedImporter) -> (artifact id: '92968b96085b31823eb49ea7a182aea8') in 0.1200924 seconds
Number of updated asset objects reloaded before import = 0Number of asset objects unloaded after import = 1

========================================================================
Received Import Request.
  Time since last request: 0.000933 seconds.
  path: Assets/Grass And Flowers Pack 1/Ground Textures/Materials/Groundplants 1_D 1332.mat
  artifactKey: Guid(304f2b8c20a85ad43842e1fb9d970bf6) Importer(2089858483,b0f066a214c2f5e87bad3c948f4d605d)
Start importing Assets/Grass And Flowers Pack 1/Ground Textures/Materials/Groundplants 1_D 1332.mat using Guid(304f2b8c20a85ad43842e1fb9d970bf6) Importer(2089858483,b0f066a214c2f5e87bad3c948f4d605d) (ScriptedImporter) -> (artifact id: 'f1fe649926742b051c56e599e7ccce16') in 0.0561116 seconds
Number of updated asset objects reloaded before import = 0Number of asset objects unloaded after import = 1

========================================================================
Received Import Request.
  Time since last request: 0.000063 seconds.
  path: Assets/Grass And Flowers Pack 1/Ground Textures/Materials/Groundplants 1_D 1339.mat
  artifactKey: Guid(50bbcf28d3264df4aae32ca39641067d) Importer(2089858483,b0f066a214c2f5e87bad3c948f4d605d)
Start importing Assets/Grass And Flowers Pack 1/Ground Textures/Materials/Groundplants 1_D 1339.mat using Guid(50bbcf28d3264df4aae32ca39641067d) Importer(2089858483,b0f066a214c2f5e87bad3c948f4d605d) (ScriptedImporter) -> (artifact id: '43cac021964120657f9fb0344b88c7b3') in 0.21023 seconds
Number of updated asset objects reloaded before import = 0Number of asset objects unloaded after import = 1

========================================================================
Received Import Request.
  Time since last request: 0.000091 seconds.
  path: Assets/Grass And Flowers Pack 1/Ground Textures/Materials/Groundplants 1_D 1346.mat
  artifactKey: Guid(d06b72c4996dbd24e8e54cba17767843) Importer(2089858483,b0f066a214c2f5e87bad3c948f4d605d)
Start importing Assets/Grass And Flowers Pack 1/Ground Textures/Materials/Groundplants 1_D 1346.mat using Guid(d06b72c4996dbd24e8e54cba17767843) Importer(2089858483,b0f066a214c2f5e87bad3c948f4d605d) (ScriptedImporter) -> (artifact id: 'fa911ba176b1919fa09dcdeb022797c8') in 0.0949087 seconds
Number of updated asset objects reloaded before import = 0Number of asset objects unloaded after import = 1

========================================================================
Received Import Request.
  Time since last request: 0.000067 seconds.
  path: Assets/Grass And Flowers Pack 1/Ground Textures/Materials/Groundplants 1_D 1058.mat
  artifactKey: Guid(313ebef46c0144f49b96cd462a2d9ff2) Importer(2089858483,b0f066a214c2f5e87bad3c948f4d605d)
Start importing Assets/Grass And Flowers Pack 1/Ground Textures/Materials/Groundplants 1_D 1058.mat using Guid(313ebef46c0144f49b96cd462a2d9ff2) Importer(2089858483,b0f066a214c2f5e87bad3c948f4d605d) (ScriptedImporter) -> (artifact id: 'c35dd6f1a35dc036c2f889c310aa981e') in 0.351681 seconds
Number of updated asset objects reloaded before import = 0Number of asset objects unloaded after import = 1

========================================================================
Received Import Request.
  Time since last request: 0.000093 seconds.
  path: Assets/Grass And Flowers Pack 1/Ground Textures/Materials/Groundplants 1_D 1359.mat
  artifactKey: Guid(5d372364b260df24f96b023e26f2e99d) Importer(2089858483,b0f066a214c2f5e87bad3c948f4d605d)
Start importing Assets/Grass And Flowers Pack 1/Ground Textures/Materials/Groundplants 1_D 1359.mat using Guid(5d372364b260df24f96b023e26f2e99d) Importer(2089858483,b0f066a214c2f5e87bad3c948f4d605d) (ScriptedImporter) -> (artifact id: '83d146061d7dcdd31939f58833879b08') in 0.0465276 seconds
Number of updated asset objects reloaded before import = 0Number of asset objects unloaded after import = 1

========================================================================
Received Import Request.
  Time since last request: 0.000114 seconds.
  path: Assets/Grass And Flowers Pack 1/Ground Textures/Materials/Groundplants 1_D 1365.mat
  artifactKey: Guid(d3ce70cfabbf81747ba41d6a1999088c) Importer(2089858483,b0f066a214c2f5e87bad3c948f4d605d)
Start importing Assets/Grass And Flowers Pack 1/Ground Textures/Materials/Groundplants 1_D 1365.mat using Guid(d3ce70cfabbf81747ba41d6a1999088c) Importer(2089858483,b0f066a214c2f5e87bad3c948f4d605d) (ScriptedImporter) -> (artifact id: 'ad1818d6ec9a17bc02a0e9153ec21138') in 0.1918452 seconds
Number of updated asset objects reloaded before import = 0Number of asset objects unloaded after import = 1

========================================================================
Received Import Request.
  Time since last request: 0.000344 seconds.
  path: Assets/Grass And Flowers Pack 1/Ground Textures/Materials/Groundplants 1_D 1369.mat
  artifactKey: Guid(8b62ef6646bbe78448b3dc328b712670) Importer(2089858483,b0f066a214c2f5e87bad3c948f4d605d)
Start importing Assets/Grass And Flowers Pack 1/Ground Textures/Materials/Groundplants 1_D 1369.mat using Guid(8b62ef6646bbe78448b3dc328b712670) Importer(2089858483,b0f066a214c2f5e87bad3c948f4d605d) (ScriptedImporter) -> (artifact id: 'e49487f114c105dc0331d07fde726482') in 0.0539711 seconds
Number of updated asset objects reloaded before import = 0Number of asset objects unloaded after import = 1

========================================================================
Received Import Request.
  Time since last request: 0.000082 seconds.
  path: Assets/Grass And Flowers Pack 1/Ground Textures/Materials/Groundplants 1_D 1367.mat
  artifactKey: Guid(7a4723df8a3ef0947b1f55c4ea05eb8d) Importer(2089858483,b0f066a214c2f5e87bad3c948f4d605d)
Start importing Assets/Grass And Flowers Pack 1/Ground Textures/Materials/Groundplants 1_D 1367.mat using Guid(7a4723df8a3ef0947b1f55c4ea05eb8d) Importer(2089858483,b0f066a214c2f5e87bad3c948f4d605d) (ScriptedImporter) -> (artifact id: '1c4c7eaeb8acbfd715edb3ddfe9c7ff1') in 0.178862 seconds
Number of updated asset objects reloaded before import = 0Number of asset objects unloaded after import = 1

========================================================================
Received Import Request.
  Time since last request: 0.000086 seconds.
  path: Assets/Grass And Flowers Pack 1/Ground Textures/Materials/Groundplants 1_D 1380.mat
  artifactKey: Guid(777dc540ed61e3641aaa9e0b61712d93) Importer(2089858483,b0f066a214c2f5e87bad3c948f4d605d)
Start importing Assets/Grass And Flowers Pack 1/Ground Textures/Materials/Groundplants 1_D 1380.mat using Guid(777dc540ed61e3641aaa9e0b61712d93) Importer(2089858483,b0f066a214c2f5e87bad3c948f4d605d) (ScriptedImporter) -> (artifact id: 'cb8c170fa1d1bc794d03daf7e6a968e7') in 0.1683169 seconds
Number of updated asset objects reloaded before import = 0Number of asset objects unloaded after import = 1

========================================================================
Received Import Request.
  Time since last request: 0.000051 seconds.
  path: Assets/Grass And Flowers Pack 1/Ground Textures/Materials/Groundplants 1_D 1383.mat
  artifactKey: Guid(0feb92ab59b66754bb185200903d06f0) Importer(2089858483,b0f066a214c2f5e87bad3c948f4d605d)
Start importing Assets/Grass And Flowers Pack 1/Ground Textures/Materials/Groundplants 1_D 1383.mat using Guid(0feb92ab59b66754bb185200903d06f0) Importer(2089858483,b0f066a214c2f5e87bad3c948f4d605d) (ScriptedImporter) -> (artifact id: 'bdf83c53b9222b2ef290d9c38a3f6d1f') in 0.1191835 seconds
Number of updated asset objects reloaded before import = 0Number of asset objects unloaded after import = 1

========================================================================
Received Import Request.
  Time since last request: 0.000070 seconds.
  path: Assets/Grass And Flowers Pack 1/Ground Textures/Materials/Groundplants 1_D 1077.mat
  artifactKey: Guid(634f0473190cc64478c48e59debf9ac3) Importer(2089858483,b0f066a214c2f5e87bad3c948f4d605d)
Start importing Assets/Grass And Flowers Pack 1/Ground Textures/Materials/Groundplants 1_D 1077.mat using Guid(634f0473190cc64478c48e59debf9ac3) Importer(2089858483,b0f066a214c2f5e87bad3c948f4d605d) (ScriptedImporter) -> (artifact id: 'bd18c5159f2c98404ff466043e24d4d3') in 0.0443587 seconds
Number of updated asset objects reloaded before import = 0Number of asset objects unloaded after import = 1

========================================================================
Received Import Request.
  Time since last request: 0.000047 seconds.
  path: Assets/Grass And Flowers Pack 1/Ground Textures/Materials/Groundplants 1_D 1390.mat
  artifactKey: Guid(79024515435dca348946ab25d4bb581c) Importer(2089858483,b0f066a214c2f5e87bad3c948f4d605d)
Start importing Assets/Grass And Flowers Pack 1/Ground Textures/Materials/Groundplants 1_D 1390.mat using Guid(79024515435dca348946ab25d4bb581c) Importer(2089858483,b0f066a214c2f5e87bad3c948f4d605d) (ScriptedImporter) -> (artifact id: '98b29415382bfb3dec65ac41e8e5290e') in 0.0520997 seconds
Number of updated asset objects reloaded before import = 0Number of asset objects unloaded after import = 1

========================================================================
Received Import Request.
  Time since last request: 0.000059 seconds.
  path: Assets/Grass And Flowers Pack 1/Ground Textures/Materials/Groundplants 1_D 1393.mat
  artifactKey: Guid(bf661230506113b4eb2cd752291f031c) Importer(2089858483,b0f066a214c2f5e87bad3c948f4d605d)
Start importing Assets/Grass And Flowers Pack 1/Ground Textures/Materials/Groundplants 1_D 1393.mat using Guid(bf661230506113b4eb2cd752291f031c) Importer(2089858483,b0f066a214c2f5e87bad3c948f4d605d) (ScriptedImporter) -> (artifact id: '5d5928e373082941acc5ed21c31e9d11') in 0.0692088 seconds
Number of updated asset objects reloaded before import = 0Number of asset objects unloaded after import = 1

========================================================================
Received Import Request.
  Time since last request: 0.000105 seconds.
  path: Assets/Grass And Flowers Pack 1/Ground Textures/Materials/Groundplants 1_D 1385.mat
  artifactKey: Guid(e03fd32c8d9918c42afc1eb2f23e82b4) Importer(2089858483,b0f066a214c2f5e87bad3c948f4d605d)
Start importing Assets/Grass And Flowers Pack 1/Ground Textures/Materials/Groundplants 1_D 1385.mat using Guid(e03fd32c8d9918c42afc1eb2f23e82b4) Importer(2089858483,b0f066a214c2f5e87bad3c948f4d605d) (ScriptedImporter) -> (artifact id: '196a738a2bc3ac60436a8bbf6abdfc60') in 0.0933839 seconds
Number of updated asset objects reloaded before import = 0Number of asset objects unloaded after import = 1

========================================================================
Received Import Request.
  Time since last request: 0.000072 seconds.
  path: Assets/Grass And Flowers Pack 1/Ground Textures/Materials/Groundplants 1_D 1411.mat
  artifactKey: Guid(272e87e3f0792d44e9080bf656b02272) Importer(2089858483,b0f066a214c2f5e87bad3c948f4d605d)
Start importing Assets/Grass And Flowers Pack 1/Ground Textures/Materials/Groundplants 1_D 1411.mat using Guid(272e87e3f0792d44e9080bf656b02272) Importer(2089858483,b0f066a214c2f5e87bad3c948f4d605d) (ScriptedImporter) -> (artifact id: 'd69492d99cbf331084bfe93d04349d4d') in 0.2443117 seconds
Number of updated asset objects reloaded before import = 0Number of asset objects unloaded after import = 1

========================================================================
Received Import Request.
  Time since last request: 0.000082 seconds.
  path: Assets/Grass And Flowers Pack 1/Ground Textures/Materials/Groundplants 1_D 1404.mat
  artifactKey: Guid(2d119b4af8ebc7c41874f70720070932) Importer(2089858483,b0f066a214c2f5e87bad3c948f4d605d)
Start importing Assets/Grass And Flowers Pack 1/Ground Textures/Materials/Groundplants 1_D 1404.mat using Guid(2d119b4af8ebc7c41874f70720070932) Importer(2089858483,b0f066a214c2f5e87bad3c948f4d605d) (ScriptedImporter) -> (artifact id: '7dc21207d61fa33ac7f8060fa02d603c') in 0.2227528 seconds
Number of updated asset objects reloaded before import = 0Number of asset objects unloaded after import = 1

========================================================================
Received Import Request.
  Time since last request: 0.000051 seconds.
  path: Assets/Grass And Flowers Pack 1/Ground Textures/Materials/Groundplants 1_D 1402.mat
  artifactKey: Guid(eb4f0f9e7c13c1545900aa3fc5a023a7) Importer(2089858483,b0f066a214c2f5e87bad3c948f4d605d)
Start importing Assets/Grass And Flowers Pack 1/Ground Textures/Materials/Groundplants 1_D 1402.mat using Guid(eb4f0f9e7c13c1545900aa3fc5a023a7) Importer(2089858483,b0f066a214c2f5e87bad3c948f4d605d) (ScriptedImporter) -> (artifact id: 'a009f246ed968d7b5ca53cbf963dde27') in 0.0930761 seconds
Number of updated asset objects reloaded before import = 0Number of asset objects unloaded after import = 1

========================================================================
Received Import Request.
  Time since last request: 0.000107 seconds.
  path: Assets/Grass And Flowers Pack 1/Ground Textures/Materials/Groundplants 1_D 1420.mat
  artifactKey: Guid(09ba7c0528d3cfa4680349fd98362a79) Importer(2089858483,b0f066a214c2f5e87bad3c948f4d605d)
Start importing Assets/Grass And Flowers Pack 1/Ground Textures/Materials/Groundplants 1_D 1420.mat using Guid(09ba7c0528d3cfa4680349fd98362a79) Importer(2089858483,b0f066a214c2f5e87bad3c948f4d605d) (ScriptedImporter) -> (artifact id: '4d7419e35d38ce531e3755a281630f95') in 0.0965827 seconds
Number of updated asset objects reloaded before import = 0Number of asset objects unloaded after import = 1

========================================================================
Received Import Request.
  Time since last request: 0.000076 seconds.
  path: Assets/Grass And Flowers Pack 1/Ground Textures/Materials/Groundplants 1_D 1423.mat
  artifactKey: Guid(4c2e4ab4566a8974daa7f82f7f034cbb) Importer(2089858483,b0f066a214c2f5e87bad3c948f4d605d)
Start importing Assets/Grass And Flowers Pack 1/Ground Textures/Materials/Groundplants 1_D 1423.mat using Guid(4c2e4ab4566a8974daa7f82f7f034cbb) Importer(2089858483,b0f066a214c2f5e87bad3c948f4d605d) (ScriptedImporter) -> (artifact id: '0ddac787311d5228c4e694dc703a9274') in 0.1021415 seconds
Number of updated asset objects reloaded before import = 0Number of asset objects unloaded after import = 1

========================================================================
Received Import Request.
  Time since last request: 0.000271 seconds.
  path: Assets/Grass And Flowers Pack 1/Ground Textures/Materials/Groundplants 1_D 1433.mat
  artifactKey: Guid(f68446313de6345479c4355d4c534409) Importer(2089858483,b0f066a214c2f5e87bad3c948f4d605d)
Start importing Assets/Grass And Flowers Pack 1/Ground Textures/Materials/Groundplants 1_D 1433.mat using Guid(f68446313de6345479c4355d4c534409) Importer(2089858483,b0f066a214c2f5e87bad3c948f4d605d) (ScriptedImporter) -> (artifact id: 'fd4c518d4c5099eadcedca5d7f96e9ed') in 0.0922458 seconds
Number of updated asset objects reloaded before import = 0Number of asset objects unloaded after import = 1

========================================================================
Received Import Request.
  Time since last request: 0.000060 seconds.
  path: Assets/Grass And Flowers Pack 1/Ground Textures/Materials/Groundplants 1_D 1307.mat
  artifactKey: Guid(9be55bbd02105d247b08074c258ca7c0) Importer(2089858483,b0f066a214c2f5e87bad3c948f4d605d)
Start importing Assets/Grass And Flowers Pack 1/Ground Textures/Materials/Groundplants 1_D 1307.mat using Guid(9be55bbd02105d247b08074c258ca7c0) Importer(2089858483,b0f066a214c2f5e87bad3c948f4d605d) (ScriptedImporter) -> (artifact id: 'fdfab8f5f87b360bad033f849ff2540c') in 0.1026997 seconds
Number of updated asset objects reloaded before import = 0Number of asset objects unloaded after import = 1

========================================================================
Received Import Request.
  Time since last request: 0.000071 seconds.
  path: Assets/Grass And Flowers Pack 1/Ground Textures/Materials/Groundplants 1_D 1445.mat
  artifactKey: Guid(816723dc20bfc994b906b2f9a66ebfc9) Importer(2089858483,b0f066a214c2f5e87bad3c948f4d605d)
Start importing Assets/Grass And Flowers Pack 1/Ground Textures/Materials/Groundplants 1_D 1445.mat using Guid(816723dc20bfc994b906b2f9a66ebfc9) Importer(2089858483,b0f066a214c2f5e87bad3c948f4d605d) (ScriptedImporter) -> (artifact id: '6fc3d7df0c09a33737093f341ecbe736') in 0.0532401 seconds
Number of updated asset objects reloaded before import = 0Number of asset objects unloaded after import = 1

========================================================================
Received Import Request.
  Time since last request: 0.000049 seconds.
  path: Assets/Grass And Flowers Pack 1/Ground Textures/Materials/Groundplants 1_D 1439.mat
  artifactKey: Guid(52d4757687cf91c40817fe549a4ebf1f) Importer(2089858483,b0f066a214c2f5e87bad3c948f4d605d)
Start importing Assets/Grass And Flowers Pack 1/Ground Textures/Materials/Groundplants 1_D 1439.mat using Guid(52d4757687cf91c40817fe549a4ebf1f) Importer(2089858483,b0f066a214c2f5e87bad3c948f4d605d) (ScriptedImporter) -> (artifact id: '56ea59790d6762af125be6e582392b30') in 0.0568125 seconds
Number of updated asset objects reloaded before import = 0Number of asset objects unloaded after import = 1

========================================================================
Received Import Request.
  Time since last request: 0.000063 seconds.
  path: Assets/Grass And Flowers Pack 1/Ground Textures/Materials/Groundplants 1_D 1452.mat
  artifactKey: Guid(6eb9e1e9856a5284dac7182136f2bb5e) Importer(2089858483,b0f066a214c2f5e87bad3c948f4d605d)
Start importing Assets/Grass And Flowers Pack 1/Ground Textures/Materials/Groundplants 1_D 1452.mat using Guid(6eb9e1e9856a5284dac7182136f2bb5e) Importer(2089858483,b0f066a214c2f5e87bad3c948f4d605d) (ScriptedImporter) -> (artifact id: 'e53ed06de987167d2cee72b8dbaac8eb') in 0.1860693 seconds
Number of updated asset objects reloaded before import = 0Number of asset objects unloaded after import = 1

========================================================================
Received Import Request.
  Time since last request: 0.000106 seconds.
  path: Assets/Grass And Flowers Pack 1/Ground Textures/Materials/Groundplants 1_D 1451.mat
  artifactKey: Guid(ef03d1cc50c905e42bb3d1531a371489) Importer(2089858483,b0f066a214c2f5e87bad3c948f4d605d)
Start importing Assets/Grass And Flowers Pack 1/Ground Textures/Materials/Groundplants 1_D 1451.mat using Guid(ef03d1cc50c905e42bb3d1531a371489) Importer(2089858483,b0f066a214c2f5e87bad3c948f4d605d) (ScriptedImporter) -> (artifact id: 'b7b47dd2b3f099dc7b6769ec761e613b') in 0.052863 seconds
Number of updated asset objects reloaded before import = 0Number of asset objects unloaded after import = 1

========================================================================
Received Import Request.
  Time since last request: 0.000076 seconds.
  path: Assets/Grass And Flowers Pack 1/Ground Textures/Materials/Groundplants 1_D 1464.mat
  artifactKey: Guid(d26198b67d2f95644814d89811e0f99a) Importer(2089858483,b0f066a214c2f5e87bad3c948f4d605d)
Start importing Assets/Grass And Flowers Pack 1/Ground Textures/Materials/Groundplants 1_D 1464.mat using Guid(d26198b67d2f95644814d89811e0f99a) Importer(2089858483,b0f066a214c2f5e87bad3c948f4d605d) (ScriptedImporter) -> (artifact id: '5b854ec9078498a520896cb4d75c1d08') in 0.0655915 seconds
Number of updated asset objects reloaded before import = 0Number of asset objects unloaded after import = 1

========================================================================
Received Import Request.
  Time since last request: 0.000081 seconds.
  path: Assets/Grass And Flowers Pack 1/Ground Textures/Materials/Groundplants 1_D 1465.mat
  artifactKey: Guid(c10568befa5ebe745a6dc53d7085d63a) Importer(2089858483,b0f066a214c2f5e87bad3c948f4d605d)
Start importing Assets/Grass And Flowers Pack 1/Ground Textures/Materials/Groundplants 1_D 1465.mat using Guid(c10568befa5ebe745a6dc53d7085d63a) Importer(2089858483,b0f066a214c2f5e87bad3c948f4d605d) (ScriptedImporter) -> (artifact id: '5f4c22e79fd6bd8d97920ff6425ddfb8') in 0.0788446 seconds
Number of updated asset objects reloaded before import = 0Number of asset objects unloaded after import = 1

========================================================================
Received Import Request.
  Time since last request: 0.000076 seconds.
  path: Assets/Grass And Flowers Pack 1/Ground Textures/Materials/Groundplants 1_D 1474.mat
  artifactKey: Guid(4410af32efde0fc45bdad2a5ff4e3d6b) Importer(2089858483,b0f066a214c2f5e87bad3c948f4d605d)
Start importing Assets/Grass And Flowers Pack 1/Ground Textures/Materials/Groundplants 1_D 1474.mat using Guid(4410af32efde0fc45bdad2a5ff4e3d6b) Importer(2089858483,b0f066a214c2f5e87bad3c948f4d605d) (ScriptedImporter) -> (artifact id: 'b191887277fb82248d68d84b9aeee721') in 0.1982595 seconds
Number of updated asset objects reloaded before import = 0Number of asset objects unloaded after import = 1

========================================================================
Received Import Request.
  Time since last request: 0.000076 seconds.
  path: Assets/Grass And Flowers Pack 1/Ground Textures/Materials/Groundplants 1_D 1158.mat
  artifactKey: Guid(c094a626b6dbb56469c1bc7c9447c775) Importer(2089858483,b0f066a214c2f5e87bad3c948f4d605d)
Start importing Assets/Grass And Flowers Pack 1/Ground Textures/Materials/Groundplants 1_D 1158.mat using Guid(c094a626b6dbb56469c1bc7c9447c775) Importer(2089858483,b0f066a214c2f5e87bad3c948f4d605d) (ScriptedImporter) -> (artifact id: '5536fd16c4032e5d260ca87d3503d99c') in 0.1201384 seconds
Number of updated asset objects reloaded before import = 0Number of asset objects unloaded after import = 1

========================================================================
Received Import Request.
  Time since last request: 0.000063 seconds.
  path: Assets/Grass And Flowers Pack 1/Ground Textures/Materials/Groundplants 1_D 1476.mat
  artifactKey: Guid(41de1c2c28cd962419f94d59683a523d) Importer(2089858483,b0f066a214c2f5e87bad3c948f4d605d)
Start importing Assets/Grass And Flowers Pack 1/Ground Textures/Materials/Groundplants 1_D 1476.mat using Guid(41de1c2c28cd962419f94d59683a523d) Importer(2089858483,b0f066a214c2f5e87bad3c948f4d605d) (ScriptedImporter) -> (artifact id: '0a88cdb029846046685d02dc8ae04505') in 0.12064 seconds
Number of updated asset objects reloaded before import = 0Number of asset objects unloaded after import = 1

========================================================================
Received Import Request.
  Time since last request: 0.000060 seconds.
  path: Assets/Grass And Flowers Pack 1/Ground Textures/Materials/Groundplants 1_D 1479.mat
  artifactKey: Guid(980f86a1d13627e4baf0d04e8cc9bdc5) Importer(2089858483,b0f066a214c2f5e87bad3c948f4d605d)
Start importing Assets/Grass And Flowers Pack 1/Ground Textures/Materials/Groundplants 1_D 1479.mat using Guid(980f86a1d13627e4baf0d04e8cc9bdc5) Importer(2089858483,b0f066a214c2f5e87bad3c948f4d605d) (ScriptedImporter) -> (artifact id: 'e87ddcfd706de245c24e238f64d12140') in 0.1393843 seconds
Number of updated asset objects reloaded before import = 0Number of asset objects unloaded after import = 1

========================================================================
Received Import Request.
  Time since last request: 0.000056 seconds.
  path: Assets/Grass And Flowers Pack 1/Ground Textures/Materials/Groundplants 1_D 1046.mat
  artifactKey: Guid(68f023bf033eb33478b9b48be7c99c47) Importer(2089858483,b0f066a214c2f5e87bad3c948f4d605d)
Start importing Assets/Grass And Flowers Pack 1/Ground Textures/Materials/Groundplants 1_D 1046.mat using Guid(68f023bf033eb33478b9b48be7c99c47) Importer(2089858483,b0f066a214c2f5e87bad3c948f4d605d) (ScriptedImporter) -> (artifact id: 'cd7b60f261007067c04e7c6814f7f131') in 0.8865595 seconds
Number of updated asset objects reloaded before import = 0Number of asset objects unloaded after import = 1

========================================================================
Received Import Request.
  Time since last request: 0.000097 seconds.
  path: Assets/Grass And Flowers Pack 1/Ground Textures/Materials/Groundplants 1_D 1323.mat
  artifactKey: Guid(12e0c99282cdb7440b0977f020c8680c) Importer(2089858483,b0f066a214c2f5e87bad3c948f4d605d)
Start importing Assets/Grass And Flowers Pack 1/Ground Textures/Materials/Groundplants 1_D 1323.mat using Guid(12e0c99282cdb7440b0977f020c8680c) Importer(2089858483,b0f066a214c2f5e87bad3c948f4d605d) (ScriptedImporter) -> (artifact id: '9c2f0f83df324459a05f39930769c721') in 0.3004202 seconds
Number of updated asset objects reloaded before import = 0Number of asset objects unloaded after import = 1

========================================================================
Received Import Request.
  Time since last request: 0.000077 seconds.
  path: Assets/Grass And Flowers Pack 1/Ground Textures/Materials/Groundplants 1_D 1214.mat
  artifactKey: Guid(e1ca2f78d8bb6124eaf712f036ca02a7) Importer(2089858483,b0f066a214c2f5e87bad3c948f4d605d)
Start importing Assets/Grass And Flowers Pack 1/Ground Textures/Materials/Groundplants 1_D 1214.mat using Guid(e1ca2f78d8bb6124eaf712f036ca02a7) Importer(2089858483,b0f066a214c2f5e87bad3c948f4d605d) (ScriptedImporter) -> (artifact id: '952f059ab5df5d3134dfa89a619fee9e') in 0.3134092 seconds
Number of updated asset objects reloaded before import = 0Number of asset objects unloaded after import = 1

========================================================================
Received Import Request.
  Time since last request: 0.000082 seconds.
  path: Assets/Grass And Flowers Pack 1/Ground Textures/Materials/Groundplants 1_D 1407.mat
  artifactKey: Guid(4ecd98d36aef6d14181338d9c7c87280) Importer(2089858483,b0f066a214c2f5e87bad3c948f4d605d)
Start importing Assets/Grass And Flowers Pack 1/Ground Textures/Materials/Groundplants 1_D 1407.mat using Guid(4ecd98d36aef6d14181338d9c7c87280) Importer(2089858483,b0f066a214c2f5e87bad3c948f4d605d) (ScriptedImporter) -> (artifact id: '4c647e2267e3c06431d681cdd9aa569c') in 0.0590629 seconds
Number of updated asset objects reloaded before import = 0Number of asset objects unloaded after import = 1

========================================================================
Received Import Request.
  Time since last request: 0.000052 seconds.
  path: Assets/Grass And Flowers Pack 1/Ground Textures/Materials/Groundplants 1_D 1459.mat
  artifactKey: Guid(8853c053fe4ce8d4ebe6a3183b8978aa) Importer(2089858483,b0f066a214c2f5e87bad3c948f4d605d)
Start importing Assets/Grass And Flowers Pack 1/Ground Textures/Materials/Groundplants 1_D 1459.mat using Guid(8853c053fe4ce8d4ebe6a3183b8978aa) Importer(2089858483,b0f066a214c2f5e87bad3c948f4d605d) (ScriptedImporter) -> (artifact id: '5ce567f1fe9c915f98c372c16f0fa7e8') in 0.0545796 seconds
Number of updated asset objects reloaded before import = 0Number of asset objects unloaded after import = 1

========================================================================
Received Import Request.
  Time since last request: 0.000079 seconds.
  path: Assets/Grass And Flowers Pack 1/Ground Textures/Materials/Groundplants 1_D 1114.mat
  artifactKey: Guid(ff861b2efe45a804fa4f3d2d1a39c0c5) Importer(2089858483,b0f066a214c2f5e87bad3c948f4d605d)
Start importing Assets/Grass And Flowers Pack 1/Ground Textures/Materials/Groundplants 1_D 1114.mat using Guid(ff861b2efe45a804fa4f3d2d1a39c0c5) Importer(2089858483,b0f066a214c2f5e87bad3c948f4d605d) (ScriptedImporter) -> (artifact id: '1816e0663d11f46ffde4b57e82165e01') in 0.1344057 seconds
Number of updated asset objects reloaded before import = 0Number of asset objects unloaded after import = 1

========================================================================
Received Import Request.
  Time since last request: 0.000056 seconds.
  path: Assets/Grass And Flowers Pack 1/Ground Textures/Materials/Groundplants 1_D 1232.mat
  artifactKey: Guid(d1515a5155e0b3046b01c80019364a3b) Importer(2089858483,b0f066a214c2f5e87bad3c948f4d605d)
Start importing Assets/Grass And Flowers Pack 1/Ground Textures/Materials/Groundplants 1_D 1232.mat using Guid(d1515a5155e0b3046b01c80019364a3b) Importer(2089858483,b0f066a214c2f5e87bad3c948f4d605d) (ScriptedImporter) -> (artifact id: '471a5ae22b08f2020dac9c2d12b9fcc7') in 0.1090795 seconds
Number of updated asset objects reloaded before import = 0Number of asset objects unloaded after import = 1

========================================================================
Received Import Request.
  Time since last request: 0.000071 seconds.
  path: Assets/Grass And Flowers Pack 1/Ground Textures/Materials/Groundplants 1_D 1135.mat
  artifactKey: Guid(2ded40de989f8db459fe31f94b24d197) Importer(2089858483,b0f066a214c2f5e87bad3c948f4d605d)
Start importing Assets/Grass And Flowers Pack 1/Ground Textures/Materials/Groundplants 1_D 1135.mat using Guid(2ded40de989f8db459fe31f94b24d197) Importer(2089858483,b0f066a214c2f5e87bad3c948f4d605d) (ScriptedImporter) -> (artifact id: 'cc195d22a760f331ead2a9ba562413c2') in 0.0483252 seconds
Number of updated asset objects reloaded before import = 0Number of asset objects unloaded after import = 1

========================================================================
Received Import Request.
  Time since last request: 0.000058 seconds.
  path: Assets/Grass And Flowers Pack 1/Ground Textures/Materials/Groundplants 1_D 1101.mat
  artifactKey: Guid(f8628150845c15f4681082396e00277a) Importer(2089858483,b0f066a214c2f5e87bad3c948f4d605d)
Start importing Assets/Grass And Flowers Pack 1/Ground Textures/Materials/Groundplants 1_D 1101.mat using Guid(f8628150845c15f4681082396e00277a) Importer(2089858483,b0f066a214c2f5e87bad3c948f4d605d) (ScriptedImporter) -> (artifact id: '48922abf3e4982a56d8a259dd6857eaf') in 0.1732492 seconds
Number of updated asset objects reloaded before import = 0Number of asset objects unloaded after import = 1

========================================================================
Received Import Request.
  Time since last request: 0.000100 seconds.
  path: Assets/Grass And Flowers Pack 1/Ground Textures/Materials/Groundplants 1_D 1224.mat
  artifactKey: Guid(909f0f37ea5565241ac06782dcde16c3) Importer(2089858483,b0f066a214c2f5e87bad3c948f4d605d)
Start importing Assets/Grass And Flowers Pack 1/Ground Textures/Materials/Groundplants 1_D 1224.mat using Guid(909f0f37ea5565241ac06782dcde16c3) Importer(2089858483,b0f066a214c2f5e87bad3c948f4d605d) (ScriptedImporter) -> (artifact id: '98ccabcda624ab307f1a87f4b7fec5e2') in 0.2516048 seconds
Number of updated asset objects reloaded before import = 0Number of asset objects unloaded after import = 1

========================================================================
Received Import Request.
  Time since last request: 0.000058 seconds.
  path: Assets/Grass And Flowers Pack 1/Ground Textures/Materials/Groundplants 1_D 1314.mat
  artifactKey: Guid(66a582c225d82d8459ca4e8b533c3988) Importer(2089858483,b0f066a214c2f5e87bad3c948f4d605d)
Start importing Assets/Grass And Flowers Pack 1/Ground Textures/Materials/Groundplants 1_D 1314.mat using Guid(66a582c225d82d8459ca4e8b533c3988) Importer(2089858483,b0f066a214c2f5e87bad3c948f4d605d) (ScriptedImporter) -> (artifact id: '511344500cf583e6381cb8b663695bf4') in 0.1667588 seconds
Number of updated asset objects reloaded before import = 0Number of asset objects unloaded after import = 1

========================================================================
Received Import Request.
  Time since last request: 0.000309 seconds.
  path: Assets/Grass And Flowers Pack 1/Ground Textures/Materials/Groundplants 1_D 1306.mat
  artifactKey: Guid(891ef9d71b07d6646a1dc857f28f8abb) Importer(2089858483,b0f066a214c2f5e87bad3c948f4d605d)
Start importing Assets/Grass And Flowers Pack 1/Ground Textures/Materials/Groundplants 1_D 1306.mat using Guid(891ef9d71b07d6646a1dc857f28f8abb) Importer(2089858483,b0f066a214c2f5e87bad3c948f4d605d) (ScriptedImporter) -> (artifact id: 'e412230038dca6c3ae002bcf8c83ad7c') in 0.0585743 seconds
Number of updated asset objects reloaded before import = 0Number of asset objects unloaded after import = 1

========================================================================
Received Import Request.
  Time since last request: 0.000057 seconds.
  path: Assets/Grass And Flowers Pack 1/Ground Textures/Materials/Groundplants 1_D 1415.mat
  artifactKey: Guid(aa7ff404143e61d46b0c5cdb784684e7) Importer(2089858483,b0f066a214c2f5e87bad3c948f4d605d)
Start importing Assets/Grass And Flowers Pack 1/Ground Textures/Materials/Groundplants 1_D 1415.mat using Guid(aa7ff404143e61d46b0c5cdb784684e7) Importer(2089858483,b0f066a214c2f5e87bad3c948f4d605d) (ScriptedImporter) -> (artifact id: 'db487c74f930ca7df40aab2af6700611') in 0.0688245 seconds
Number of updated asset objects reloaded before import = 0Number of asset objects unloaded after import = 1

========================================================================
Received Import Request.
  Time since last request: 0.000080 seconds.
  path: Assets/Grass And Flowers Pack 1/Ground Textures/Materials/Groundplants 1_D 1090.mat
  artifactKey: Guid(9074cce922b0aeb4fbe4a114ef55d88b) Importer(2089858483,b0f066a214c2f5e87bad3c948f4d605d)
Start importing Assets/Grass And Flowers Pack 1/Ground Textures/Materials/Groundplants 1_D 1090.mat using Guid(9074cce922b0aeb4fbe4a114ef55d88b) Importer(2089858483,b0f066a214c2f5e87bad3c948f4d605d) (ScriptedImporter) -> (artifact id: 'cb2d35eb44b1314cda2dcaf426435930') in 0.1277647 seconds
Number of updated asset objects reloaded before import = 0Number of asset objects unloaded after import = 1

========================================================================
Received Import Request.
  Time since last request: 0.000062 seconds.
  path: Assets/Grass And Flowers Pack 1/Ground Textures/Materials/Groundplants 1_D 1142.mat
  artifactKey: Guid(2fffcad9024a1764892a4c715907e1f7) Importer(2089858483,b0f066a214c2f5e87bad3c948f4d605d)
Start importing Assets/Grass And Flowers Pack 1/Ground Textures/Materials/Groundplants 1_D 1142.mat using Guid(2fffcad9024a1764892a4c715907e1f7) Importer(2089858483,b0f066a214c2f5e87bad3c948f4d605d) (ScriptedImporter) -> (artifact id: '864cd9ddf8581087b039ca7d5c396d54') in 0.1045519 seconds
Number of updated asset objects reloaded before import = 0Number of asset objects unloaded after import = 1

========================================================================
Received Import Request.
  Time since last request: 0.000082 seconds.
  path: Assets/Grass And Flowers Pack 1/Ground Textures/Materials/Groundplants 1_D 1292.mat
  artifactKey: Guid(716ef0eb2208fd445a15e470beb48b56) Importer(2089858483,b0f066a214c2f5e87bad3c948f4d605d)
Start importing Assets/Grass And Flowers Pack 1/Ground Textures/Materials/Groundplants 1_D 1292.mat using Guid(716ef0eb2208fd445a15e470beb48b56) Importer(2089858483,b0f066a214c2f5e87bad3c948f4d605d) (ScriptedImporter) -> (artifact id: 'b22f5144c506f6ca5142e0c1805cd9d6') in 0.1364945 seconds
Number of updated asset objects reloaded before import = 0Number of asset objects unloaded after import = 1

========================================================================
Received Import Request.
  Time since last request: 0.000054 seconds.
  path: Assets/Grass And Flowers Pack 1/Ground Textures/Materials/Groundplants 1_D 1353.mat
  artifactKey: Guid(c04cc79fcf5fbe14b94a22af5004219d) Importer(2089858483,b0f066a214c2f5e87bad3c948f4d605d)
Start importing Assets/Grass And Flowers Pack 1/Ground Textures/Materials/Groundplants 1_D 1353.mat using Guid(c04cc79fcf5fbe14b94a22af5004219d) Importer(2089858483,b0f066a214c2f5e87bad3c948f4d605d) (ScriptedImporter) -> (artifact id: 'b20ffb75edbf066cc13926f1cb9b9590') in 0.1367426 seconds
Number of updated asset objects reloaded before import = 0Number of asset objects unloaded after import = 1

========================================================================
Received Import Request.
  Time since last request: 2.237259 seconds.
  path: Assets/Grass And Flowers Pack 1/Ground Textures/Materials/Groundplants 1_D 1487.mat
  artifactKey: Guid(090cf9de12d3c89429dc6ea40fcd6717) Importer(2089858483,b0f066a214c2f5e87bad3c948f4d605d)
Start importing Assets/Grass And Flowers Pack 1/Ground Textures/Materials/Groundplants 1_D 1487.mat using Guid(090cf9de12d3c89429dc6ea40fcd6717) Importer(2089858483,b0f066a214c2f5e87bad3c948f4d605d) (ScriptedImporter) -> (artifact id: '17f52dc6a439508c2138646a4ee5a65b') in 0.0656973 seconds
Number of updated asset objects reloaded before import = 0Number of asset objects unloaded after import = 2

========================================================================
Received Import Request.
  Time since last request: 0.000124 seconds.
  path: Assets/Grass And Flowers Pack 1/Ground Textures/Materials/Groundplants 1_D 1550.mat
  artifactKey: Guid(ad1f91a6bf7f67e45a9d248ee619b1f6) Importer(2089858483,b0f066a214c2f5e87bad3c948f4d605d)
Start importing Assets/Grass And Flowers Pack 1/Ground Textures/Materials/Groundplants 1_D 1550.mat using Guid(ad1f91a6bf7f67e45a9d248ee619b1f6) Importer(2089858483,b0f066a214c2f5e87bad3c948f4d605d) (ScriptedImporter) -> (artifact id: 'edbb11b240b8f136877e362abc0ee143') in 0.0448792 seconds
Number of updated asset objects reloaded before import = 0Number of asset objects unloaded after import = 2

========================================================================
Received Import Request.
  Time since last request: 0.000091 seconds.
  path: Assets/Grass And Flowers Pack 1/Ground Textures/Materials/Groundplants 1_D 1518.mat
  artifactKey: Guid(d80f5577819aaf647927eeccb50ad726) Importer(2089858483,b0f066a214c2f5e87bad3c948f4d605d)
Start importing Assets/Grass And Flowers Pack 1/Ground Textures/Materials/Groundplants 1_D 1518.mat using Guid(d80f5577819aaf647927eeccb50ad726) Importer(2089858483,b0f066a214c2f5e87bad3c948f4d605d) (ScriptedImporter) -> (artifact id: '2e3392e878a71470ee4f9c2b7387d177') in 0.3093773 seconds
Number of updated asset objects reloaded before import = 0Number of asset objects unloaded after import = 2

========================================================================
Received Import Request.
  Time since last request: 0.000070 seconds.
  path: Assets/Grass And Flowers Pack 1/Ground Textures/Materials/Groundplants 1_D 1535.mat
  artifactKey: Guid(3a6d3377d24c4a149ab0840d392342d1) Importer(2089858483,b0f066a214c2f5e87bad3c948f4d605d)
Start importing Assets/Grass And Flowers Pack 1/Ground Textures/Materials/Groundplants 1_D 1535.mat using Guid(3a6d3377d24c4a149ab0840d392342d1) Importer(2089858483,b0f066a214c2f5e87bad3c948f4d605d) (ScriptedImporter) -> (artifact id: 'a179ce39312bcf91cf7d7361c789db43') in 0.0769602 seconds
Number of updated asset objects reloaded before import = 0Number of asset objects unloaded after import = 2

========================================================================
Received Import Request.
  Time since last request: 0.000088 seconds.
  path: Assets/Grass And Flowers Pack 1/Ground Textures/Materials/Groundplants 1_D 1594.mat
  artifactKey: Guid(60ce76a95647b12449a412ca97e06772) Importer(2089858483,b0f066a214c2f5e87bad3c948f4d605d)
Start importing Assets/Grass And Flowers Pack 1/Ground Textures/Materials/Groundplants 1_D 1594.mat using Guid(60ce76a95647b12449a412ca97e06772) Importer(2089858483,b0f066a214c2f5e87bad3c948f4d605d) (ScriptedImporter) -> (artifact id: 'e7b49812549d515face6b703914f5c0f') in 0.1090384 seconds
Number of updated asset objects reloaded before import = 0Number of asset objects unloaded after import = 2

========================================================================
Received Import Request.
  Time since last request: 0.001069 seconds.
  path: Assets/Grass And Flowers Pack 1/Ground Textures/Materials/Groundplants 1_D 1549.mat
  artifactKey: Guid(7334ee10f7452ec4f86c17b35845840c) Importer(2089858483,b0f066a214c2f5e87bad3c948f4d605d)
Start importing Assets/Grass And Flowers Pack 1/Ground Textures/Materials/Groundplants 1_D 1549.mat using Guid(7334ee10f7452ec4f86c17b35845840c) Importer(2089858483,b0f066a214c2f5e87bad3c948f4d605d) (ScriptedImporter) -> (artifact id: '1321473cbd890d2d83bd78aa5bc03375') in 0.2058443 seconds
Number of updated asset objects reloaded before import = 0Number of asset objects unloaded after import = 2

========================================================================
Received Import Request.
  Time since last request: 0.000092 seconds.
  path: Assets/Grass And Flowers Pack 1/Ground Textures/Materials/Groundplants 1_D 1519.mat
  artifactKey: Guid(822087fd8b7a9bc4f97a85976153bb7a) Importer(2089858483,b0f066a214c2f5e87bad3c948f4d605d)
Start importing Assets/Grass And Flowers Pack 1/Ground Textures/Materials/Groundplants 1_D 1519.mat using Guid(822087fd8b7a9bc4f97a85976153bb7a) Importer(2089858483,b0f066a214c2f5e87bad3c948f4d605d) (ScriptedImporter) -> (artifact id: 'd343a9284b5f0ca0217b57b78ff9beaf') in 0.1544195 seconds
Number of updated asset objects reloaded before import = 0Number of asset objects unloaded after import = 2

========================================================================
Received Import Request.
  Time since last request: 0.000059 seconds.
  path: Assets/Grass And Flowers Pack 1/Ground Textures/Materials/Groundplants 1_D 1553.mat
  artifactKey: Guid(c6fe62094c91bc3439a4c5649b81c2cf) Importer(2089858483,b0f066a214c2f5e87bad3c948f4d605d)
Start importing Assets/Grass And Flowers Pack 1/Ground Textures/Materials/Groundplants 1_D 1553.mat using Guid(c6fe62094c91bc3439a4c5649b81c2cf) Importer(2089858483,b0f066a214c2f5e87bad3c948f4d605d) (ScriptedImporter) -> (artifact id: '7aee29205647cd702fb4376484500eb6') in 0.302417 seconds
Number of updated asset objects reloaded before import = 0Number of asset objects unloaded after import = 2

========================================================================
Received Import Request.
  Time since last request: 0.000092 seconds.
  path: Assets/Grass And Flowers Pack 1/Ground Textures/Materials/Groundplants 1_D 1536.mat
  artifactKey: Guid(2bfb733cbc2fbe041a4d5dcc88123add) Importer(2089858483,b0f066a214c2f5e87bad3c948f4d605d)
Start importing Assets/Grass And Flowers Pack 1/Ground Textures/Materials/Groundplants 1_D 1536.mat using Guid(2bfb733cbc2fbe041a4d5dcc88123add) Importer(2089858483,b0f066a214c2f5e87bad3c948f4d605d) (ScriptedImporter) -> (artifact id: '9be0420058bf31c0f30ce41b4aff899d') in 0.0701384 seconds
Number of updated asset objects reloaded before import = 0Number of asset objects unloaded after import = 2

========================================================================
Received Import Request.
  Time since last request: 0.000060 seconds.
  path: Assets/Grass And Flowers Pack 1/Ground Textures/Materials/Groundplants 1_D 1492.mat
  artifactKey: Guid(b4f7cc71effb5a24bb9c42fa6bd7d273) Importer(2089858483,b0f066a214c2f5e87bad3c948f4d605d)
Start importing Assets/Grass And Flowers Pack 1/Ground Textures/Materials/Groundplants 1_D 1492.mat using Guid(b4f7cc71effb5a24bb9c42fa6bd7d273) Importer(2089858483,b0f066a214c2f5e87bad3c948f4d605d) (ScriptedImporter) -> (artifact id: '8262ff1470636b3c3c4a14d30870ebb1') in 0.0855482 seconds
Number of updated asset objects reloaded before import = 0Number of asset objects unloaded after import = 2

========================================================================
Received Import Request.
  Time since last request: 0.000103 seconds.
  path: Assets/Grass And Flowers Pack 1/Ground Textures/Materials/Groundplants 1_D 1493.mat
  artifactKey: Guid(e2653c0e82d1acf469fc9376dc882a17) Importer(2089858483,b0f066a214c2f5e87bad3c948f4d605d)
Start importing Assets/Grass And Flowers Pack 1/Ground Textures/Materials/Groundplants 1_D 1493.mat using Guid(e2653c0e82d1acf469fc9376dc882a17) Importer(2089858483,b0f066a214c2f5e87bad3c948f4d605d) (ScriptedImporter) -> (artifact id: '9b00ee7f5cd213576d7e2a48f63c8d8b') in 0.1133492 seconds
Number of updated asset objects reloaded before import = 0Number of asset objects unloaded after import = 2

========================================================================
Received Import Request.
  Time since last request: 0.000073 seconds.
  path: Assets/Grass And Flowers Pack 1/Ground Textures/Materials/Groundplants 1_D 1637.mat
  artifactKey: Guid(7c1929f265c1870408394f09c6d84b02) Importer(2089858483,b0f066a214c2f5e87bad3c948f4d605d)
Start importing Assets/Grass And Flowers Pack 1/Ground Textures/Materials/Groundplants 1_D 1637.mat using Guid(7c1929f265c1870408394f09c6d84b02) Importer(2089858483,b0f066a214c2f5e87bad3c948f4d605d) (ScriptedImporter) -> (artifact id: '10d8c7b4baa225d41564afcb10df9b18') in 0.0447329 seconds
Number of updated asset objects reloaded before import = 0Number of asset objects unloaded after import = 2

========================================================================
Received Import Request.
  Time since last request: 0.000095 seconds.
  path: Assets/Grass And Flowers Pack 1/Ground Textures/Materials/Groundplants 1_D 1633.mat
  artifactKey: Guid(1369b2a3131352c478e4f5d78b9afb42) Importer(2089858483,b0f066a214c2f5e87bad3c948f4d605d)
Start importing Assets/Grass And Flowers Pack 1/Ground Textures/Materials/Groundplants 1_D 1633.mat using Guid(1369b2a3131352c478e4f5d78b9afb42) Importer(2089858483,b0f066a214c2f5e87bad3c948f4d605d) (ScriptedImporter) -> (artifact id: 'b57cd481a14adeb16d7873cb47110a32') in 0.0635646 seconds
Number of updated asset objects reloaded before import = 0Number of asset objects unloaded after import = 2

========================================================================
Received Import Request.
  Time since last request: 0.000077 seconds.
  path: Assets/Grass And Flowers Pack 1/Ground Textures/Materials/Groundplants 1_D 1645.mat
  artifactKey: Guid(c57a9ced2fa75834096adde767dba7c0) Importer(2089858483,b0f066a214c2f5e87bad3c948f4d605d)
Start importing Assets/Grass And Flowers Pack 1/Ground Textures/Materials/Groundplants 1_D 1645.mat using Guid(c57a9ced2fa75834096adde767dba7c0) Importer(2089858483,b0f066a214c2f5e87bad3c948f4d605d) (ScriptedImporter) -> (artifact id: '6a7d596a77c58598983b997ae87cd88a') in 0.0569264 seconds
Number of updated asset objects reloaded before import = 0Number of asset objects unloaded after import = 2

========================================================================
Received Import Request.
  Time since last request: 0.000063 seconds.
  path: Assets/Grass And Flowers Pack 1/Ground Textures/Materials/Groundplants 1_D 1569.mat
  artifactKey: Guid(1b56f6e77aaad9848b3a37cf7cef3b69) Importer(2089858483,b0f066a214c2f5e87bad3c948f4d605d)
Start importing Assets/Grass And Flowers Pack 1/Ground Textures/Materials/Groundplants 1_D 1569.mat using Guid(1b56f6e77aaad9848b3a37cf7cef3b69) Importer(2089858483,b0f066a214c2f5e87bad3c948f4d605d) (ScriptedImporter) -> (artifact id: '5cc83b9416307411bc37e6ef3e058f43') in 0.0740059 seconds
Number of updated asset objects reloaded before import = 0Number of asset objects unloaded after import = 2

========================================================================
Received Import Request.
  Time since last request: 0.000057 seconds.
  path: Assets/Grass And Flowers Pack 1/Ground Textures/Materials/Groundplants 1_D 1652.mat
  artifactKey: Guid(742effdc492a8bb4a8e951b34016dfac) Importer(2089858483,b0f066a214c2f5e87bad3c948f4d605d)
Start importing Assets/Grass And Flowers Pack 1/Ground Textures/Materials/Groundplants 1_D 1652.mat using Guid(742effdc492a8bb4a8e951b34016dfac) Importer(2089858483,b0f066a214c2f5e87bad3c948f4d605d) (ScriptedImporter) -> (artifact id: '26fdfe3360ad5f1578fbc266d692ce6d') in 0.0652456 seconds
Number of updated asset objects reloaded before import = 0Number of asset objects unloaded after import = 2

========================================================================
Received Import Request.
  Time since last request: 0.000140 seconds.
  path: Assets/Grass And Flowers Pack 1/Ground Textures/Materials/Groundplants 1_D 1574.mat
  artifactKey: Guid(4330bdda1a30cb9498b70bcd9e6de2fb) Importer(2089858483,b0f066a214c2f5e87bad3c948f4d605d)
Start importing Assets/Grass And Flowers Pack 1/Ground Textures/Materials/Groundplants 1_D 1574.mat using Guid(4330bdda1a30cb9498b70bcd9e6de2fb) Importer(2089858483,b0f066a214c2f5e87bad3c948f4d605d) (ScriptedImporter) -> (artifact id: '935b643dcd50e1e634a431c725cd7700') in 0.0485723 seconds
Number of updated asset objects reloaded before import = 0Number of asset objects unloaded after import = 2

========================================================================
Received Import Request.
  Time since last request: 0.000054 seconds.
  path: Assets/Grass And Flowers Pack 1/Ground Textures/Materials/Groundplants 1_D 1663.mat
  artifactKey: Guid(02e1003d81ab6f04fbdfa9632855cff8) Importer(2089858483,b0f066a214c2f5e87bad3c948f4d605d)
Start importing Assets/Grass And Flowers Pack 1/Ground Textures/Materials/Groundplants 1_D 1663.mat using Guid(02e1003d81ab6f04fbdfa9632855cff8) Importer(2089858483,b0f066a214c2f5e87bad3c948f4d605d) (ScriptedImporter) -> (artifact id: '6e3322e06ac347ce1a3e6c7c42817f39') in 0.0468137 seconds
Number of updated asset objects reloaded before import = 0Number of asset objects unloaded after import = 2

========================================================================
Received Import Request.
  Time since last request: 0.000077 seconds.
  path: Assets/Grass And Flowers Pack 1/Ground Textures/Materials/Groundplants 1_D 1667.mat
  artifactKey: Guid(53831f5342a4a9f40add7be70ad2176f) Importer(2089858483,b0f066a214c2f5e87bad3c948f4d605d)
Start importing Assets/Grass And Flowers Pack 1/Ground Textures/Materials/Groundplants 1_D 1667.mat using Guid(53831f5342a4a9f40add7be70ad2176f) Importer(2089858483,b0f066a214c2f5e87bad3c948f4d605d) (ScriptedImporter) -> (artifact id: '5c31a3021d46ae6c05d55e923f51b9fd') in 0.0468639 seconds
Number of updated asset objects reloaded before import = 0Number of asset objects unloaded after import = 2

========================================================================
Received Import Request.
  Time since last request: 0.000047 seconds.
  path: Assets/Grass And Flowers Pack 1/Ground Textures/Materials/Groundplants 1_D 1568.mat
  artifactKey: Guid(39e36c97b1ca09043904c6c7b3b2be2f) Importer(2089858483,b0f066a214c2f5e87bad3c948f4d605d)
Start importing Assets/Grass And Flowers Pack 1/Ground Textures/Materials/Groundplants 1_D 1568.mat using Guid(39e36c97b1ca09043904c6c7b3b2be2f) Importer(2089858483,b0f066a214c2f5e87bad3c948f4d605d) (ScriptedImporter) -> (artifact id: 'c3189363894ced16a7d85d3bb7698bae') in 0.0527096 seconds
Number of updated asset objects reloaded before import = 0Number of asset objects unloaded after import = 2

========================================================================
Received Import Request.
  Time since last request: 0.000066 seconds.
  path: Assets/Grass And Flowers Pack 1/Ground Textures/Materials/Groundplants 1_D 1608.mat
  artifactKey: Guid(bd9e191dd50668f468eaa6909a56adb3) Importer(2089858483,b0f066a214c2f5e87bad3c948f4d605d)
Start importing Assets/Grass And Flowers Pack 1/Ground Textures/Materials/Groundplants 1_D 1608.mat using Guid(bd9e191dd50668f468eaa6909a56adb3) Importer(2089858483,b0f066a214c2f5e87bad3c948f4d605d) (ScriptedImporter) -> (artifact id: 'c0b65bf03de1586a17bec117397914d5') in 0.0493625 seconds
Number of updated asset objects reloaded before import = 0Number of asset objects unloaded after import = 2

========================================================================
Received Import Request.
  Time since last request: 0.000082 seconds.
  path: Assets/Grass And Flowers Pack 1/Ground Textures/Materials/Groundplants 1_D 1621.mat
  artifactKey: Guid(74aaaef3d44e26b4b80ac4d2119bcb17) Importer(2089858483,b0f066a214c2f5e87bad3c948f4d605d)
Start importing Assets/Grass And Flowers Pack 1/Ground Textures/Materials/Groundplants 1_D 1621.mat using Guid(74aaaef3d44e26b4b80ac4d2119bcb17) Importer(2089858483,b0f066a214c2f5e87bad3c948f4d605d) (ScriptedImporter) -> (artifact id: '1783c3e12a5fdde84022fa391f168a62') in 0.0480031 seconds
Number of updated asset objects reloaded before import = 0Number of asset objects unloaded after import = 2

========================================================================
Received Import Request.
  Time since last request: 0.000058 seconds.
  path: Assets/Grass And Flowers Pack 1/Ground Textures/Materials/Groundplants 1_D 1624.mat
  artifactKey: Guid(404312cb75542c444b0ac90d21397e8d) Importer(2089858483,b0f066a214c2f5e87bad3c948f4d605d)
Start importing Assets/Grass And Flowers Pack 1/Ground Textures/Materials/Groundplants 1_D 1624.mat using Guid(404312cb75542c444b0ac90d21397e8d) Importer(2089858483,b0f066a214c2f5e87bad3c948f4d605d) (ScriptedImporter) -> (artifact id: '6e776a89a534eb144db9ce81b54faf3b') in 0.0588393 seconds
Number of updated asset objects reloaded before import = 0Number of asset objects unloaded after import = 2

========================================================================
Received Import Request.
  Time since last request: 0.000545 seconds.
  path: Assets/Grass And Flowers Pack 1/Ground Textures/Materials/Groundplants 1_D 1649.mat
  artifactKey: Guid(eec3b8f9bd872744fb1aa599a6e29776) Importer(2089858483,b0f066a214c2f5e87bad3c948f4d605d)
Start importing Assets/Grass And Flowers Pack 1/Ground Textures/Materials/Groundplants 1_D 1649.mat using Guid(eec3b8f9bd872744fb1aa599a6e29776) Importer(2089858483,b0f066a214c2f5e87bad3c948f4d605d) (ScriptedImporter) -> (artifact id: '0810b17a2933725299ab43fac453159c') in 0.0452313 seconds
Number of updated asset objects reloaded before import = 0Number of asset objects unloaded after import = 2

========================================================================
Received Import Request.
  Time since last request: 0.000080 seconds.
  path: Assets/Grass And Flowers Pack 1/Ground Textures/Materials/Groundplants 1_D 1559.mat
  artifactKey: Guid(757874550cfd2e94382ffd5f56038366) Importer(2089858483,b0f066a214c2f5e87bad3c948f4d605d)
Start importing Assets/Grass And Flowers Pack 1/Ground Textures/Materials/Groundplants 1_D 1559.mat using Guid(757874550cfd2e94382ffd5f56038366) Importer(2089858483,b0f066a214c2f5e87bad3c948f4d605d) (ScriptedImporter) -> (artifact id: '246723533ec9cba71b99e9ed3bdbcf31') in 0.0464861 seconds
Number of updated asset objects reloaded before import = 0Number of asset objects unloaded after import = 2

========================================================================
Received Import Request.
  Time since last request: 0.000073 seconds.
  path: Assets/Grass And Flowers Pack 1/Ground Textures/Materials/Groundplants 1_D 1695.mat
  artifactKey: Guid(40c5b20b0dcf3ab42973ed1edc516cb8) Importer(2089858483,b0f066a214c2f5e87bad3c948f4d605d)
Start importing Assets/Grass And Flowers Pack 1/Ground Textures/Materials/Groundplants 1_D 1695.mat using Guid(40c5b20b0dcf3ab42973ed1edc516cb8) Importer(2089858483,b0f066a214c2f5e87bad3c948f4d605d) (ScriptedImporter) -> (artifact id: '393e28169e1f88efd4750d3985b47ca7') in 0.0579972 seconds
Number of updated asset objects reloaded before import = 0Number of asset objects unloaded after import = 2

========================================================================
Received Import Request.
  Time since last request: 0.000064 seconds.
  path: Assets/Grass And Flowers Pack 1/Ground Textures/Materials/Groundplants 1_D 1625.mat
  artifactKey: Guid(52e5da99622451546aec453d257a5878) Importer(2089858483,b0f066a214c2f5e87bad3c948f4d605d)
Start importing Assets/Grass And Flowers Pack 1/Ground Textures/Materials/Groundplants 1_D 1625.mat using Guid(52e5da99622451546aec453d257a5878) Importer(2089858483,b0f066a214c2f5e87bad3c948f4d605d) (ScriptedImporter) -> (artifact id: 'dbebbfae55553c2852f57a32c88131ad') in 0.0460577 seconds
Number of updated asset objects reloaded before import = 0Number of asset objects unloaded after import = 2

========================================================================
Received Import Request.
  Time since last request: 0.000106 seconds.
  path: Assets/Grass And Flowers Pack 1/Ground Textures/Materials/Groundplants 1_D 1564.mat
  artifactKey: Guid(4a16cdba05eb050499ae82977c7bddd1) Importer(2089858483,b0f066a214c2f5e87bad3c948f4d605d)
Start importing Assets/Grass And Flowers Pack 1/Ground Textures/Materials/Groundplants 1_D 1564.mat using Guid(4a16cdba05eb050499ae82977c7bddd1) Importer(2089858483,b0f066a214c2f5e87bad3c948f4d605d) (ScriptedImporter) -> (artifact id: '5d0853ff324e16588a29087ebeaa1409') in 0.044038 seconds
Number of updated asset objects reloaded before import = 0Number of asset objects unloaded after import = 2

========================================================================
Received Import Request.
  Time since last request: 0.000060 seconds.
  path: Assets/Grass And Flowers Pack 1/Ground Textures/Materials/Groundplants 1_D 1579.mat
  artifactKey: Guid(a6699f154a203db4a970f85cfa545d67) Importer(2089858483,b0f066a214c2f5e87bad3c948f4d605d)
Start importing Assets/Grass And Flowers Pack 1/Ground Textures/Materials/Groundplants 1_D 1579.mat using Guid(a6699f154a203db4a970f85cfa545d67) Importer(2089858483,b0f066a214c2f5e87bad3c948f4d605d) (ScriptedImporter) -> (artifact id: '4f7e45aca930e67d354e76c8064d07c2') in 0.0465639 seconds
Number of updated asset objects reloaded before import = 0Number of asset objects unloaded after import = 2

========================================================================
Received Import Request.
  Time since last request: 0.000084 seconds.
  path: Assets/Grass And Flowers Pack 1/Ground Textures/Materials/Groundplants 1_D 1687.mat
  artifactKey: Guid(4e38dbc7dcc2e0b4a913c7039f29a0ea) Importer(2089858483,b0f066a214c2f5e87bad3c948f4d605d)
Start importing Assets/Grass And Flowers Pack 1/Ground Textures/Materials/Groundplants 1_D 1687.mat using Guid(4e38dbc7dcc2e0b4a913c7039f29a0ea) Importer(2089858483,b0f066a214c2f5e87bad3c948f4d605d) (ScriptedImporter) -> (artifact id: '0514b615e4f0c1026748fed77a98f70a') in 0.1566651 seconds
Number of updated asset objects reloaded before import = 0Number of asset objects unloaded after import = 2

========================================================================
Received Import Request.
  Time since last request: 0.000075 seconds.
  path: Assets/Grass And Flowers Pack 1/Ground Textures/Materials/Groundplants 1_D 1734.mat
  artifactKey: Guid(cbd5a603d5b7ce54e9722eee9e7db99a) Importer(2089858483,b0f066a214c2f5e87bad3c948f4d605d)
Start importing Assets/Grass And Flowers Pack 1/Ground Textures/Materials/Groundplants 1_D 1734.mat using Guid(cbd5a603d5b7ce54e9722eee9e7db99a) Importer(2089858483,b0f066a214c2f5e87bad3c948f4d605d) (ScriptedImporter) -> (artifact id: '9145b9c1303e6a57e6882b7b366844f8') in 0.0473311 seconds
Number of updated asset objects reloaded before import = 0Number of asset objects unloaded after import = 2

========================================================================
Received Import Request.
  Time since last request: 0.000087 seconds.
  path: Assets/Grass And Flowers Pack 1/Ground Textures/Materials/Groundplants 1_D 1735.mat
  artifactKey: Guid(39c1222345410334380916f3c4221b9d) Importer(2089858483,b0f066a214c2f5e87bad3c948f4d605d)
Start importing Assets/Grass And Flowers Pack 1/Ground Textures/Materials/Groundplants 1_D 1735.mat using Guid(39c1222345410334380916f3c4221b9d) Importer(2089858483,b0f066a214c2f5e87bad3c948f4d605d) (ScriptedImporter) -> (artifact id: 'a78b50d241c4f2da346dfe93008bb53a') in 0.0446724 seconds
Number of updated asset objects reloaded before import = 0Number of asset objects unloaded after import = 2

========================================================================
Received Import Request.
  Time since last request: 0.000068 seconds.
  path: Assets/Grass And Flowers Pack 1/Ground Textures/Materials/Groundplants 1_D 1560.mat
  artifactKey: Guid(4554ab36222d69c4eb71c8251a197325) Importer(2089858483,b0f066a214c2f5e87bad3c948f4d605d)
Start importing Assets/Grass And Flowers Pack 1/Ground Textures/Materials/Groundplants 1_D 1560.mat using Guid(4554ab36222d69c4eb71c8251a197325) Importer(2089858483,b0f066a214c2f5e87bad3c948f4d605d) (ScriptedImporter) -> (artifact id: '6fd8ef1bef9393a7e72b80e5ad1bdbb3') in 0.0483773 seconds
Number of updated asset objects reloaded before import = 0Number of asset objects unloaded after import = 2

========================================================================
Received Import Request.
  Time since last request: 0.000099 seconds.
  path: Assets/Grass And Flowers Pack 1/Ground Textures/Materials/Groundplants 1_D 1601.mat
  artifactKey: Guid(170d3a170c474ac4d8dec3c26d91f5b2) Importer(2089858483,b0f066a214c2f5e87bad3c948f4d605d)
Start importing Assets/Grass And Flowers Pack 1/Ground Textures/Materials/Groundplants 1_D 1601.mat using Guid(170d3a170c474ac4d8dec3c26d91f5b2) Importer(2089858483,b0f066a214c2f5e87bad3c948f4d605d) (ScriptedImporter) -> (artifact id: '247e187031e411a00de5212e993d4794') in 0.0371304 seconds
Number of updated asset objects reloaded before import = 0Number of asset objects unloaded after import = 2

========================================================================
Received Import Request.
  Time since last request: 0.000142 seconds.
  path: Assets/Grass And Flowers Pack 1/Ground Textures/Materials/Groundplants 1_D 1744.mat
  artifactKey: Guid(cafad80d7c6f9244a9b9e9de6e432ec0) Importer(2089858483,b0f066a214c2f5e87bad3c948f4d605d)
Start importing Assets/Grass And Flowers Pack 1/Ground Textures/Materials/Groundplants 1_D 1744.mat using Guid(cafad80d7c6f9244a9b9e9de6e432ec0) Importer(2089858483,b0f066a214c2f5e87bad3c948f4d605d) (ScriptedImporter) -> (artifact id: '8d92db86a1298adbfdae576ecfd51cd7') in 0.0425191 seconds
Number of updated asset objects reloaded before import = 0Number of asset objects unloaded after import = 2

========================================================================
Received Import Request.
  Time since last request: 0.000093 seconds.
  path: Assets/Grass And Flowers Pack 1/Ground Textures/Materials/Groundplants 1_D 1748.mat
  artifactKey: Guid(15b1c08be29463f4e9dd9f60fa0a25bb) Importer(2089858483,b0f066a214c2f5e87bad3c948f4d605d)
Start importing Assets/Grass And Flowers Pack 1/Ground Textures/Materials/Groundplants 1_D 1748.mat using Guid(15b1c08be29463f4e9dd9f60fa0a25bb) Importer(2089858483,b0f066a214c2f5e87bad3c948f4d605d) (ScriptedImporter) -> (artifact id: '1cf43c992a577a9cac30598b8728a9c4') in 0.0489635 seconds
Number of updated asset objects reloaded before import = 0Number of asset objects unloaded after import = 2

========================================================================
Received Import Request.
  Time since last request: 0.000083 seconds.
  path: Assets/Grass And Flowers Pack 1/Ground Textures/Materials/Groundplants 1_D 1766.mat
  artifactKey: Guid(d978e64cf519ed34f992e5737840fb8f) Importer(2089858483,b0f066a214c2f5e87bad3c948f4d605d)
Start importing Assets/Grass And Flowers Pack 1/Ground Textures/Materials/Groundplants 1_D 1766.mat using Guid(d978e64cf519ed34f992e5737840fb8f) Importer(2089858483,b0f066a214c2f5e87bad3c948f4d605d) (ScriptedImporter) -> (artifact id: 'cdc5ab2b26dddd69e9701f322a2bad67') in 0.044079 seconds
Number of updated asset objects reloaded before import = 0Number of asset objects unloaded after import = 2

========================================================================
Received Import Request.
  Time since last request: 0.000085 seconds.
  path: Assets/Grass And Flowers Pack 1/Ground Textures/Materials/Groundplants 1_D 1700.mat
  artifactKey: Guid(f3889ac10e2cd7a4790eb9bbd77d4d70) Importer(2089858483,b0f066a214c2f5e87bad3c948f4d605d)
Start importing Assets/Grass And Flowers Pack 1/Ground Textures/Materials/Groundplants 1_D 1700.mat using Guid(f3889ac10e2cd7a4790eb9bbd77d4d70) Importer(2089858483,b0f066a214c2f5e87bad3c948f4d605d) (ScriptedImporter) -> (artifact id: 'f5a7a1d0b1532ce8a83ef7d5580b0a92') in 0.0437079 seconds
Number of updated asset objects reloaded before import = 0Number of asset objects unloaded after import = 2

========================================================================
Received Import Request.
  Time since last request: 0.000060 seconds.
  path: Assets/Grass And Flowers Pack 1/Ground Textures/Materials/Groundplants 1_D 1587.mat
  artifactKey: Guid(5fdb7b7eae1a2714dbf238d1ac9cb77c) Importer(2089858483,b0f066a214c2f5e87bad3c948f4d605d)
Start importing Assets/Grass And Flowers Pack 1/Ground Textures/Materials/Groundplants 1_D 1587.mat using Guid(5fdb7b7eae1a2714dbf238d1ac9cb77c) Importer(2089858483,b0f066a214c2f5e87bad3c948f4d605d) (ScriptedImporter) -> (artifact id: '54f477e278fe3306d6e4a6b1f0c99e8e') in 0.0429459 seconds
Number of updated asset objects reloaded before import = 0Number of asset objects unloaded after import = 2

========================================================================
Received Import Request.
  Time since last request: 0.000096 seconds.
  path: Assets/Grass And Flowers Pack 1/Ground Textures/Materials/Groundplants 1_D 1778.mat
  artifactKey: Guid(2e4e26ea07544014a96e9c6bb1038e70) Importer(2089858483,b0f066a214c2f5e87bad3c948f4d605d)
Start importing Assets/Grass And Flowers Pack 1/Ground Textures/Materials/Groundplants 1_D 1778.mat using Guid(2e4e26ea07544014a96e9c6bb1038e70) Importer(2089858483,b0f066a214c2f5e87bad3c948f4d605d) (ScriptedImporter) -> (artifact id: 'e4c0b46f9cdca96645292dce352e3f51') in 0.1516999 seconds
Number of updated asset objects reloaded before import = 0Number of asset objects unloaded after import = 2

========================================================================
Received Import Request.
  Time since last request: 0.000063 seconds.
  path: Assets/Grass And Flowers Pack 1/Ground Textures/Materials/Groundplants 1_D 1780.mat
  artifactKey: Guid(54cc6aa2141de184186b80d27a4e1371) Importer(2089858483,b0f066a214c2f5e87bad3c948f4d605d)
Start importing Assets/Grass And Flowers Pack 1/Ground Textures/Materials/Groundplants 1_D 1780.mat using Guid(54cc6aa2141de184186b80d27a4e1371) Importer(2089858483,b0f066a214c2f5e87bad3c948f4d605d) (ScriptedImporter) -> (artifact id: 'a46809f71375a6eed210771cc7b5c06f') in 0.1322093 seconds
Number of updated asset objects reloaded before import = 0Number of asset objects unloaded after import = 2

========================================================================
Received Import Request.
  Time since last request: 0.000092 seconds.
  path: Assets/Grass And Flowers Pack 1/Ground Textures/Materials/Groundplants 1_D 1787.mat
  artifactKey: Guid(1eb9a5aec2dfe9b498a530a062c94d2e) Importer(2089858483,b0f066a214c2f5e87bad3c948f4d605d)
Start importing Assets/Grass And Flowers Pack 1/Ground Textures/Materials/Groundplants 1_D 1787.mat using Guid(1eb9a5aec2dfe9b498a530a062c94d2e) Importer(2089858483,b0f066a214c2f5e87bad3c948f4d605d) (ScriptedImporter) -> (artifact id: '8caf3ae4964da4bf043dc97e5cfbb1aa') in 0.0656238 seconds
Number of updated asset objects reloaded before import = 0Number of asset objects unloaded after import = 2

========================================================================
Received Import Request.
  Time since last request: 0.000058 seconds.
  path: Assets/Grass And Flowers Pack 1/Ground Textures/Materials/Groundplants 1_D 1796.mat
  artifactKey: Guid(46f02df716d8e4f429cea58bcff376a8) Importer(2089858483,b0f066a214c2f5e87bad3c948f4d605d)
Start importing Assets/Grass And Flowers Pack 1/Ground Textures/Materials/Groundplants 1_D 1796.mat using Guid(46f02df716d8e4f429cea58bcff376a8) Importer(2089858483,b0f066a214c2f5e87bad3c948f4d605d) (ScriptedImporter) -> (artifact id: 'f601089678bdf66de2790f8647a3f4eb') in 0.0383989 seconds
Number of updated asset objects reloaded before import = 0Number of asset objects unloaded after import = 2

========================================================================
Received Import Request.
  Time since last request: 0.000156 seconds.
  path: Assets/Grass And Flowers Pack 1/Ground Textures/Materials/Groundplants 1_D 1776.mat
  artifactKey: Guid(0c6edd7786d462343884de69ebfe1d9f) Importer(2089858483,b0f066a214c2f5e87bad3c948f4d605d)
Start importing Assets/Grass And Flowers Pack 1/Ground Textures/Materials/Groundplants 1_D 1776.mat using Guid(0c6edd7786d462343884de69ebfe1d9f) Importer(2089858483,b0f066a214c2f5e87bad3c948f4d605d) (ScriptedImporter) -> (artifact id: '12785f02115ea50aa6a173c5d99e8111') in 0.0430068 seconds
Number of updated asset objects reloaded before import = 0Number of asset objects unloaded after import = 2

========================================================================
Received Import Request.
  Time since last request: 0.000131 seconds.
  path: Assets/Grass And Flowers Pack 1/Ground Textures/Materials/Groundplants 1_D 1710.mat
  artifactKey: Guid(e038c1657a22c1e47aa8d01287e6218f) Importer(2089858483,b0f066a214c2f5e87bad3c948f4d605d)
Start importing Assets/Grass And Flowers Pack 1/Ground Textures/Materials/Groundplants 1_D 1710.mat using Guid(e038c1657a22c1e47aa8d01287e6218f) Importer(2089858483,b0f066a214c2f5e87bad3c948f4d605d) (ScriptedImporter) -> (artifact id: '00f9384673122919b98c92371f03603a') in 0.0412611 seconds
Number of updated asset objects reloaded before import = 0Number of asset objects unloaded after import = 2

========================================================================
Received Import Request.
  Time since last request: 0.000062 seconds.
  path: Assets/Grass And Flowers Pack 1/Ground Textures/Materials/Groundplants 1_D 1800.mat
  artifactKey: Guid(c237a296990040649bffbadff53e62f5) Importer(2089858483,b0f066a214c2f5e87bad3c948f4d605d)
Start importing Assets/Grass And Flowers Pack 1/Ground Textures/Materials/Groundplants 1_D 1800.mat using Guid(c237a296990040649bffbadff53e62f5) Importer(2089858483,b0f066a214c2f5e87bad3c948f4d605d) (ScriptedImporter) -> (artifact id: 'bc9a610d08de268cc0c00bdd36b1a685') in 0.0447443 seconds
Number of updated asset objects reloaded before import = 0Number of asset objects unloaded after import = 2

========================================================================
Received Import Request.
  Time since last request: 0.000087 seconds.
  path: Assets/Grass And Flowers Pack 1/Ground Textures/Materials/Groundplants 1_D 1682.mat
  artifactKey: Guid(a1b4dc2116945354c9f673270be7e90d) Importer(2089858483,b0f066a214c2f5e87bad3c948f4d605d)
Start importing Assets/Grass And Flowers Pack 1/Ground Textures/Materials/Groundplants 1_D 1682.mat using Guid(a1b4dc2116945354c9f673270be7e90d) Importer(2089858483,b0f066a214c2f5e87bad3c948f4d605d) (ScriptedImporter) -> (artifact id: 'bf51e475f2d6d1d612cdfb0295e90297') in 0.0405828 seconds
Number of updated asset objects reloaded before import = 0Number of asset objects unloaded after import = 2

========================================================================
Received Import Request.
  Time since last request: 0.000058 seconds.
  path: Assets/Grass And Flowers Pack 1/Ground Textures/Materials/Groundplants 1_D 1822.mat
  artifactKey: Guid(91dd2ae06a5836541ac00707a376edec) Importer(2089858483,b0f066a214c2f5e87bad3c948f4d605d)
Start importing Assets/Grass And Flowers Pack 1/Ground Textures/Materials/Groundplants 1_D 1822.mat using Guid(91dd2ae06a5836541ac00707a376edec) Importer(2089858483,b0f066a214c2f5e87bad3c948f4d605d) (ScriptedImporter) -> (artifact id: '9107f55a98b235049af0efef09af97f0') in 0.0446734 seconds
Number of updated asset objects reloaded before import = 0Number of asset objects unloaded after import = 2

========================================================================
Received Import Request.
  Time since last request: 0.000086 seconds.
  path: Assets/Grass And Flowers Pack 1/Ground Textures/Materials/Groundplants 1_D 1762.mat
  artifactKey: Guid(51c0e0424184a484c80545098159bd12) Importer(2089858483,b0f066a214c2f5e87bad3c948f4d605d)
Start importing Assets/Grass And Flowers Pack 1/Ground Textures/Materials/Groundplants 1_D 1762.mat using Guid(51c0e0424184a484c80545098159bd12) Importer(2089858483,b0f066a214c2f5e87bad3c948f4d605d) (ScriptedImporter) -> (artifact id: 'b0506ec5e93a48772c08802b13b3ec08') in 0.0552599 seconds
Number of updated asset objects reloaded before import = 0Number of asset objects unloaded after import = 2

========================================================================
Received Import Request.
  Time since last request: 0.000054 seconds.
  path: Assets/Grass And Flowers Pack 1/Ground Textures/Materials/Groundplants 1_D 1724.mat
  artifactKey: Guid(9ca2a5c4342ce27488128d195b8b2327) Importer(2089858483,b0f066a214c2f5e87bad3c948f4d605d)
Start importing Assets/Grass And Flowers Pack 1/Ground Textures/Materials/Groundplants 1_D 1724.mat using Guid(9ca2a5c4342ce27488128d195b8b2327) Importer(2089858483,b0f066a214c2f5e87bad3c948f4d605d) (ScriptedImporter) -> (artifact id: '43e7465d4b7c1ac1099b86944cd6c58f') in 0.0502924 seconds
Number of updated asset objects reloaded before import = 0Number of asset objects unloaded after import = 2

========================================================================
Received Import Request.
  Time since last request: 0.000094 seconds.
  path: Assets/Grass And Flowers Pack 1/Ground Textures/Materials/Groundplants 1_D 1829.mat
  artifactKey: Guid(7c60edd7bdf93e045b5f47835a1c4919) Importer(2089858483,b0f066a214c2f5e87bad3c948f4d605d)
Start importing Assets/Grass And Flowers Pack 1/Ground Textures/Materials/Groundplants 1_D 1829.mat using Guid(7c60edd7bdf93e045b5f47835a1c4919) Importer(2089858483,b0f066a214c2f5e87bad3c948f4d605d) (ScriptedImporter) -> (artifact id: '23dc045866457e620b0722089aa73fd3') in 0.0523371 seconds
Number of updated asset objects reloaded before import = 0Number of asset objects unloaded after import = 2

========================================================================
Received Import Request.
  Time since last request: 0.000074 seconds.
  path: Assets/Grass And Flowers Pack 1/Ground Textures/Materials/Groundplants 1_D 1836.mat
  artifactKey: Guid(f2640c9947f6e4c4a97a4bcae1060916) Importer(2089858483,b0f066a214c2f5e87bad3c948f4d605d)
Start importing Assets/Grass And Flowers Pack 1/Ground Textures/Materials/Groundplants 1_D 1836.mat using Guid(f2640c9947f6e4c4a97a4bcae1060916) Importer(2089858483,b0f066a214c2f5e87bad3c948f4d605d) (ScriptedImporter) -> (artifact id: 'b042a6832d43f9d9d50d5bd1a0246166') in 0.0393716 seconds
Number of updated asset objects reloaded before import = 0Number of asset objects unloaded after import = 2

========================================================================
Received Import Request.
  Time since last request: 0.000075 seconds.
  path: Assets/Grass And Flowers Pack 1/Ground Textures/Materials/Groundplants 1_D 1846.mat
  artifactKey: Guid(6c42d230392184640ad851e872838d7b) Importer(2089858483,b0f066a214c2f5e87bad3c948f4d605d)
Start importing Assets/Grass And Flowers Pack 1/Ground Textures/Materials/Groundplants 1_D 1846.mat using Guid(6c42d230392184640ad851e872838d7b) Importer(2089858483,b0f066a214c2f5e87bad3c948f4d605d) (ScriptedImporter) -> (artifact id: 'aa0b32036afe48e7ce5ea50902221f4a') in 0.0403024 seconds
Number of updated asset objects reloaded before import = 0Number of asset objects unloaded after import = 2

========================================================================
Received Import Request.
  Time since last request: 0.000056 seconds.
  path: Assets/Grass And Flowers Pack 1/Ground Textures/Materials/Groundplants 1_D 1692.mat
  artifactKey: Guid(ab902907d97d9cd4f9de03386be70a51) Importer(2089858483,b0f066a214c2f5e87bad3c948f4d605d)
Start importing Assets/Grass And Flowers Pack 1/Ground Textures/Materials/Groundplants 1_D 1692.mat using Guid(ab902907d97d9cd4f9de03386be70a51) Importer(2089858483,b0f066a214c2f5e87bad3c948f4d605d) (ScriptedImporter) -> (artifact id: 'd86dbf34bf65282d6af4c7748c87d481') in 0.037182 seconds
Number of updated asset objects reloaded before import = 0Number of asset objects unloaded after import = 2

========================================================================
Received Import Request.
  Time since last request: 0.000071 seconds.
  path: Assets/Grass And Flowers Pack 1/Ground Textures/Materials/Groundplants 1_D 1857.mat
  artifactKey: Guid(34fd0fa6de6e2e0458e3dd52263f00ff) Importer(2089858483,b0f066a214c2f5e87bad3c948f4d605d)
Start importing Assets/Grass And Flowers Pack 1/Ground Textures/Materials/Groundplants 1_D 1857.mat using Guid(34fd0fa6de6e2e0458e3dd52263f00ff) Importer(2089858483,b0f066a214c2f5e87bad3c948f4d605d) (ScriptedImporter) -> (artifact id: 'fef143abc71f44b60b9452258c807cb0') in 0.0438433 seconds
Number of updated asset objects reloaded before import = 0Number of asset objects unloaded after import = 2

========================================================================
Received Import Request.
  Time since last request: 0.000052 seconds.
  path: Assets/Grass And Flowers Pack 1/Ground Textures/Materials/Groundplants 1_D 1855.mat
  artifactKey: Guid(61b076836f3613146bffa17d6b64de4a) Importer(2089858483,b0f066a214c2f5e87bad3c948f4d605d)
Start importing Assets/Grass And Flowers Pack 1/Ground Textures/Materials/Groundplants 1_D 1855.mat using Guid(61b076836f3613146bffa17d6b64de4a) Importer(2089858483,b0f066a214c2f5e87bad3c948f4d605d) (ScriptedImporter) -> (artifact id: '73b602e03976c041d28aef063fbf31c5') in 0.0417426 seconds
Number of updated asset objects reloaded before import = 0Number of asset objects unloaded after import = 2

========================================================================
Received Import Request.
  Time since last request: 0.000063 seconds.
  path: Assets/Grass And Flowers Pack 1/Ground Textures/Materials/Groundplants 1_D 1743.mat
  artifactKey: Guid(b767810595104b4479efa0efd7a85a78) Importer(2089858483,b0f066a214c2f5e87bad3c948f4d605d)
Start importing Assets/Grass And Flowers Pack 1/Ground Textures/Materials/Groundplants 1_D 1743.mat using Guid(b767810595104b4479efa0efd7a85a78) Importer(2089858483,b0f066a214c2f5e87bad3c948f4d605d) (ScriptedImporter) -> (artifact id: '156f18243a5a37e0b98735ea89736601') in 0.0422847 seconds
Number of updated asset objects reloaded before import = 0Number of asset objects unloaded after import = 2

========================================================================
Received Import Request.
  Time since last request: 0.000079 seconds.
  path: Assets/Grass And Flowers Pack 1/Ground Textures/Materials/Groundplants 1_D 1863.mat
  artifactKey: Guid(9c46cb12bdf519d44a15b60db9d89f66) Importer(2089858483,b0f066a214c2f5e87bad3c948f4d605d)
Start importing Assets/Grass And Flowers Pack 1/Ground Textures/Materials/Groundplants 1_D 1863.mat using Guid(9c46cb12bdf519d44a15b60db9d89f66) Importer(2089858483,b0f066a214c2f5e87bad3c948f4d605d) (ScriptedImporter) -> (artifact id: 'eedc8fbd02d35bdf15d90ece748a631d') in 0.0513557 seconds
Number of updated asset objects reloaded before import = 0Number of asset objects unloaded after import = 2

========================================================================
Received Import Request.
  Time since last request: 0.000053 seconds.
  path: Assets/Grass And Flowers Pack 1/Ground Textures/Materials/Groundplants 1_D 1860.mat
  artifactKey: Guid(10ba699b3bb7ca242b899ca7e2ec6ff0) Importer(2089858483,b0f066a214c2f5e87bad3c948f4d605d)
Start importing Assets/Grass And Flowers Pack 1/Ground Textures/Materials/Groundplants 1_D 1860.mat using Guid(10ba699b3bb7ca242b899ca7e2ec6ff0) Importer(2089858483,b0f066a214c2f5e87bad3c948f4d605d) (ScriptedImporter) -> (artifact id: 'd9c0ff5595b24062fe91d7e16e222b14') in 0.0556043 seconds
Number of updated asset objects reloaded before import = 0Number of asset objects unloaded after import = 2

========================================================================
Received Import Request.
  Time since last request: 0.000087 seconds.
  path: Assets/Grass And Flowers Pack 1/Ground Textures/Materials/Groundplants 1_D 1874.mat
  artifactKey: Guid(93daebb2839c4b045b227e288f5dbaf0) Importer(2089858483,b0f066a214c2f5e87bad3c948f4d605d)
Start importing Assets/Grass And Flowers Pack 1/Ground Textures/Materials/Groundplants 1_D 1874.mat using Guid(93daebb2839c4b045b227e288f5dbaf0) Importer(2089858483,b0f066a214c2f5e87bad3c948f4d605d) (ScriptedImporter) -> (artifact id: '1b29f556bf73ce42f7a928418403daec') in 0.0615053 seconds
Number of updated asset objects reloaded before import = 0Number of asset objects unloaded after import = 2

========================================================================
Received Import Request.
  Time since last request: 0.000051 seconds.
  path: Assets/Grass And Flowers Pack 1/Ground Textures/Materials/Groundplants 1_D 1763.mat
  artifactKey: Guid(57e07b0838b07a64e989dfaf2e978d6f) Importer(2089858483,b0f066a214c2f5e87bad3c948f4d605d)
Start importing Assets/Grass And Flowers Pack 1/Ground Textures/Materials/Groundplants 1_D 1763.mat using Guid(57e07b0838b07a64e989dfaf2e978d6f) Importer(2089858483,b0f066a214c2f5e87bad3c948f4d605d) (ScriptedImporter) -> (artifact id: '1cde29684a70aa6d6395d6c8e286c684') in 0.2738067 seconds
Number of updated asset objects reloaded before import = 0Number of asset objects unloaded after import = 2

========================================================================
Received Import Request.
  Time since last request: 0.000107 seconds.
  path: Assets/Grass And Flowers Pack 1/Ground Textures/Materials/Groundplants 1_D 1892.mat
  artifactKey: Guid(fbcf503d490b38942aed3b765d3784fd) Importer(2089858483,b0f066a214c2f5e87bad3c948f4d605d)
Start importing Assets/Grass And Flowers Pack 1/Ground Textures/Materials/Groundplants 1_D 1892.mat using Guid(fbcf503d490b38942aed3b765d3784fd) Importer(2089858483,b0f066a214c2f5e87bad3c948f4d605d) (ScriptedImporter) -> (artifact id: 'fb4051f5175d49822e82d3c562a19cb1') in 0.1809473 seconds
Number of updated asset objects reloaded before import = 0Number of asset objects unloaded after import = 2

========================================================================
Received Import Request.
  Time since last request: 0.000061 seconds.
  path: Assets/Grass And Flowers Pack 1/Ground Textures/Materials/Groundplants 1_D 1895.mat
  artifactKey: Guid(bcdb3c28b15765c4a8ec7684bbec3abb) Importer(2089858483,b0f066a214c2f5e87bad3c948f4d605d)
Start importing Assets/Grass And Flowers Pack 1/Ground Textures/Materials/Groundplants 1_D 1895.mat using Guid(bcdb3c28b15765c4a8ec7684bbec3abb) Importer(2089858483,b0f066a214c2f5e87bad3c948f4d605d) (ScriptedImporter) -> (artifact id: 'de0994600573f43a2210881c7c4ff1f3') in 0.0482794 seconds
Number of updated asset objects reloaded before import = 0Number of asset objects unloaded after import = 2

========================================================================
Received Import Request.
  Time since last request: 0.000117 seconds.
  path: Assets/Grass And Flowers Pack 1/Ground Textures/Materials/Groundplants 1_D 1889.mat
  artifactKey: Guid(bbc790eab6928494d8d51493c42374a0) Importer(2089858483,b0f066a214c2f5e87bad3c948f4d605d)
Start importing Assets/Grass And Flowers Pack 1/Ground Textures/Materials/Groundplants 1_D 1889.mat using Guid(bbc790eab6928494d8d51493c42374a0) Importer(2089858483,b0f066a214c2f5e87bad3c948f4d605d) (ScriptedImporter) -> (artifact id: '6e433d5a4850c6cb0a065f69e803d0c0') in 0.0546608 seconds
Number of updated asset objects reloaded before import = 0Number of asset objects unloaded after import = 2

========================================================================
Received Import Request.
  Time since last request: 0.000054 seconds.
  path: Assets/Grass And Flowers Pack 1/Ground Textures/Materials/Groundplants 1_D 1674.mat
  artifactKey: Guid(b48b508ec5a6f25408798769fa590e99) Importer(2089858483,b0f066a214c2f5e87bad3c948f4d605d)
Start importing Assets/Grass And Flowers Pack 1/Ground Textures/Materials/Groundplants 1_D 1674.mat using Guid(b48b508ec5a6f25408798769fa590e99) Importer(2089858483,b0f066a214c2f5e87bad3c948f4d605d) (ScriptedImporter) -> (artifact id: '29b1a90a19bb9918ed7c7f1c800a4d39') in 0.0561521 seconds
Number of updated asset objects reloaded before import = 0Number of asset objects unloaded after import = 2

========================================================================
Received Import Request.
  Time since last request: 0.000054 seconds.
  path: Assets/Grass And Flowers Pack 1/Ground Textures/Materials/Groundplants 1_D 1903.mat
  artifactKey: Guid(9b9870bf73d1f3441915d460bdf70419) Importer(2089858483,b0f066a214c2f5e87bad3c948f4d605d)
Start importing Assets/Grass And Flowers Pack 1/Ground Textures/Materials/Groundplants 1_D 1903.mat using Guid(9b9870bf73d1f3441915d460bdf70419) Importer(2089858483,b0f066a214c2f5e87bad3c948f4d605d) (ScriptedImporter) -> (artifact id: '247a7e1bf8f2cc301c8504e61ed5bdcd') in 0.0502006 seconds
Number of updated asset objects reloaded before import = 0Number of asset objects unloaded after import = 2

========================================================================
Received Import Request.
  Time since last request: 0.000081 seconds.
  path: Assets/Grass And Flowers Pack 1/Ground Textures/Materials/Groundplants 1_D 1907.mat
  artifactKey: Guid(d21dca34f5dec714e8128c106f17395f) Importer(2089858483,b0f066a214c2f5e87bad3c948f4d605d)
Start importing Assets/Grass And Flowers Pack 1/Ground Textures/Materials/Groundplants 1_D 1907.mat using Guid(d21dca34f5dec714e8128c106f17395f) Importer(2089858483,b0f066a214c2f5e87bad3c948f4d605d) (ScriptedImporter) -> (artifact id: '2955a9db56f611eb87ac5ac5b4af04cf') in 0.0488085 seconds
Number of updated asset objects reloaded before import = 0Number of asset objects unloaded after import = 2

========================================================================
Received Import Request.
  Time since last request: 0.000061 seconds.
  path: Assets/Grass And Flowers Pack 1/Ground Textures/Materials/Groundplants 1_D 1919.mat
  artifactKey: Guid(26764cc973fbd444e96a7bfb7a150bb9) Importer(2089858483,b0f066a214c2f5e87bad3c948f4d605d)
Start importing Assets/Grass And Flowers Pack 1/Ground Textures/Materials/Groundplants 1_D 1919.mat using Guid(26764cc973fbd444e96a7bfb7a150bb9) Importer(2089858483,b0f066a214c2f5e87bad3c948f4d605d) (ScriptedImporter) -> (artifact id: '4ff3a3dfd58eb9ed38621037855bbcef') in 0.0473414 seconds
Number of updated asset objects reloaded before import = 0Number of asset objects unloaded after import = 2

========================================================================
Received Import Request.
  Time since last request: 0.000080 seconds.
  path: Assets/Grass And Flowers Pack 1/Ground Textures/Materials/Groundplants 1_D 1913.mat
  artifactKey: Guid(a112c132901a7744188b99579fa43c6c) Importer(2089858483,b0f066a214c2f5e87bad3c948f4d605d)
Start importing Assets/Grass And Flowers Pack 1/Ground Textures/Materials/Groundplants 1_D 1913.mat using Guid(a112c132901a7744188b99579fa43c6c) Importer(2089858483,b0f066a214c2f5e87bad3c948f4d605d) (ScriptedImporter) -> (artifact id: '16fc9235d942ad4ea56cf8e106574242') in 0.0502412 seconds
Number of updated asset objects reloaded before import = 0Number of asset objects unloaded after import = 2

========================================================================
Received Import Request.
  Time since last request: 0.000085 seconds.
  path: Assets/Grass And Flowers Pack 1/Ground Textures/Materials/Groundplants 1_D 1739.mat
  artifactKey: Guid(72a4c8f57fef1844199e3793613f3556) Importer(2089858483,b0f066a214c2f5e87bad3c948f4d605d)
Start importing Assets/Grass And Flowers Pack 1/Ground Textures/Materials/Groundplants 1_D 1739.mat using Guid(72a4c8f57fef1844199e3793613f3556) Importer(2089858483,b0f066a214c2f5e87bad3c948f4d605d) (ScriptedImporter) -> (artifact id: 'c72084712b6305238d926a84f280bec8') in 0.0482026 seconds
Number of updated asset objects reloaded before import = 0Number of asset objects unloaded after import = 2

========================================================================
Received Import Request.
  Time since last request: 0.000082 seconds.
  path: Assets/Grass And Flowers Pack 1/Ground Textures/Materials/Groundplants 1_D 1936.mat
  artifactKey: Guid(7fbc734b582f764419b344ff72215482) Importer(2089858483,b0f066a214c2f5e87bad3c948f4d605d)
Start importing Assets/Grass And Flowers Pack 1/Ground Textures/Materials/Groundplants 1_D 1936.mat using Guid(7fbc734b582f764419b344ff72215482) Importer(2089858483,b0f066a214c2f5e87bad3c948f4d605d) (ScriptedImporter) -> (artifact id: '4a8fe1a251044137679b3a677c6bb651') in 0.0474833 seconds
Number of updated asset objects reloaded before import = 0Number of asset objects unloaded after import = 2

========================================================================
Received Import Request.
  Time since last request: 0.000074 seconds.
  path: Assets/Grass And Flowers Pack 1/Ground Textures/Materials/Groundplants 1_D 1930.mat
  artifactKey: Guid(03345fddc49614a458c74b635ea92723) Importer(2089858483,b0f066a214c2f5e87bad3c948f4d605d)
Start importing Assets/Grass And Flowers Pack 1/Ground Textures/Materials/Groundplants 1_D 1930.mat using Guid(03345fddc49614a458c74b635ea92723) Importer(2089858483,b0f066a214c2f5e87bad3c948f4d605d) (ScriptedImporter) -> (artifact id: '0fcee617a52f7c91fdb674943a23ecf3') in 0.042314 seconds
Number of updated asset objects reloaded before import = 0Number of asset objects unloaded after import = 2

========================================================================
Received Import Request.
  Time since last request: 0.000055 seconds.
  path: Assets/Grass And Flowers Pack 1/Ground Textures/Materials/Groundplants 1_D 1946.mat
  artifactKey: Guid(d8ba4e10bf1475b469d436784326d74e) Importer(2089858483,b0f066a214c2f5e87bad3c948f4d605d)
Start importing Assets/Grass And Flowers Pack 1/Ground Textures/Materials/Groundplants 1_D 1946.mat using Guid(d8ba4e10bf1475b469d436784326d74e) Importer(2089858483,b0f066a214c2f5e87bad3c948f4d605d) (ScriptedImporter) -> (artifact id: 'da06284eba5c4087608020f4145254ab') in 0.0475839 seconds
Number of updated asset objects reloaded before import = 0Number of asset objects unloaded after import = 2

========================================================================
Received Import Request.
  Time since last request: 0.000082 seconds.
  path: Assets/Grass And Flowers Pack 1/Ground Textures/Materials/Groundplants 1_D 1929.mat
  artifactKey: Guid(fb40287e4f1234545bd7e8322f48ead6) Importer(2089858483,b0f066a214c2f5e87bad3c948f4d605d)
Start importing Assets/Grass And Flowers Pack 1/Ground Textures/Materials/Groundplants 1_D 1929.mat using Guid(fb40287e4f1234545bd7e8322f48ead6) Importer(2089858483,b0f066a214c2f5e87bad3c948f4d605d) (ScriptedImporter) -> (artifact id: 'fa8863c1b614210a0b36a92d848707c9') in 0.0417048 seconds
Number of updated asset objects reloaded before import = 0Number of asset objects unloaded after import = 2

========================================================================
Received Import Request.
  Time since last request: 0.000067 seconds.
  path: Assets/Grass And Flowers Pack 1/Ground Textures/Materials/Groundplants 1_D 1933.mat
  artifactKey: Guid(065eb290bc21e0649b3c0a364714980a) Importer(2089858483,b0f066a214c2f5e87bad3c948f4d605d)
Start importing Assets/Grass And Flowers Pack 1/Ground Textures/Materials/Groundplants 1_D 1933.mat using Guid(065eb290bc21e0649b3c0a364714980a) Importer(2089858483,b0f066a214c2f5e87bad3c948f4d605d) (ScriptedImporter) -> (artifact id: '44a305a3803337735326c0804435b4e7') in 0.0664263 seconds
Number of updated asset objects reloaded before import = 0Number of asset objects unloaded after import = 2

========================================================================
Received Import Request.
  Time since last request: 0.000056 seconds.
  path: Assets/Grass And Flowers Pack 1/Ground Textures/Materials/Groundplants 1_D 1951.mat
  artifactKey: Guid(fd15d0257a7fa30498c86b23783b1486) Importer(2089858483,b0f066a214c2f5e87bad3c948f4d605d)
Start importing Assets/Grass And Flowers Pack 1/Ground Textures/Materials/Groundplants 1_D 1951.mat using Guid(fd15d0257a7fa30498c86b23783b1486) Importer(2089858483,b0f066a214c2f5e87bad3c948f4d605d) (ScriptedImporter) -> (artifact id: 'a4e46db222c36f6e134735942b8dd049') in 0.0464386 seconds
Number of updated asset objects reloaded before import = 0Number of asset objects unloaded after import = 2

========================================================================
Received Import Request.
  Time since last request: 0.000096 seconds.
  path: Assets/Grass And Flowers Pack 1/Ground Textures/Materials/Groundplants 1_D 1960.mat
  artifactKey: Guid(6ebf2d04e8ccb5a4f95e405a71eee1a1) Importer(2089858483,b0f066a214c2f5e87bad3c948f4d605d)
Start importing Assets/Grass And Flowers Pack 1/Ground Textures/Materials/Groundplants 1_D 1960.mat using Guid(6ebf2d04e8ccb5a4f95e405a71eee1a1) Importer(2089858483,b0f066a214c2f5e87bad3c948f4d605d) (ScriptedImporter) -> (artifact id: '857ef73575371bc8273a3bb1d5786a75') in 0.0554622 seconds
Number of updated asset objects reloaded before import = 0Number of asset objects unloaded after import = 2

========================================================================
Received Import Request.
  Time since last request: 0.000054 seconds.
  path: Assets/Grass And Flowers Pack 1/Ground Textures/Materials/Groundplants 1_D 1972.mat
  artifactKey: Guid(9626880f12349e047aafd9ae70b42d0a) Importer(2089858483,b0f066a214c2f5e87bad3c948f4d605d)
Start importing Assets/Grass And Flowers Pack 1/Ground Textures/Materials/Groundplants 1_D 1972.mat using Guid(9626880f12349e047aafd9ae70b42d0a) Importer(2089858483,b0f066a214c2f5e87bad3c948f4d605d) (ScriptedImporter) -> (artifact id: 'a36975dac26e589c45073906ba6d40fb') in 0.1866285 seconds
Number of updated asset objects reloaded before import = 0Number of asset objects unloaded after import = 2

========================================================================
Received Import Request.
  Time since last request: 0.000072 seconds.
  path: Assets/Grass And Flowers Pack 1/Ground Textures/Materials/Groundplants 1_D 1965.mat
  artifactKey: Guid(08a4fbbae4a5fd54fb239007cfae94a1) Importer(2089858483,b0f066a214c2f5e87bad3c948f4d605d)
Start importing Assets/Grass And Flowers Pack 1/Ground Textures/Materials/Groundplants 1_D 1965.mat using Guid(08a4fbbae4a5fd54fb239007cfae94a1) Importer(2089858483,b0f066a214c2f5e87bad3c948f4d605d) (ScriptedImporter) -> (artifact id: '3e5260beefaf8b1e72c27f390f8ed560') in 0.3897178 seconds
Number of updated asset objects reloaded before import = 0Number of asset objects unloaded after import = 2

========================================================================
Received Import Request.
  Time since last request: 0.000083 seconds.
  path: Assets/Grass And Flowers Pack 1/Ground Textures/Materials/Groundplants 1_D 1866.mat
  artifactKey: Guid(9137b83973222064b9fee8ce809e065f) Importer(2089858483,b0f066a214c2f5e87bad3c948f4d605d)
Start importing Assets/Grass And Flowers Pack 1/Ground Textures/Materials/Groundplants 1_D 1866.mat using Guid(9137b83973222064b9fee8ce809e065f) Importer(2089858483,b0f066a214c2f5e87bad3c948f4d605d) (ScriptedImporter) -> (artifact id: 'ce016e9c5840346cc3260deee1119f4d') in 0.0504337 seconds
Number of updated asset objects reloaded before import = 0Number of asset objects unloaded after import = 2

========================================================================
Received Import Request.
  Time since last request: 0.000059 seconds.
  path: Assets/Grass And Flowers Pack 1/Ground Textures/Materials/Groundplants 1_D 1740.mat
  artifactKey: Guid(656c371f57d0b254c973a548a74eff5c) Importer(2089858483,b0f066a214c2f5e87bad3c948f4d605d)
Start importing Assets/Grass And Flowers Pack 1/Ground Textures/Materials/Groundplants 1_D 1740.mat using Guid(656c371f57d0b254c973a548a74eff5c) Importer(2089858483,b0f066a214c2f5e87bad3c948f4d605d) (ScriptedImporter) -> (artifact id: '3af420e2b0e1549ad81ab6414f677046') in 0.0474843 seconds
Number of updated asset objects reloaded before import = 0Number of asset objects unloaded after import = 2

========================================================================
Received Import Request.
  Time since last request: 0.000078 seconds.
  path: Assets/Grass And Flowers Pack 1/Ground Textures/Materials/Groundplants 1_D 1820.mat
  artifactKey: Guid(276bd92eacc4ad44e938e442a778ff6f) Importer(2089858483,b0f066a214c2f5e87bad3c948f4d605d)
Start importing Assets/Grass And Flowers Pack 1/Ground Textures/Materials/Groundplants 1_D 1820.mat using Guid(276bd92eacc4ad44e938e442a778ff6f) Importer(2089858483,b0f066a214c2f5e87bad3c948f4d605d) (ScriptedImporter) -> (artifact id: '372ed007840456a63dc538358d7a15db') in 0.0454536 seconds
Number of updated asset objects reloaded before import = 0Number of asset objects unloaded after import = 2

========================================================================
Received Import Request.
  Time since last request: 0.000061 seconds.
  path: Assets/Grass And Flowers Pack 1/Ground Textures/Materials/Groundplants 1_D 1803.mat
  artifactKey: Guid(3abcba5473194604e893b1a99b65d83b) Importer(2089858483,b0f066a214c2f5e87bad3c948f4d605d)
Start importing Assets/Grass And Flowers Pack 1/Ground Textures/Materials/Groundplants 1_D 1803.mat using Guid(3abcba5473194604e893b1a99b65d83b) Importer(2089858483,b0f066a214c2f5e87bad3c948f4d605d) (ScriptedImporter) -> (artifact id: '75a04bf3326b5718f3c4b88c0e06bbf1') in 0.0434811 seconds
Number of updated asset objects reloaded before import = 0Number of asset objects unloaded after import = 2

========================================================================
Received Import Request.
  Time since last request: 0.000081 seconds.
  path: Assets/Grass And Flowers Pack 1/Ground Textures/Materials/Groundplants 1_D 1597.mat
  artifactKey: Guid(f155a8221eddfc64b9f1d7025ff46828) Importer(2089858483,b0f066a214c2f5e87bad3c948f4d605d)
Start importing Assets/Grass And Flowers Pack 1/Ground Textures/Materials/Groundplants 1_D 1597.mat using Guid(f155a8221eddfc64b9f1d7025ff46828) Importer(2089858483,b0f066a214c2f5e87bad3c948f4d605d) (ScriptedImporter) -> (artifact id: 'a641c2e4f3fc330ffb665a9f41f8a382') in 0.0444716 seconds
Number of updated asset objects reloaded before import = 0Number of asset objects unloaded after import = 2

========================================================================
Received Import Request.
  Time since last request: 0.000056 seconds.
  path: Assets/Grass And Flowers Pack 1/Ground Textures/Materials/Groundplants 1_D 1619.mat
  artifactKey: Guid(ff0935c4daaefc542932c5539c49d071) Importer(2089858483,b0f066a214c2f5e87bad3c948f4d605d)
Start importing Assets/Grass And Flowers Pack 1/Ground Textures/Materials/Groundplants 1_D 1619.mat using Guid(ff0935c4daaefc542932c5539c49d071) Importer(2089858483,b0f066a214c2f5e87bad3c948f4d605d) (ScriptedImporter) -> (artifact id: 'b4f05c8fbe30f918c7c4f59827587567') in 0.0409634 seconds
Number of updated asset objects reloaded before import = 0Number of asset objects unloaded after import = 2

========================================================================
Received Import Request.
  Time since last request: 0.000068 seconds.
  path: Assets/Grass And Flowers Pack 1/Ground Textures/Materials/Groundplants 1_D 1705.mat
  artifactKey: Guid(343706abdf1e05542b605bcb03842ea2) Importer(2089858483,b0f066a214c2f5e87bad3c948f4d605d)
Start importing Assets/Grass And Flowers Pack 1/Ground Textures/Materials/Groundplants 1_D 1705.mat using Guid(343706abdf1e05542b605bcb03842ea2) Importer(2089858483,b0f066a214c2f5e87bad3c948f4d605d) (ScriptedImporter) -> (artifact id: 'cb635effd70ca0c6bc58f43c3d6b282c') in 0.0436445 seconds
Number of updated asset objects reloaded before import = 0Number of asset objects unloaded after import = 2

========================================================================
Received Import Request.
  Time since last request: 0.000097 seconds.
  path: Assets/Grass And Flowers Pack 1/Ground Textures/Materials/Groundplants 1_D 1515.mat
  artifactKey: Guid(2fe3f3ac2dd2cff4180c6ddc4080ccb4) Importer(2089858483,b0f066a214c2f5e87bad3c948f4d605d)
Start importing Assets/Grass And Flowers Pack 1/Ground Textures/Materials/Groundplants 1_D 1515.mat using Guid(2fe3f3ac2dd2cff4180c6ddc4080ccb4) Importer(2089858483,b0f066a214c2f5e87bad3c948f4d605d) (ScriptedImporter) -> (artifact id: 'fa7b56960aace5fdbf924267c9fa4967') in 0.043173 seconds
Number of updated asset objects reloaded before import = 0Number of asset objects unloaded after import = 2

========================================================================
Received Import Request.
  Time since last request: 0.000050 seconds.
  path: Assets/Grass And Flowers Pack 1/Ground Textures/Materials/Groundplants 1_D 1861.mat
  artifactKey: Guid(1cae45e24e1a6bd44ac8c86c0949a222) Importer(2089858483,b0f066a214c2f5e87bad3c948f4d605d)
Start importing Assets/Grass And Flowers Pack 1/Ground Textures/Materials/Groundplants 1_D 1861.mat using Guid(1cae45e24e1a6bd44ac8c86c0949a222) Importer(2089858483,b0f066a214c2f5e87bad3c948f4d605d) (ScriptedImporter) -> (artifact id: '7ca32cd0c526cd9a53ad046dbd02ec03') in 0.0470506 seconds
Number of updated asset objects reloaded before import = 0Number of asset objects unloaded after import = 2

========================================================================
Received Import Request.
  Time since last request: 0.000097 seconds.
  path: Assets/Grass And Flowers Pack 1/Ground Textures/Materials/Groundplants 1_D 1819.mat
  artifactKey: Guid(0aaebe664cd63b7459b78a021f581b09) Importer(2089858483,b0f066a214c2f5e87bad3c948f4d605d)
Start importing Assets/Grass And Flowers Pack 1/Ground Textures/Materials/Groundplants 1_D 1819.mat using Guid(0aaebe664cd63b7459b78a021f581b09) Importer(2089858483,b0f066a214c2f5e87bad3c948f4d605d) (ScriptedImporter) -> (artifact id: 'bfcc79d8955a182575cccd2f7f9f4551') in 0.0438253 seconds
Number of updated asset objects reloaded before import = 0Number of asset objects unloaded after import = 2

========================================================================
Received Import Request.
  Time since last request: 0.000199 seconds.
  path: Assets/Grass And Flowers Pack 1/Ground Textures/Materials/Groundplants 1_D 1756.mat
  artifactKey: Guid(bed647c4e4e25bf48bcb326dbeafa494) Importer(2089858483,b0f066a214c2f5e87bad3c948f4d605d)
Start importing Assets/Grass And Flowers Pack 1/Ground Textures/Materials/Groundplants 1_D 1756.mat using Guid(bed647c4e4e25bf48bcb326dbeafa494) Importer(2089858483,b0f066a214c2f5e87bad3c948f4d605d) (ScriptedImporter) -> (artifact id: 'bac6dbd4431e0cd7ae6e9abd10a7d5fc') in 0.0438329 seconds
Number of updated asset objects reloaded before import = 0Number of asset objects unloaded after import = 2

========================================================================
Received Import Request.
  Time since last request: 0.000093 seconds.
  path: Assets/Grass And Flowers Pack 1/Ground Textures/Materials/Groundplants 1_D 1809.mat
  artifactKey: Guid(e426fe9f4b856274fa64b64b75f1e1ed) Importer(2089858483,b0f066a214c2f5e87bad3c948f4d605d)
Start importing Assets/Grass And Flowers Pack 1/Ground Textures/Materials/Groundplants 1_D 1809.mat using Guid(e426fe9f4b856274fa64b64b75f1e1ed) Importer(2089858483,b0f066a214c2f5e87bad3c948f4d605d) (ScriptedImporter) -> (artifact id: 'a608d21c49bd2ac54598bdad74991d21') in 0.0453096 seconds
Number of updated asset objects reloaded before import = 0Number of asset objects unloaded after import = 2

========================================================================
Received Import Request.
  Time since last request: 0.000061 seconds.
  path: Assets/Grass And Flowers Pack 1/Ground Textures/Materials/Groundplants 1_D 1540.mat
  artifactKey: Guid(4ecc52ea3eb975e4db93976790479b50) Importer(2089858483,b0f066a214c2f5e87bad3c948f4d605d)
Start importing Assets/Grass And Flowers Pack 1/Ground Textures/Materials/Groundplants 1_D 1540.mat using Guid(4ecc52ea3eb975e4db93976790479b50) Importer(2089858483,b0f066a214c2f5e87bad3c948f4d605d) (ScriptedImporter) -> (artifact id: '33666c85181342c0f4616147e50cdd58') in 0.0471451 seconds
Number of updated asset objects reloaded before import = 0Number of asset objects unloaded after import = 2

========================================================================
Received Import Request.
  Time since last request: 0.000073 seconds.
  path: Assets/Grass And Flowers Pack 1/Ground Textures/Materials/Groundplants 1_D 1517.mat
  artifactKey: Guid(3a7a688cc654c0146b4b341a20c2447d) Importer(2089858483,b0f066a214c2f5e87bad3c948f4d605d)
Start importing Assets/Grass And Flowers Pack 1/Ground Textures/Materials/Groundplants 1_D 1517.mat using Guid(3a7a688cc654c0146b4b341a20c2447d) Importer(2089858483,b0f066a214c2f5e87bad3c948f4d605d) (ScriptedImporter) -> (artifact id: 'c2a83110a9480868fc4c0b686b69ccaa') in 0.0425778 seconds
Number of updated asset objects reloaded before import = 0Number of asset objects unloaded after import = 2

========================================================================
Received Import Request.
  Time since last request: 0.000075 seconds.
  path: Assets/Grass And Flowers Pack 1/Ground Textures/Materials/Groundplants 1_D 1879.mat
  artifactKey: Guid(7d8708fc7510e3645ac6a7ad13451d46) Importer(2089858483,b0f066a214c2f5e87bad3c948f4d605d)
Start importing Assets/Grass And Flowers Pack 1/Ground Textures/Materials/Groundplants 1_D 1879.mat using Guid(7d8708fc7510e3645ac6a7ad13451d46) Importer(2089858483,b0f066a214c2f5e87bad3c948f4d605d) (ScriptedImporter) -> (artifact id: 'f0ad76a76edb068f402f335e1bd75d82') in 0.0457707 seconds
Number of updated asset objects reloaded before import = 0Number of asset objects unloaded after import = 2

========================================================================
Received Import Request.
  Time since last request: 0.000096 seconds.
  path: Assets/Grass And Flowers Pack 1/Ground Textures/Materials/Groundplants 1_D 1865.mat
  artifactKey: Guid(178023781fdb8fc42b4d166c9cd923b4) Importer(2089858483,b0f066a214c2f5e87bad3c948f4d605d)
Start importing Assets/Grass And Flowers Pack 1/Ground Textures/Materials/Groundplants 1_D 1865.mat using Guid(178023781fdb8fc42b4d166c9cd923b4) Importer(2089858483,b0f066a214c2f5e87bad3c948f4d605d) (ScriptedImporter) -> (artifact id: 'f7e07e83e223ff8b2a0a237d7015e0ca') in 0.0450601 seconds
Number of updated asset objects reloaded before import = 0Number of asset objects unloaded after import = 2

========================================================================
Received Import Request.
  Time since last request: 0.000062 seconds.
  path: Assets/Grass And Flowers Pack 1/Ground Textures/Materials/Groundplants 1_D 1955.mat
  artifactKey: Guid(e709834164d3f904aa93e642ead43950) Importer(2089858483,b0f066a214c2f5e87bad3c948f4d605d)
Start importing Assets/Grass And Flowers Pack 1/Ground Textures/Materials/Groundplants 1_D 1955.mat using Guid(e709834164d3f904aa93e642ead43950) Importer(2089858483,b0f066a214c2f5e87bad3c948f4d605d) (ScriptedImporter) -> (artifact id: 'f9ad56513b090258b5744e78b471c722') in 0.2680958 seconds
Number of updated asset objects reloaded before import = 0Number of asset objects unloaded after import = 2

Editor requested this worker to shutdown with reason: Scaling down because of idle timeout
AssetImportWorkerClient::OnTransportError - code=2 error=End of file
AssetImportWorker is now disconnected from the server
Process exiting
Exiting without the bug reporter. Application will terminate with return code 0