[Licensing::Module] Trying to connect to existing licensing client channel...
Built from '6000.3/staging' branch; Version is '6000.3.11f1 (3000ef702840) revision 3145967'; Using compiler version '194234433'; Build Type 'Release'
OS: 'Windows 11  (10.0.26200) Core' Language: 'en' Physical Memory: 15991 MB
BatchMode: 1, IsHumanControllingUs: 0, StartBugReporterOnCrash: 0, Is64bit: 1
System  architecture: x64
Process architecture: x64
Date: 2026-09-14T21:53:37Z
[Licensing::IpcConnector] Successfully connected to: "LicenseClient-hafiza" at "2026-09-14T21:53:37.1930204Z"

COMMAND LINE ARGUMENTS:
C:\Program Files\Unity\Hub\Editor\6000.3.11f1\Editor\Unity.exe
-adb2
-batchMode
-noUpm
-name
AssetImportWorker15
-projectPath
C:/Users/hafiz/OneDrive/Documents/InterfacePrototype2026/InterfacePrototype2026
-logFile
Logs/AssetImportWorker15.log
-srvPort
54325
-licensingIpc
LicenseClient-hafiza
-job-worker-count
9
-background-job-worker-count
8
-gc-helper-count
1
-name
AssetImport
Successfully changed project path to: C:/Users/hafiz/OneDrive/Documents/InterfacePrototype2026/InterfacePrototype2026
C:/Users/hafiz/OneDrive/Documents/InterfacePrototype2026/InterfacePrototype2026
[UnityMemory] Configuration Parameters - Can be set up in boot.config
    "memorysetup-temp-allocator-size-nav-mesh-worker=65536"
    "memorysetup-temp-allocator-size-audio-worker=65536"
    "memorysetup-temp-allocator-size-gfx=262144"
    "memorysetup-allocator-temp-initial-block-size-main=262144"
    "memorysetup-allocator-temp-initial-block-size-worker=262144"
    "memorysetup-temp-allocator-size-background-worker=32768"
    "memorysetup-temp-allocator-size-job-worker=262144"
    "memorysetup-temp-allocator-size-preload-manager=33554432"
    "memorysetup-temp-allocator-size-gi-baking-worker=262144"
    "memorysetup-temp-allocator-size-gi-baking-worker=262144"
    "memorysetup-temp-allocator-size-gi-baking-worker=262144"
    "memorysetup-temp-allocator-size-gi-baking-worker=262144"
    "memorysetup-temp-allocator-size-gi-baking-worker=262144"
    "memorysetup-bucket-allocator-granularity=16"
    "memorysetup-bucket-allocator-bucket-count=8"
    "memorysetup-bucket-allocator-block-size=33554432"
    "memorysetup-bucket-allocator-block-count=8"
    "memorysetup-main-allocator-block-size=16777216"
    "memorysetup-thread-allocator-block-size=16777216"
    "memorysetup-gfx-main-allocator-block-size=16777216"
    "memorysetup-gfx-thread-allocator-block-size=16777216"
    "memorysetup-cache-allocator-block-size=4194304"
    "memorysetup-typetree-allocator-block-size=2097152"
    "memorysetup-profiler-bucket-allocator-granularity=16"
    "memorysetup-profiler-bucket-allocator-bucket-count=8"
    "memorysetup-profiler-bucket-allocator-block-size=33554432"
    "memorysetup-profiler-bucket-allocator-block-count=8"
    "memorysetup-profiler-allocator-block-size=16777216"
    "memorysetup-profiler-editor-allocator-block-size=1048576"
    "memorysetup-temp-allocator-size-main=16777216"
    "memorysetup-job-temp-allocator-block-size=2097152"
    "memorysetup-job-temp-allocator-block-size-background=1048576"
    "memorysetup-job-temp-allocator-reduction-small-platforms=262144"
    "memorysetup-temp-allocator-size-cloud-worker=32768"
Player connection [7588]  Target information:

Player connection [7588]  * "[IP] 192.168.0.15 [Port] 0 [Flags] 2 [Guid] 4209571510 [EditorId] 4209571510 [Version] 1048832 [Id] WindowsEditor(7,_H_Rahman_) [Debug] 1 [PackageName] WindowsEditor [ProjectName] Editor" 

Player connection [7588] Host joined multi-casting on [225.0.0.222:54997]...
Player connection [7588] Host joined alternative multi-casting on [225.0.0.222:34997]...
JobSystem: Creating JobQueue using job-worker-count value 9
Input System module state changed to: Initialized.
[Physics::Module] Initialized fallback backend.
[Physics::Module] Id: 0xdecafbad
Library Redirect Path: Library/
[Physics::Module] Selected backend.
[Physics::Module] Name: PhysX
[Physics::Module] Id: 0xf2b8ea05
[Physics::Module] SDK Version: 4.1.2
[Physics::Module] Integration Version: 1.0.0
[Physics::Module] Threading Mode: Multi-Threaded
Refreshing native plugins compatible for Editor in 6.88 ms, found 3 plugins.
Preloading 0 native plugins for Editor in 0.00 ms.
Initialize engine version: 6000.3.11f1 (3000ef702840)
[Subsystems] Discovering subsystems at path C:/Program Files/Unity/Hub/Editor/6000.3.11f1/Editor/Data/Resources/UnitySubsystems
[Subsystems] Discovering subsystems at path C:/Users/hafiz/OneDrive/Documents/InterfacePrototype2026/InterfacePrototype2026/Assets
GfxDevice: creating device client; kGfxThreadingModeNonThreaded
Direct3D:
    Version:  Direct3D 11.0 [level 11.1]
    Renderer: Intel(R) Iris(R) Xe Graphics (ID=0xa7a0)
    Vendor:   Intel
    VRAM:     7995 MB
    Driver:   31.0.101.4255
Initialize mono
Mono path[0] = 'C:/Program Files/Unity/Hub/Editor/6000.3.11f1/Editor/Data/Managed'
Mono path[1] = 'C:/Program Files/Unity/Hub/Editor/6000.3.11f1/Editor/Data/MonoBleedingEdge/lib/mono/unityjit-win32'
Mono config path = 'C:/Program Files/Unity/Hub/Editor/6000.3.11f1/Editor/Data/MonoBleedingEdge/etc'
Using monoOptions --debugger-agent=transport=dt_socket,embedding=1,server=y,suspend=n,address=127.0.0.1:56016
Begin MonoManager ReloadAssembly
Registering precompiled unity dll's ...
Register platform support module: C:/Program Files/Unity/Hub/Editor/6000.3.11f1/Editor/Data/PlaybackEngines/WebGLSupport/UnityEditor.WebGL.Extensions.dll
Register platform support module: C:/Program Files/Unity/Hub/Editor/6000.3.11f1/Editor/Data/PlaybackEngines/WindowsStandaloneSupport/UnityEditor.WindowsStandalone.Extensions.dll
Registered in 0.006895 seconds.
[Licensing::Client] Error: HandshakeResponse reported an error:
	ResponseCode: 505
	ResponseStatus: Unsupported protocol version '1.18.0'.
[Licensing::Module] Error: Failed to handshake to channel: "LicenseClient-hafiza"
[Licensing::IpcConnector] LicenseClient-hafiza channel disconnected successfully.
[Licensing::IpcConnector] Successfully connected to: "LicenseClient-hafiza-6000.3.11" at "2026-09-14T21:53:41.2565186Z"
- Loaded All Assemblies, in  1.558 seconds
Native extension for WindowsStandalone target not found
Native extension for WebGL target not found
[Licensing::Client] Handshaking with LicensingClient:
  Version:                 1.18.0+23225a6
  Session Id:              b12c96135ce04178be5bb868fd011c11
  Correlation Id:          5ce078cdaeeff014a621325577cdbfb1
  External correlation Id: 2767253296504935579
  Machine Id:              IYw+UpfriCb3QdPui4rZhOquAz8=
[Licensing::Module] Successfully connected to LicensingClient on channel: "LicenseClient-hafiza-6000.3.11" (connect: 0.00s, validation: 0.01s, handshake: 0.51s)
[Licensing::IpcConnector] Successfully connected to: "LicenseClient-hafiza-6000.3.11-notifications" at "2026-09-14T21:53:41.7700171Z"
[Licensing::Module] Licensing Background thread has ended after 4.58s
Package Manager log level set to [2]
[Package Manager] Failed to launch server process. Reason: Unity was launched with the -noUpm command-line argument
[Package Manager] Unable to send message (not connected to server process).
[Package Manager] Cannot connect to Unity Package Manager local server
ScheduleIndexationOnStartup MainProcess:False IndexOnStartup:True
Mono: successfully reloaded assembly
- Finished resetting the current domain, in  1.497 seconds
Domain Reload Profiling: 3048ms
	BeginReloadAssembly (594ms)
		ExecutionOrderSort (0ms)
		DisableScriptedObjects (0ms)
		BackupInstance (0ms)
		ReleaseScriptingObjects (0ms)
		CreateAndSetChildDomain (2ms)
	RebuildCommonClasses (140ms)
	RebuildNativeTypeToScriptingClass (42ms)
	initialDomainReloadingComplete (169ms)
	LoadAllAssembliesAndSetupDomain (604ms)
		LoadAssemblies (585ms)
		RebuildTransferFunctionScriptingTraits (0ms)
		AnalyzeDomain (594ms)
			TypeCache.Refresh (589ms)
				TypeCache.ScanAssembly (549ms)
			BuildScriptInfoCaches (0ms)
			ResolveRequiredComponents (1ms)
	FinalizeReload (1499ms)
		ReleaseScriptCaches (0ms)
		RebuildScriptCaches (0ms)
		SetupLoadedEditorAssemblies (1337ms)
			LogAssemblyErrors (0ms)
			InitializePlatformSupportModulesInManaged (169ms)
			SetLoadedEditorAssemblies (16ms)
			BeforeProcessingInitializeOnLoad (274ms)
			ProcessInitializeOnLoadAttributes (527ms)
			ProcessInitializeOnLoadMethodAttributes (351ms)
			AfterProcessingInitializeOnLoad (0ms)
			EditorAssembliesLoaded (0ms)
		ExecutionOrderSort2 (0ms)
		AwakeInstancesAfterBackupRestoration (0ms)
========================================================================
Worker process is ready to serve import requests
Import Worker Mode flag is 0x00
Begin MonoManager ReloadAssembly
[Licensing::Client] Successfully resolved entitlement details
[Licensing::Module] License group:
  Id: F4-9Y4C-3YWY-AHYA-9WWZ-XXXX
  Product: Unity Personal
  Type: ULF
  Expiration: Unlimited
[Licensing::Module] License group:
  Id: 5773043619592-UnityPersXXXX
  Product: Unity Personal
  Type: Assigned
  Expiration: Unlimited
- Loaded All Assemblies, in  3.104 seconds
Refreshing native plugins compatible for Editor in 2.83 ms, found 3 plugins.
Native extension for WindowsStandalone target not found
Native extension for WebGL target not found
[Package Manager] Failed to launch server process. Reason: Unity was launched with the -noUpm command-line argument
[Package Manager] Unable to send message (not connected to server process).
[Package Manager] Cannot connect to Unity Package Manager local server
[Package Manager] Failed to launch server process. Reason: Unity was launched with the -noUpm command-line argument
[Package Manager] Unable to send message (not connected to server process).
[Package Manager] Cannot connect to Unity Package Manager local server
ScheduleIndexationOnStartup MainProcess:False IndexOnStartup:True
Mono: successfully reloaded assembly
- Finished resetting the current domain, in  2.937 seconds
Domain Reload Profiling: 6030ms
	BeginReloadAssembly (634ms)
		ExecutionOrderSort (0ms)
		DisableScriptedObjects (18ms)
		BackupInstance (0ms)
		ReleaseScriptingObjects (0ms)
		CreateAndSetChildDomain (69ms)
	RebuildCommonClasses (122ms)
	RebuildNativeTypeToScriptingClass (33ms)
	initialDomainReloadingComplete (155ms)
	LoadAllAssembliesAndSetupDomain (2147ms)
		LoadAssemblies (1552ms)
		RebuildTransferFunctionScriptingTraits (0ms)
		AnalyzeDomain (961ms)
			TypeCache.Refresh (655ms)
				TypeCache.ScanAssembly (609ms)
			BuildScriptInfoCaches (260ms)
			ResolveRequiredComponents (37ms)
	FinalizeReload (2938ms)
		ReleaseScriptCaches (0ms)
		RebuildScriptCaches (0ms)
		SetupLoadedEditorAssemblies (2310ms)
			LogAssemblyErrors (0ms)
			InitializePlatformSupportModulesInManaged (9ms)
			SetLoadedEditorAssemblies (13ms)
			BeforeProcessingInitializeOnLoad (458ms)
			ProcessInitializeOnLoadAttributes (1525ms)
			ProcessInitializeOnLoadMethodAttributes (288ms)
			AfterProcessingInitializeOnLoad (16ms)
			EditorAssembliesLoaded (1ms)
		ExecutionOrderSort2 (0ms)
		AwakeInstancesAfterBackupRestoration (27ms)
Launched and connected shader compiler UnityShaderCompiler.exe after 0.06 seconds
Refreshing native plugins compatible for Editor in 4.43 ms, found 3 plugins.
Preloading 0 native plugins for Editor in 0.00 ms.
Unloading 28 Unused Serialized files (Serialized files now loaded: 0)
Unloading 6422 unused Assets / (6.2 MB). Loaded Objects now: 7272.
Memory consumption went from 167.8 MB to 161.6 MB.
Total: 23.110600 ms (FindLiveObjects: 1.237700 ms CreateObjectMapping: 0.811000 ms MarkObjects: 14.381500 ms  DeleteObjects: 6.677000 ms)

========================================================================
Received Import Request.
  Time since last request: 178395.057851 seconds.
  path: Assets/Grass And Flowers Pack 1/Ground Textures/Materials/Groundplants 1_D 1000.mat
  artifactKey: Guid(7e9dc920631c5434487cd5dec5b751b1) Importer(2089858483,b0f066a214c2f5e87bad3c948f4d605d)
Start importing Assets/Grass And Flowers Pack 1/Ground Textures/Materials/Groundplants 1_D 1000.mat using Guid(7e9dc920631c5434487cd5dec5b751b1) Importer(2089858483,b0f066a214c2f5e87bad3c948f4d605d) (ScriptedImporter) -> (artifact id: '62c3fede8544c5b3ac85446968766937') in 0.5026377 seconds
Number of updated asset objects reloaded before import = 0Number of asset objects unloaded after import = 1

========================================================================
Received Import Request.
  Time since last request: 0.000064 seconds.
  path: Assets/Grass And Flowers Pack 1/Ground Textures/Materials/Groundplants 1_D 1100.mat
  artifactKey: Guid(6fbc45c06d1d4d443a3543bc59c0985c) Importer(2089858483,b0f066a214c2f5e87bad3c948f4d605d)
Start importing Assets/Grass And Flowers Pack 1/Ground Textures/Materials/Groundplants 1_D 1100.mat using Guid(6fbc45c06d1d4d443a3543bc59c0985c) Importer(2089858483,b0f066a214c2f5e87bad3c948f4d605d) (ScriptedImporter) -> (artifact id: '1502ab803c5d916aea9429086ccdfb7c') in 0.056627 seconds
Number of updated asset objects reloaded before import = 0Number of asset objects unloaded after import = 1

========================================================================
Received Import Request.
  Time since last request: 0.000050 seconds.
  path: Assets/Grass And Flowers Pack 1/Ground Textures/Materials/Groundplants 1_D 1086.mat
  artifactKey: Guid(8f07e02036759724d959097fff3c2cdb) Importer(2089858483,b0f066a214c2f5e87bad3c948f4d605d)
Start importing Assets/Grass And Flowers Pack 1/Ground Textures/Materials/Groundplants 1_D 1086.mat using Guid(8f07e02036759724d959097fff3c2cdb) Importer(2089858483,b0f066a214c2f5e87bad3c948f4d605d) (ScriptedImporter) -> (artifact id: 'f2bacbc25e03ea0d483bb901c92b46f5') in 0.1058039 seconds
Number of updated asset objects reloaded before import = 0Number of asset objects unloaded after import = 1

========================================================================
Received Import Request.
  Time since last request: 0.000060 seconds.
  path: Assets/Grass And Flowers Pack 1/Ground Textures/Materials/Groundplants 1_D 1016.mat
  artifactKey: Guid(f81788024288c614e8b84afb7d8e43ce) Importer(2089858483,b0f066a214c2f5e87bad3c948f4d605d)
Start importing Assets/Grass And Flowers Pack 1/Ground Textures/Materials/Groundplants 1_D 1016.mat using Guid(f81788024288c614e8b84afb7d8e43ce) Importer(2089858483,b0f066a214c2f5e87bad3c948f4d605d) (ScriptedImporter) -> (artifact id: '33cb6f73abd31d24545b0e0117066f33') in 0.0495721 seconds
Number of updated asset objects reloaded before import = 0Number of asset objects unloaded after import = 1

========================================================================
Received Import Request.
  Time since last request: 0.000083 seconds.
  path: Assets/Grass And Flowers Pack 1/Ground Textures/Materials/Groundplants 1_D 1013.mat
  artifactKey: Guid(1ee1a90586352f644a66aacdbc8b8b2f) Importer(2089858483,b0f066a214c2f5e87bad3c948f4d605d)
Start importing Assets/Grass And Flowers Pack 1/Ground Textures/Materials/Groundplants 1_D 1013.mat using Guid(1ee1a90586352f644a66aacdbc8b8b2f) Importer(2089858483,b0f066a214c2f5e87bad3c948f4d605d) (ScriptedImporter) -> (artifact id: '4f09424fa03f75f3586c7646a96aeb56') in 0.0819601 seconds
Number of updated asset objects reloaded before import = 0Number of asset objects unloaded after import = 1

========================================================================
Received Import Request.
  Time since last request: 0.000040 seconds.
  path: Assets/Grass And Flowers Pack 1/Ground Textures/Materials/Groundplants 1_D 1156.mat
  artifactKey: Guid(ee0813248578b1f469b61280a40c1bf2) Importer(2089858483,b0f066a214c2f5e87bad3c948f4d605d)
Start importing Assets/Grass And Flowers Pack 1/Ground Textures/Materials/Groundplants 1_D 1156.mat using Guid(ee0813248578b1f469b61280a40c1bf2) Importer(2089858483,b0f066a214c2f5e87bad3c948f4d605d) (ScriptedImporter) -> (artifact id: '328d8e3f5d35ccf5d082f005e0dcc3c7') in 0.0555101 seconds
Number of updated asset objects reloaded before import = 0Number of asset objects unloaded after import = 1

========================================================================
Received Import Request.
  Time since last request: 0.000111 seconds.
  path: Assets/Grass And Flowers Pack 1/Ground Textures/Materials/Groundplants 1_D 1170.mat
  artifactKey: Guid(44691ff72b8d64f44963923028e7e34e) Importer(2089858483,b0f066a214c2f5e87bad3c948f4d605d)
Start importing Assets/Grass And Flowers Pack 1/Ground Textures/Materials/Groundplants 1_D 1170.mat using Guid(44691ff72b8d64f44963923028e7e34e) Importer(2089858483,b0f066a214c2f5e87bad3c948f4d605d) (ScriptedImporter) -> (artifact id: 'a8a130f865a905959233f2e17a8ac2b7') in 0.0398438 seconds
Number of updated asset objects reloaded before import = 0Number of asset objects unloaded after import = 1

========================================================================
Received Import Request.
  Time since last request: 0.000044 seconds.
  path: Assets/Grass And Flowers Pack 1/Ground Textures/Materials/Groundplants 1_D 1177.mat
  artifactKey: Guid(64ffa25898ac7ed4aaad0212c27cb4fa) Importer(2089858483,b0f066a214c2f5e87bad3c948f4d605d)
Start importing Assets/Grass And Flowers Pack 1/Ground Textures/Materials/Groundplants 1_D 1177.mat using Guid(64ffa25898ac7ed4aaad0212c27cb4fa) Importer(2089858483,b0f066a214c2f5e87bad3c948f4d605d) (ScriptedImporter) -> (artifact id: 'f4eb896aebb03971878104c25f9bd832') in 0.3654642 seconds
Number of updated asset objects reloaded before import = 0Number of asset objects unloaded after import = 1

========================================================================
Received Import Request.
  Time since last request: 0.000098 seconds.
  path: Assets/Grass And Flowers Pack 1/Ground Textures/Materials/Groundplants 1_D 1195.mat
  artifactKey: Guid(d995136f4d082ab4e8c6ce2fc326bd70) Importer(2089858483,b0f066a214c2f5e87bad3c948f4d605d)
Start importing Assets/Grass And Flowers Pack 1/Ground Textures/Materials/Groundplants 1_D 1195.mat using Guid(d995136f4d082ab4e8c6ce2fc326bd70) Importer(2089858483,b0f066a214c2f5e87bad3c948f4d605d) (ScriptedImporter) -> (artifact id: '4ea432474d24e374eda9f9b695dd4ee8') in 0.0682496 seconds
Number of updated asset objects reloaded before import = 0Number of asset objects unloaded after import = 1

========================================================================
Received Import Request.
  Time since last request: 0.000037 seconds.
  path: Assets/Grass And Flowers Pack 1/Ground Textures/Materials/Groundplants 1_D 1188.mat
  artifactKey: Guid(ad2e77caf6229a442ad641d8510e116a) Importer(2089858483,b0f066a214c2f5e87bad3c948f4d605d)
Start importing Assets/Grass And Flowers Pack 1/Ground Textures/Materials/Groundplants 1_D 1188.mat using Guid(ad2e77caf6229a442ad641d8510e116a) Importer(2089858483,b0f066a214c2f5e87bad3c948f4d605d) (ScriptedImporter) -> (artifact id: '1bb942164c5996628fc3d9a73991b9c7') in 0.0982004 seconds
Number of updated asset objects reloaded before import = 0Number of asset objects unloaded after import = 1

========================================================================
Received Import Request.
  Time since last request: 0.000044 seconds.
  path: Assets/Grass And Flowers Pack 1/Ground Textures/Materials/Groundplants 1_D 1201.mat
  artifactKey: Guid(8662c9e744d0ff04a8d7e0234efc3926) Importer(2089858483,b0f066a214c2f5e87bad3c948f4d605d)
Start importing Assets/Grass And Flowers Pack 1/Ground Textures/Materials/Groundplants 1_D 1201.mat using Guid(8662c9e744d0ff04a8d7e0234efc3926) Importer(2089858483,b0f066a214c2f5e87bad3c948f4d605d) (ScriptedImporter) -> (artifact id: 'fc1d0e81cbe4165b8b5620e572c6f878') in 0.1435029 seconds
Number of updated asset objects reloaded before import = 0Number of asset objects unloaded after import = 1

========================================================================
Received Import Request.
  Time since last request: 0.000079 seconds.
  path: Assets/Grass And Flowers Pack 1/Ground Textures/Materials/Groundplants 1_D 1146.mat
  artifactKey: Guid(420e6e9b2928c6b42a80c627f52cd068) Importer(2089858483,b0f066a214c2f5e87bad3c948f4d605d)
Start importing Assets/Grass And Flowers Pack 1/Ground Textures/Materials/Groundplants 1_D 1146.mat using Guid(420e6e9b2928c6b42a80c627f52cd068) Importer(2089858483,b0f066a214c2f5e87bad3c948f4d605d) (ScriptedImporter) -> (artifact id: '663a7c8ebe4085983e658030ab1b680d') in 0.2284679 seconds
Number of updated asset objects reloaded before import = 0Number of asset objects unloaded after import = 1

========================================================================
Received Import Request.
  Time since last request: 0.000044 seconds.
  path: Assets/Grass And Flowers Pack 1/Ground Textures/Materials/Groundplants 1_D 1044.mat
  artifactKey: Guid(07cdde41aba429542828bc5230f1fd2d) Importer(2089858483,b0f066a214c2f5e87bad3c948f4d605d)
Start importing Assets/Grass And Flowers Pack 1/Ground Textures/Materials/Groundplants 1_D 1044.mat using Guid(07cdde41aba429542828bc5230f1fd2d) Importer(2089858483,b0f066a214c2f5e87bad3c948f4d605d) (ScriptedImporter) -> (artifact id: '55c893778b93b67cbb789c8ffdad7cc2') in 0.0806335 seconds
Number of updated asset objects reloaded before import = 0Number of asset objects unloaded after import = 1

========================================================================
Received Import Request.
  Time since last request: 0.000091 seconds.
  path: Assets/Grass And Flowers Pack 1/Ground Textures/Materials/Groundplants 1_D 1217.mat
  artifactKey: Guid(8d67dd19c23bb73438bb6d27c4100d98) Importer(2089858483,b0f066a214c2f5e87bad3c948f4d605d)
Start importing Assets/Grass And Flowers Pack 1/Ground Textures/Materials/Groundplants 1_D 1217.mat using Guid(8d67dd19c23bb73438bb6d27c4100d98) Importer(2089858483,b0f066a214c2f5e87bad3c948f4d605d) (ScriptedImporter) -> (artifact id: 'b08ebcd781aeb5d4d40a2ab1b0421a86') in 0.0513653 seconds
Number of updated asset objects reloaded before import = 0Number of asset objects unloaded after import = 1

========================================================================
Received Import Request.
  Time since last request: 0.000047 seconds.
  path: Assets/Grass And Flowers Pack 1/Ground Textures/Materials/Groundplants 1_D 1209.mat
  artifactKey: Guid(dac57c53bf5e64149938405b5a1b4975) Importer(2089858483,b0f066a214c2f5e87bad3c948f4d605d)
Start importing Assets/Grass And Flowers Pack 1/Ground Textures/Materials/Groundplants 1_D 1209.mat using Guid(dac57c53bf5e64149938405b5a1b4975) Importer(2089858483,b0f066a214c2f5e87bad3c948f4d605d) (ScriptedImporter) -> (artifact id: '6a895c182f069eaf8d4db52dfb7ad2f2') in 0.1457223 seconds
Number of updated asset objects reloaded before import = 0Number of asset objects unloaded after import = 1

========================================================================
Received Import Request.
  Time since last request: 0.000070 seconds.
  path: Assets/Grass And Flowers Pack 1/Ground Textures/Materials/Groundplants 1_D 1226.mat
  artifactKey: Guid(77ad9e01aa8cc934386f1e1b12d0220a) Importer(2089858483,b0f066a214c2f5e87bad3c948f4d605d)
Start importing Assets/Grass And Flowers Pack 1/Ground Textures/Materials/Groundplants 1_D 1226.mat using Guid(77ad9e01aa8cc934386f1e1b12d0220a) Importer(2089858483,b0f066a214c2f5e87bad3c948f4d605d) (ScriptedImporter) -> (artifact id: '4bfd982818ada0f8b0ee7697f804c3b1') in 0.1444194 seconds
Number of updated asset objects reloaded before import = 0Number of asset objects unloaded after import = 1

========================================================================
Received Import Request.
  Time since last request: 0.000047 seconds.
  path: Assets/Grass And Flowers Pack 1/Ground Textures/Materials/Groundplants 1_D 1092.mat
  artifactKey: Guid(3136e57ece17dcd4da5ad64894db578d) Importer(2089858483,b0f066a214c2f5e87bad3c948f4d605d)
Start importing Assets/Grass And Flowers Pack 1/Ground Textures/Materials/Groundplants 1_D 1092.mat using Guid(3136e57ece17dcd4da5ad64894db578d) Importer(2089858483,b0f066a214c2f5e87bad3c948f4d605d) (ScriptedImporter) -> (artifact id: '8d56ed7b25aaf913bf85a7511ed653da') in 0.0858427 seconds
Number of updated asset objects reloaded before import = 0Number of asset objects unloaded after import = 1

========================================================================
Received Import Request.
  Time since last request: 0.000106 seconds.
  path: Assets/Grass And Flowers Pack 1/Ground Textures/Materials/Groundplants 1_D 1239.mat
  artifactKey: Guid(7c162da780954f442a0e9527c444ec7f) Importer(2089858483,b0f066a214c2f5e87bad3c948f4d605d)
Start importing Assets/Grass And Flowers Pack 1/Ground Textures/Materials/Groundplants 1_D 1239.mat using Guid(7c162da780954f442a0e9527c444ec7f) Importer(2089858483,b0f066a214c2f5e87bad3c948f4d605d) (ScriptedImporter) -> (artifact id: '4e038d25f0575077a47292d0e74273d8') in 0.0490244 seconds
Number of updated asset objects reloaded before import = 0Number of asset objects unloaded after import = 1

========================================================================
Received Import Request.
  Time since last request: 0.000038 seconds.
  path: Assets/Grass And Flowers Pack 1/Ground Textures/Materials/Groundplants 1_D 1241.mat
  artifactKey: Guid(460bb6fc9db6bb44eaccb4cd40a88f34) Importer(2089858483,b0f066a214c2f5e87bad3c948f4d605d)
Start importing Assets/Grass And Flowers Pack 1/Ground Textures/Materials/Groundplants 1_D 1241.mat using Guid(460bb6fc9db6bb44eaccb4cd40a88f34) Importer(2089858483,b0f066a214c2f5e87bad3c948f4d605d) (ScriptedImporter) -> (artifact id: '01d03b8fc9b4b53e7532078f6ab53776') in 0.045441 seconds
Number of updated asset objects reloaded before import = 0Number of asset objects unloaded after import = 1

========================================================================
Received Import Request.
  Time since last request: 0.000071 seconds.
  path: Assets/Grass And Flowers Pack 1/Ground Textures/Materials/Groundplants 1_D 1242.mat
  artifactKey: Guid(0e5346810d14ecf489394e5e01fca44d) Importer(2089858483,b0f066a214c2f5e87bad3c948f4d605d)
Start importing Assets/Grass And Flowers Pack 1/Ground Textures/Materials/Groundplants 1_D 1242.mat using Guid(0e5346810d14ecf489394e5e01fca44d) Importer(2089858483,b0f066a214c2f5e87bad3c948f4d605d) (ScriptedImporter) -> (artifact id: 'ea07056b0ddbb125889495313628ec63') in 0.0639363 seconds
Number of updated asset objects reloaded before import = 0Number of asset objects unloaded after import = 1

========================================================================
Received Import Request.
  Time since last request: 0.000079 seconds.
  path: Assets/Grass And Flowers Pack 1/Ground Textures/Materials/Groundplants 1_D 1220.mat
  artifactKey: Guid(67fecee2142e74b469098f5e3477cdd1) Importer(2089858483,b0f066a214c2f5e87bad3c948f4d605d)
Start importing Assets/Grass And Flowers Pack 1/Ground Textures/Materials/Groundplants 1_D 1220.mat using Guid(67fecee2142e74b469098f5e3477cdd1) Importer(2089858483,b0f066a214c2f5e87bad3c948f4d605d) (ScriptedImporter) -> (artifact id: '25a47de7500e8c4504e12d46abefa841') in 0.1910475 seconds
Number of updated asset objects reloaded before import = 0Number of asset objects unloaded after import = 1

========================================================================
Received Import Request.
  Time since last request: 0.000079 seconds.
  path: Assets/Grass And Flowers Pack 1/Ground Textures/Materials/Groundplants 1_D 1253.mat
  artifactKey: Guid(7211843a141ce6541b2bc2c4c832241d) Importer(2089858483,b0f066a214c2f5e87bad3c948f4d605d)
Start importing Assets/Grass And Flowers Pack 1/Ground Textures/Materials/Groundplants 1_D 1253.mat using Guid(7211843a141ce6541b2bc2c4c832241d) Importer(2089858483,b0f066a214c2f5e87bad3c948f4d605d) (ScriptedImporter) -> (artifact id: 'c88d5efd4d124fe6b329860a881afa52') in 0.0581193 seconds
Number of updated asset objects reloaded before import = 0Number of asset objects unloaded after import = 1

========================================================================
Received Import Request.
  Time since last request: 0.000053 seconds.
  path: Assets/Grass And Flowers Pack 1/Ground Textures/Materials/Groundplants 1_D 1261.mat
  artifactKey: Guid(7d35737d7dbbe2146a15a7b00e3c059b) Importer(2089858483,b0f066a214c2f5e87bad3c948f4d605d)
Start importing Assets/Grass And Flowers Pack 1/Ground Textures/Materials/Groundplants 1_D 1261.mat using Guid(7d35737d7dbbe2146a15a7b00e3c059b) Importer(2089858483,b0f066a214c2f5e87bad3c948f4d605d) (ScriptedImporter) -> (artifact id: 'dd14273ee7053aa82824be8dd36f6355') in 0.045759 seconds
Number of updated asset objects reloaded before import = 0Number of asset objects unloaded after import = 1

========================================================================
Received Import Request.
  Time since last request: 0.000069 seconds.
  path: Assets/Grass And Flowers Pack 1/Ground Textures/Materials/Groundplants 1_D 1262.mat
  artifactKey: Guid(a8cecaeed08ac62478882d4e13023239) Importer(2089858483,b0f066a214c2f5e87bad3c948f4d605d)
Start importing Assets/Grass And Flowers Pack 1/Ground Textures/Materials/Groundplants 1_D 1262.mat using Guid(a8cecaeed08ac62478882d4e13023239) Importer(2089858483,b0f066a214c2f5e87bad3c948f4d605d) (ScriptedImporter) -> (artifact id: 'd80994261a613ddfcac130b9aaf67fac') in 0.154522 seconds
Number of updated asset objects reloaded before import = 0Number of asset objects unloaded after import = 1

========================================================================
Received Import Request.
  Time since last request: 0.000048 seconds.
  path: Assets/Grass And Flowers Pack 1/Ground Textures/Materials/Groundplants 1_D 1169.mat
  artifactKey: Guid(d4f2b267187d0ff4ca421dc5db2cc7c2) Importer(2089858483,b0f066a214c2f5e87bad3c948f4d605d)
Start importing Assets/Grass And Flowers Pack 1/Ground Textures/Materials/Groundplants 1_D 1169.mat using Guid(d4f2b267187d0ff4ca421dc5db2cc7c2) Importer(2089858483,b0f066a214c2f5e87bad3c948f4d605d) (ScriptedImporter) -> (artifact id: '967fb455a6ac68a7f2205ed91f0ec8e2') in 0.0566026 seconds
Number of updated asset objects reloaded before import = 0Number of asset objects unloaded after import = 1

========================================================================
Received Import Request.
  Time since last request: 0.000072 seconds.
  path: Assets/Grass And Flowers Pack 1/Ground Textures/Materials/Groundplants 1_D 1277.mat
  artifactKey: Guid(9ab6a973e37b2be45bace7e6c9f21f84) Importer(2089858483,b0f066a214c2f5e87bad3c948f4d605d)
Start importing Assets/Grass And Flowers Pack 1/Ground Textures/Materials/Groundplants 1_D 1277.mat using Guid(9ab6a973e37b2be45bace7e6c9f21f84) Importer(2089858483,b0f066a214c2f5e87bad3c948f4d605d) (ScriptedImporter) -> (artifact id: 'a872b8a1e9bf10404568e4487c3d92b1') in 0.0469867 seconds
Number of updated asset objects reloaded before import = 0Number of asset objects unloaded after import = 1

========================================================================
Received Import Request.
  Time since last request: 0.000045 seconds.
  path: Assets/Grass And Flowers Pack 1/Ground Textures/Materials/Groundplants 1_D 1281.mat
  artifactKey: Guid(8f8508f999cc13642b38d4cadd3a3f30) Importer(2089858483,b0f066a214c2f5e87bad3c948f4d605d)
Start importing Assets/Grass And Flowers Pack 1/Ground Textures/Materials/Groundplants 1_D 1281.mat using Guid(8f8508f999cc13642b38d4cadd3a3f30) Importer(2089858483,b0f066a214c2f5e87bad3c948f4d605d) (ScriptedImporter) -> (artifact id: '786a00e419613de946fc2b19748589ae') in 0.1002134 seconds
Number of updated asset objects reloaded before import = 0Number of asset objects unloaded after import = 1

========================================================================
Received Import Request.
  Time since last request: 0.000064 seconds.
  path: Assets/Grass And Flowers Pack 1/Ground Textures/Materials/Groundplants 1_D 1290.mat
  artifactKey: Guid(5f554a6d269410247b72b9af631a9a58) Importer(2089858483,b0f066a214c2f5e87bad3c948f4d605d)
Start importing Assets/Grass And Flowers Pack 1/Ground Textures/Materials/Groundplants 1_D 1290.mat using Guid(5f554a6d269410247b72b9af631a9a58) Importer(2089858483,b0f066a214c2f5e87bad3c948f4d605d) (ScriptedImporter) -> (artifact id: 'c1c42a54857f9710c5b283c1fc6eea29') in 0.2284211 seconds
Number of updated asset objects reloaded before import = 0Number of asset objects unloaded after import = 1

========================================================================
Received Import Request.
  Time since last request: 0.000050 seconds.
  path: Assets/Grass And Flowers Pack 1/Ground Textures/Materials/Groundplants 1_D 1291.mat
  artifactKey: Guid(c503244bd202c7b458080407848687d9) Importer(2089858483,b0f066a214c2f5e87bad3c948f4d605d)
Start importing Assets/Grass And Flowers Pack 1/Ground Textures/Materials/Groundplants 1_D 1291.mat using Guid(c503244bd202c7b458080407848687d9) Importer(2089858483,b0f066a214c2f5e87bad3c948f4d605d) (ScriptedImporter) -> (artifact id: 'c82d115c32d805ed24c278f70d9447be') in 0.1327279 seconds
Number of updated asset objects reloaded before import = 0Number of asset objects unloaded after import = 1

========================================================================
Received Import Request.
  Time since last request: 0.000062 seconds.
  path: Assets/Grass And Flowers Pack 1/Ground Textures/Materials/Groundplants 1_D 1094.mat
  artifactKey: Guid(fe5903877e958fd479cff085428189a0) Importer(2089858483,b0f066a214c2f5e87bad3c948f4d605d)
Start importing Assets/Grass And Flowers Pack 1/Ground Textures/Materials/Groundplants 1_D 1094.mat using Guid(fe5903877e958fd479cff085428189a0) Importer(2089858483,b0f066a214c2f5e87bad3c948f4d605d) (ScriptedImporter) -> (artifact id: '653ade8481e8bfb9000e3d97c4e0ed0f') in 0.210395 seconds
Number of updated asset objects reloaded before import = 0Number of asset objects unloaded after import = 1

========================================================================
Received Import Request.
  Time since last request: 0.000099 seconds.
  path: Assets/Grass And Flowers Pack 1/Ground Textures/Materials/Groundplants 1_D 1302.mat
  artifactKey: Guid(b1badc7eb6a4ff0448c6f9f97e338a3e) Importer(2089858483,b0f066a214c2f5e87bad3c948f4d605d)
Start importing Assets/Grass And Flowers Pack 1/Ground Textures/Materials/Groundplants 1_D 1302.mat using Guid(b1badc7eb6a4ff0448c6f9f97e338a3e) Importer(2089858483,b0f066a214c2f5e87bad3c948f4d605d) (ScriptedImporter) -> (artifact id: '7c37856ceda912545766f96cd0375611') in 0.0926237 seconds
Number of updated asset objects reloaded before import = 0Number of asset objects unloaded after import = 1

========================================================================
Received Import Request.
  Time since last request: 0.000071 seconds.
  path: Assets/Grass And Flowers Pack 1/Ground Textures/Materials/Groundplants 1_D 1297.mat
  artifactKey: Guid(c98f581b7a928d74fae947f2dce4f356) Importer(2089858483,b0f066a214c2f5e87bad3c948f4d605d)
Start importing Assets/Grass And Flowers Pack 1/Ground Textures/Materials/Groundplants 1_D 1297.mat using Guid(c98f581b7a928d74fae947f2dce4f356) Importer(2089858483,b0f066a214c2f5e87bad3c948f4d605d) (ScriptedImporter) -> (artifact id: '2fdf0adb9d9ad99624689cb5ae9ba133') in 0.0450997 seconds
Number of updated asset objects reloaded before import = 0Number of asset objects unloaded after import = 1

========================================================================
Received Import Request.
  Time since last request: 0.000049 seconds.
  path: Assets/Grass And Flowers Pack 1/Ground Textures/Materials/Groundplants 1_D 1315.mat
  artifactKey: Guid(355affba32e85e044892ad2b450198f9) Importer(2089858483,b0f066a214c2f5e87bad3c948f4d605d)
Start importing Assets/Grass And Flowers Pack 1/Ground Textures/Materials/Groundplants 1_D 1315.mat using Guid(355affba32e85e044892ad2b450198f9) Importer(2089858483,b0f066a214c2f5e87bad3c948f4d605d) (ScriptedImporter) -> (artifact id: '42a948390a081f287ab8ce0e1177f32a') in 0.0547937 seconds
Number of updated asset objects reloaded before import = 0Number of asset objects unloaded after import = 1

========================================================================
Received Import Request.
  Time since last request: 0.000052 seconds.
  path: Assets/Grass And Flowers Pack 1/Ground Textures/Materials/Groundplants 1_D 1192.mat
  artifactKey: Guid(c7a54a92c5f551d41a6c25fed6419793) Importer(2089858483,b0f066a214c2f5e87bad3c948f4d605d)
Start importing Assets/Grass And Flowers Pack 1/Ground Textures/Materials/Groundplants 1_D 1192.mat using Guid(c7a54a92c5f551d41a6c25fed6419793) Importer(2089858483,b0f066a214c2f5e87bad3c948f4d605d) (ScriptedImporter) -> (artifact id: 'ce9672e71cdcde8e5303efb1c30e7dac') in 0.0749653 seconds
Number of updated asset objects reloaded before import = 0Number of asset objects unloaded after import = 1

========================================================================
Received Import Request.
  Time since last request: 0.000073 seconds.
  path: Assets/Grass And Flowers Pack 1/Ground Textures/Materials/Groundplants 1_D 1008.mat
  artifactKey: Guid(885d0ece3e1bc0143b3b2264a1dce94c) Importer(2089858483,b0f066a214c2f5e87bad3c948f4d605d)
Start importing Assets/Grass And Flowers Pack 1/Ground Textures/Materials/Groundplants 1_D 1008.mat using Guid(885d0ece3e1bc0143b3b2264a1dce94c) Importer(2089858483,b0f066a214c2f5e87bad3c948f4d605d) (ScriptedImporter) -> (artifact id: '0d05befe805d5a7d8d0fda81f074a99d') in 0.1621566 seconds
Number of updated asset objects reloaded before import = 0Number of asset objects unloaded after import = 1

========================================================================
Received Import Request.
  Time since last request: 0.000055 seconds.
  path: Assets/Grass And Flowers Pack 1/Ground Textures/Materials/Groundplants 1_D 1321.mat
  artifactKey: Guid(6932275f713e38c41b0e1014e26066a4) Importer(2089858483,b0f066a214c2f5e87bad3c948f4d605d)
Start importing Assets/Grass And Flowers Pack 1/Ground Textures/Materials/Groundplants 1_D 1321.mat using Guid(6932275f713e38c41b0e1014e26066a4) Importer(2089858483,b0f066a214c2f5e87bad3c948f4d605d) (ScriptedImporter) -> (artifact id: '83de03ed3ef711f94ab48f115279a63d') in 0.1281236 seconds
Number of updated asset objects reloaded before import = 0Number of asset objects unloaded after import = 1

========================================================================
Received Import Request.
  Time since last request: 0.000073 seconds.
  path: Assets/Grass And Flowers Pack 1/Ground Textures/Materials/Groundplants 1_D 1334.mat
  artifactKey: Guid(ef1b18e956f5e4444a28291db017f79b) Importer(2089858483,b0f066a214c2f5e87bad3c948f4d605d)
Start importing Assets/Grass And Flowers Pack 1/Ground Textures/Materials/Groundplants 1_D 1334.mat using Guid(ef1b18e956f5e4444a28291db017f79b) Importer(2089858483,b0f066a214c2f5e87bad3c948f4d605d) (ScriptedImporter) -> (artifact id: '2e703f7ba9f41db89e052b636701054c') in 0.1763612 seconds
Number of updated asset objects reloaded before import = 0Number of asset objects unloaded after import = 1

========================================================================
Received Import Request.
  Time since last request: 0.000063 seconds.
  path: Assets/Grass And Flowers Pack 1/Ground Textures/Materials/Groundplants 1_D 1336.mat
  artifactKey: Guid(02469006e59324e4bb713edac3dcb45a) Importer(2089858483,b0f066a214c2f5e87bad3c948f4d605d)
Start importing Assets/Grass And Flowers Pack 1/Ground Textures/Materials/Groundplants 1_D 1336.mat using Guid(02469006e59324e4bb713edac3dcb45a) Importer(2089858483,b0f066a214c2f5e87bad3c948f4d605d) (ScriptedImporter) -> (artifact id: 'acd25150b45c35856cc8d8d8e9d917ab') in 0.0474459 seconds
Number of updated asset objects reloaded before import = 0Number of asset objects unloaded after import = 1

========================================================================
Received Import Request.
  Time since last request: 0.000149 seconds.
  path: Assets/Grass And Flowers Pack 1/Ground Textures/Materials/Groundplants 1_D 1342.mat
  artifactKey: Guid(1c23a982aee174e4583e9ccf9176b161) Importer(2089858483,b0f066a214c2f5e87bad3c948f4d605d)
Start importing Assets/Grass And Flowers Pack 1/Ground Textures/Materials/Groundplants 1_D 1342.mat using Guid(1c23a982aee174e4583e9ccf9176b161) Importer(2089858483,b0f066a214c2f5e87bad3c948f4d605d) (ScriptedImporter) -> (artifact id: 'b10d89d6dbb34341b727faeeaa353695') in 0.2082952 seconds
Number of updated asset objects reloaded before import = 0Number of asset objects unloaded after import = 1

========================================================================
Received Import Request.
  Time since last request: 0.000054 seconds.
  path: Assets/Grass And Flowers Pack 1/Ground Textures/Materials/Groundplants 1_D 1348.mat
  artifactKey: Guid(80f084f18b17826458497f74a81efadd) Importer(2089858483,b0f066a214c2f5e87bad3c948f4d605d)
Start importing Assets/Grass And Flowers Pack 1/Ground Textures/Materials/Groundplants 1_D 1348.mat using Guid(80f084f18b17826458497f74a81efadd) Importer(2089858483,b0f066a214c2f5e87bad3c948f4d605d) (ScriptedImporter) -> (artifact id: '43e214cefc38213464fb4e96997aef76') in 0.1323405 seconds
Number of updated asset objects reloaded before import = 0Number of asset objects unloaded after import = 1

========================================================================
Received Import Request.
  Time since last request: 0.000065 seconds.
  path: Assets/Grass And Flowers Pack 1/Ground Textures/Materials/Groundplants 1_D 1286.mat
  artifactKey: Guid(58d4c2bc02df5ed4287b3a9ebb46166b) Importer(2089858483,b0f066a214c2f5e87bad3c948f4d605d)
Start importing Assets/Grass And Flowers Pack 1/Ground Textures/Materials/Groundplants 1_D 1286.mat using Guid(58d4c2bc02df5ed4287b3a9ebb46166b) Importer(2089858483,b0f066a214c2f5e87bad3c948f4d605d) (ScriptedImporter) -> (artifact id: '468a7bf4e7aaff72bb0e55f333c0f58b') in 0.3251967 seconds
Number of updated asset objects reloaded before import = 0Number of asset objects unloaded after import = 1

========================================================================
Received Import Request.
  Time since last request: 0.000048 seconds.
  path: Assets/Grass And Flowers Pack 1/Ground Textures/Materials/Groundplants 1_D 1358.mat
  artifactKey: Guid(e7e04ea069fd15d4293ea4229d133f14) Importer(2089858483,b0f066a214c2f5e87bad3c948f4d605d)
Start importing Assets/Grass And Flowers Pack 1/Ground Textures/Materials/Groundplants 1_D 1358.mat using Guid(e7e04ea069fd15d4293ea4229d133f14) Importer(2089858483,b0f066a214c2f5e87bad3c948f4d605d) (ScriptedImporter) -> (artifact id: '43d09ede77e2c6ede0dfcd3228c9e6c0') in 0.0649179 seconds
Number of updated asset objects reloaded before import = 0Number of asset objects unloaded after import = 1

========================================================================
Received Import Request.
  Time since last request: 0.000118 seconds.
  path: Assets/Grass And Flowers Pack 1/Ground Textures/Materials/Groundplants 1_D 1363.mat
  artifactKey: Guid(3232528e4150bbc46b01930c66c6ff22) Importer(2089858483,b0f066a214c2f5e87bad3c948f4d605d)
Start importing Assets/Grass And Flowers Pack 1/Ground Textures/Materials/Groundplants 1_D 1363.mat using Guid(3232528e4150bbc46b01930c66c6ff22) Importer(2089858483,b0f066a214c2f5e87bad3c948f4d605d) (ScriptedImporter) -> (artifact id: 'b2ef1864fa847eee83d3fcbd36fa6b60') in 0.1719974 seconds
Number of updated asset objects reloaded before import = 0Number of asset objects unloaded after import = 1

========================================================================
Received Import Request.
  Time since last request: 0.000063 seconds.
  path: Assets/Grass And Flowers Pack 1/Ground Textures/Materials/Groundplants 1_D 1362.mat
  artifactKey: Guid(c444d1e6e951e3f4e9dec8f284f96232) Importer(2089858483,b0f066a214c2f5e87bad3c948f4d605d)
Start importing Assets/Grass And Flowers Pack 1/Ground Textures/Materials/Groundplants 1_D 1362.mat using Guid(c444d1e6e951e3f4e9dec8f284f96232) Importer(2089858483,b0f066a214c2f5e87bad3c948f4d605d) (ScriptedImporter) -> (artifact id: '7e2230b0dc7f85c3adf12a5e09a044fa') in 0.0480131 seconds
Number of updated asset objects reloaded before import = 0Number of asset objects unloaded after import = 1

========================================================================
Received Import Request.
  Time since last request: 0.000072 seconds.
  path: Assets/Grass And Flowers Pack 1/Ground Textures/Materials/Groundplants 1_D 1371.mat
  artifactKey: Guid(0983381432cb984408b4ee959cbeba58) Importer(2089858483,b0f066a214c2f5e87bad3c948f4d605d)
Start importing Assets/Grass And Flowers Pack 1/Ground Textures/Materials/Groundplants 1_D 1371.mat using Guid(0983381432cb984408b4ee959cbeba58) Importer(2089858483,b0f066a214c2f5e87bad3c948f4d605d) (ScriptedImporter) -> (artifact id: '7651bc1f71e34fff1a208a32d620462a') in 0.3011761 seconds
Number of updated asset objects reloaded before import = 0Number of asset objects unloaded after import = 1

========================================================================
Received Import Request.
  Time since last request: 0.000036 seconds.
  path: Assets/Grass And Flowers Pack 1/Ground Textures/Materials/Groundplants 1_D 1377.mat
  artifactKey: Guid(0149af21ee646b348a4830ab7922df69) Importer(2089858483,b0f066a214c2f5e87bad3c948f4d605d)
Start importing Assets/Grass And Flowers Pack 1/Ground Textures/Materials/Groundplants 1_D 1377.mat using Guid(0149af21ee646b348a4830ab7922df69) Importer(2089858483,b0f066a214c2f5e87bad3c948f4d605d) (ScriptedImporter) -> (artifact id: '2786ee5533bace65ff6fbf44a4757d17') in 0.2045257 seconds
Number of updated asset objects reloaded before import = 0Number of asset objects unloaded after import = 1

========================================================================
Received Import Request.
  Time since last request: 0.000055 seconds.
  path: Assets/Grass And Flowers Pack 1/Ground Textures/Materials/Groundplants 1_D 1386.mat
  artifactKey: Guid(f69b59fd2569fcc48be48162f8928265) Importer(2089858483,b0f066a214c2f5e87bad3c948f4d605d)
Start importing Assets/Grass And Flowers Pack 1/Ground Textures/Materials/Groundplants 1_D 1386.mat using Guid(f69b59fd2569fcc48be48162f8928265) Importer(2089858483,b0f066a214c2f5e87bad3c948f4d605d) (ScriptedImporter) -> (artifact id: '0268d73b936c36d5ce7baaee467ffa93') in 0.1087518 seconds
Number of updated asset objects reloaded before import = 0Number of asset objects unloaded after import = 1

========================================================================
Received Import Request.
  Time since last request: 0.000035 seconds.
  path: Assets/Grass And Flowers Pack 1/Ground Textures/Materials/Groundplants 1_D 1126.mat
  artifactKey: Guid(355cd6c6cd71fb048818bf11253e2512) Importer(2089858483,b0f066a214c2f5e87bad3c948f4d605d)
Start importing Assets/Grass And Flowers Pack 1/Ground Textures/Materials/Groundplants 1_D 1126.mat using Guid(355cd6c6cd71fb048818bf11253e2512) Importer(2089858483,b0f066a214c2f5e87bad3c948f4d605d) (ScriptedImporter) -> (artifact id: '6285c32522a6848a8e8b1f6a9944755a') in 0.059144 seconds
Number of updated asset objects reloaded before import = 0Number of asset objects unloaded after import = 1

========================================================================
Received Import Request.
  Time since last request: 0.000056 seconds.
  path: Assets/Grass And Flowers Pack 1/Ground Textures/Materials/Groundplants 1_D 1396.mat
  artifactKey: Guid(d25b3514d56b5bf419bdad91ecae5238) Importer(2089858483,b0f066a214c2f5e87bad3c948f4d605d)
Start importing Assets/Grass And Flowers Pack 1/Ground Textures/Materials/Groundplants 1_D 1396.mat using Guid(d25b3514d56b5bf419bdad91ecae5238) Importer(2089858483,b0f066a214c2f5e87bad3c948f4d605d) (ScriptedImporter) -> (artifact id: '1112aceb39bc7ebb5ead609228f03c86') in 0.0433974 seconds
Number of updated asset objects reloaded before import = 0Number of asset objects unloaded after import = 1

========================================================================
Received Import Request.
  Time since last request: 0.000039 seconds.
  path: Assets/Grass And Flowers Pack 1/Ground Textures/Materials/Groundplants 1_D 1389.mat
  artifactKey: Guid(02f563f0cd8f011439d71622650a204d) Importer(2089858483,b0f066a214c2f5e87bad3c948f4d605d)
Start importing Assets/Grass And Flowers Pack 1/Ground Textures/Materials/Groundplants 1_D 1389.mat using Guid(02f563f0cd8f011439d71622650a204d) Importer(2089858483,b0f066a214c2f5e87bad3c948f4d605d) (ScriptedImporter) -> (artifact id: 'ebbfa51d5c84d488b027ce7fd55d3232') in 0.0907128 seconds
Number of updated asset objects reloaded before import = 0Number of asset objects unloaded after import = 1

========================================================================
Received Import Request.
  Time since last request: 0.000044 seconds.
  path: Assets/Grass And Flowers Pack 1/Ground Textures/Materials/Groundplants 1_D 1063.mat
  artifactKey: Guid(3d69033ee19b4b14e99baba033d85bb1) Importer(2089858483,b0f066a214c2f5e87bad3c948f4d605d)
Start importing Assets/Grass And Flowers Pack 1/Ground Textures/Materials/Groundplants 1_D 1063.mat using Guid(3d69033ee19b4b14e99baba033d85bb1) Importer(2089858483,b0f066a214c2f5e87bad3c948f4d605d) (ScriptedImporter) -> (artifact id: '9748c8236e7604bb25d1782e1bb98b64') in 0.1056126 seconds
Number of updated asset objects reloaded before import = 0Number of asset objects unloaded after import = 1

========================================================================
Received Import Request.
  Time since last request: 0.000116 seconds.
  path: Assets/Grass And Flowers Pack 1/Ground Textures/Materials/Groundplants 1_D 1398.mat
  artifactKey: Guid(55c3f6c2b177fb746aee7f920f64ae67) Importer(2089858483,b0f066a214c2f5e87bad3c948f4d605d)
Start importing Assets/Grass And Flowers Pack 1/Ground Textures/Materials/Groundplants 1_D 1398.mat using Guid(55c3f6c2b177fb746aee7f920f64ae67) Importer(2089858483,b0f066a214c2f5e87bad3c948f4d605d) (ScriptedImporter) -> (artifact id: '961cb1a18df187239efbfce21741e077') in 0.2400285 seconds
Number of updated asset objects reloaded before import = 0Number of asset objects unloaded after import = 1

========================================================================
Received Import Request.
  Time since last request: 0.000046 seconds.
  path: Assets/Grass And Flowers Pack 1/Ground Textures/Materials/Groundplants 1_D 1408.mat
  artifactKey: Guid(4945497dfe6e7724c8b84c99501d349f) Importer(2089858483,b0f066a214c2f5e87bad3c948f4d605d)
Start importing Assets/Grass And Flowers Pack 1/Ground Textures/Materials/Groundplants 1_D 1408.mat using Guid(4945497dfe6e7724c8b84c99501d349f) Importer(2089858483,b0f066a214c2f5e87bad3c948f4d605d) (ScriptedImporter) -> (artifact id: '87a0ba809ddc657127b87ad8ae790448') in 0.1915144 seconds
Number of updated asset objects reloaded before import = 0Number of asset objects unloaded after import = 1

========================================================================
Received Import Request.
  Time since last request: 0.000069 seconds.
  path: Assets/Grass And Flowers Pack 1/Ground Textures/Materials/Groundplants 1_D 1399.mat
  artifactKey: Guid(5ff1e6811a1e8ae42a340fd112fc96c7) Importer(2089858483,b0f066a214c2f5e87bad3c948f4d605d)
Start importing Assets/Grass And Flowers Pack 1/Ground Textures/Materials/Groundplants 1_D 1399.mat using Guid(5ff1e6811a1e8ae42a340fd112fc96c7) Importer(2089858483,b0f066a214c2f5e87bad3c948f4d605d) (ScriptedImporter) -> (artifact id: '0efbb7ea0737027bdb590f665dd65963') in 0.2254859 seconds
Number of updated asset objects reloaded before import = 0Number of asset objects unloaded after import = 1

========================================================================
Received Import Request.
  Time since last request: 0.000037 seconds.
  path: Assets/Grass And Flowers Pack 1/Ground Textures/Materials/Groundplants 1_D 1425.mat
  artifactKey: Guid(5a7143cb3b8d9464bac3611da2dbd213) Importer(2089858483,b0f066a214c2f5e87bad3c948f4d605d)
Start importing Assets/Grass And Flowers Pack 1/Ground Textures/Materials/Groundplants 1_D 1425.mat using Guid(5a7143cb3b8d9464bac3611da2dbd213) Importer(2089858483,b0f066a214c2f5e87bad3c948f4d605d) (ScriptedImporter) -> (artifact id: 'ac1c686e2dabbd356f7b6d3742af6961') in 0.0853748 seconds
Number of updated asset objects reloaded before import = 0Number of asset objects unloaded after import = 1

========================================================================
Received Import Request.
  Time since last request: 0.000063 seconds.
  path: Assets/Grass And Flowers Pack 1/Ground Textures/Materials/Groundplants 1_D 1418.mat
  artifactKey: Guid(798208730f4d27741b19771f0bd90b76) Importer(2089858483,b0f066a214c2f5e87bad3c948f4d605d)
Start importing Assets/Grass And Flowers Pack 1/Ground Textures/Materials/Groundplants 1_D 1418.mat using Guid(798208730f4d27741b19771f0bd90b76) Importer(2089858483,b0f066a214c2f5e87bad3c948f4d605d) (ScriptedImporter) -> (artifact id: 'e8e757f3483e8b2ffe0eee878cb79d15') in 0.0593653 seconds
Number of updated asset objects reloaded before import = 0Number of asset objects unloaded after import = 1

========================================================================
Received Import Request.
  Time since last request: 0.000049 seconds.
  path: Assets/Grass And Flowers Pack 1/Ground Textures/Materials/Groundplants 1_D 1429.mat
  artifactKey: Guid(1e0ff872e7db9264a87fb3b74c7a436a) Importer(2089858483,b0f066a214c2f5e87bad3c948f4d605d)
Start importing Assets/Grass And Flowers Pack 1/Ground Textures/Materials/Groundplants 1_D 1429.mat using Guid(1e0ff872e7db9264a87fb3b74c7a436a) Importer(2089858483,b0f066a214c2f5e87bad3c948f4d605d) (ScriptedImporter) -> (artifact id: 'b91a6db1f7e6fd7c4f0b14fc4a02c456') in 0.1337856 seconds
Number of updated asset objects reloaded before import = 0Number of asset objects unloaded after import = 1

========================================================================
Received Import Request.
  Time since last request: 0.000068 seconds.
  path: Assets/Grass And Flowers Pack 1/Ground Textures/Materials/Groundplants 1_D 1435.mat
  artifactKey: Guid(604e62eaf97a2bc48a2cc46300c77c27) Importer(2089858483,b0f066a214c2f5e87bad3c948f4d605d)
Start importing Assets/Grass And Flowers Pack 1/Ground Textures/Materials/Groundplants 1_D 1435.mat using Guid(604e62eaf97a2bc48a2cc46300c77c27) Importer(2089858483,b0f066a214c2f5e87bad3c948f4d605d) (ScriptedImporter) -> (artifact id: '0af8a86ce37342114775533fb94fa1ba') in 0.1059162 seconds
Number of updated asset objects reloaded before import = 0Number of asset objects unloaded after import = 1

========================================================================
Received Import Request.
  Time since last request: 0.000091 seconds.
  path: Assets/Grass And Flowers Pack 1/Ground Textures/Materials/Groundplants 1_D 1446.mat
  artifactKey: Guid(5c982e241c103cb4ab86a4a7795fec87) Importer(2089858483,b0f066a214c2f5e87bad3c948f4d605d)
Start importing Assets/Grass And Flowers Pack 1/Ground Textures/Materials/Groundplants 1_D 1446.mat using Guid(5c982e241c103cb4ab86a4a7795fec87) Importer(2089858483,b0f066a214c2f5e87bad3c948f4d605d) (ScriptedImporter) -> (artifact id: 'b67d09343595f7e0bbe1e308038942fc') in 0.0389154 seconds
Number of updated asset objects reloaded before import = 0Number of asset objects unloaded after import = 1

========================================================================
Received Import Request.
  Time since last request: 0.000122 seconds.
  path: Assets/Grass And Flowers Pack 1/Ground Textures/Materials/Groundplants 1_D 1447.mat
  artifactKey: Guid(8796c3caa3068134db6d9076837a8365) Importer(2089858483,b0f066a214c2f5e87bad3c948f4d605d)
Start importing Assets/Grass And Flowers Pack 1/Ground Textures/Materials/Groundplants 1_D 1447.mat using Guid(8796c3caa3068134db6d9076837a8365) Importer(2089858483,b0f066a214c2f5e87bad3c948f4d605d) (ScriptedImporter) -> (artifact id: 'e6b2b87a492a5e3fb1d86ce0696cb852') in 0.1327729 seconds
Number of updated asset objects reloaded before import = 0Number of asset objects unloaded after import = 1

========================================================================
Received Import Request.
  Time since last request: 0.000039 seconds.
  path: Assets/Grass And Flowers Pack 1/Ground Textures/Materials/Groundplants 1_D 1455.mat
  artifactKey: Guid(69832f9d151bfa54bbb0d62ab855c20d) Importer(2089858483,b0f066a214c2f5e87bad3c948f4d605d)
Start importing Assets/Grass And Flowers Pack 1/Ground Textures/Materials/Groundplants 1_D 1455.mat using Guid(69832f9d151bfa54bbb0d62ab855c20d) Importer(2089858483,b0f066a214c2f5e87bad3c948f4d605d) (ScriptedImporter) -> (artifact id: '73f4ec1fa289b9ac2b09216d0cc7dbb2') in 0.2096425 seconds
Number of updated asset objects reloaded before import = 0Number of asset objects unloaded after import = 1

========================================================================
Received Import Request.
  Time since last request: 0.000058 seconds.
  path: Assets/Grass And Flowers Pack 1/Ground Textures/Materials/Groundplants 1_D 1152.mat
  artifactKey: Guid(a98be57051fba824ba14a021f48d8e08) Importer(2089858483,b0f066a214c2f5e87bad3c948f4d605d)
Start importing Assets/Grass And Flowers Pack 1/Ground Textures/Materials/Groundplants 1_D 1152.mat using Guid(a98be57051fba824ba14a021f48d8e08) Importer(2089858483,b0f066a214c2f5e87bad3c948f4d605d) (ScriptedImporter) -> (artifact id: '8265dd1255a9374fe8d6929e6ebffaa9') in 0.0427279 seconds
Number of updated asset objects reloaded before import = 0Number of asset objects unloaded after import = 1

========================================================================
Received Import Request.
  Time since last request: 0.000046 seconds.
  path: Assets/Grass And Flowers Pack 1/Ground Textures/Materials/Groundplants 1_D 1462.mat
  artifactKey: Guid(92d0e8e7934eb1545bd0c06a0bdbebc4) Importer(2089858483,b0f066a214c2f5e87bad3c948f4d605d)
Start importing Assets/Grass And Flowers Pack 1/Ground Textures/Materials/Groundplants 1_D 1462.mat using Guid(92d0e8e7934eb1545bd0c06a0bdbebc4) Importer(2089858483,b0f066a214c2f5e87bad3c948f4d605d) (ScriptedImporter) -> (artifact id: '62c2ffbf7790163d3f7e61ef07fa63f9') in 0.0372009 seconds
Number of updated asset objects reloaded before import = 0Number of asset objects unloaded after import = 1

========================================================================
Received Import Request.
  Time since last request: 0.000062 seconds.
  path: Assets/Grass And Flowers Pack 1/Ground Textures/Materials/Groundplants 1_D 1463.mat
  artifactKey: Guid(c768a890280544d47ab21f656cae5540) Importer(2089858483,b0f066a214c2f5e87bad3c948f4d605d)
Start importing Assets/Grass And Flowers Pack 1/Ground Textures/Materials/Groundplants 1_D 1463.mat using Guid(c768a890280544d47ab21f656cae5540) Importer(2089858483,b0f066a214c2f5e87bad3c948f4d605d) (ScriptedImporter) -> (artifact id: '98f85ebb3240de24b1c93d94152c4c5f') in 0.0520427 seconds
Number of updated asset objects reloaded before import = 0Number of asset objects unloaded after import = 1

========================================================================
Received Import Request.
  Time since last request: 0.000075 seconds.
  path: Assets/Grass And Flowers Pack 1/Ground Textures/Materials/Groundplants 1_D 1468.mat
  artifactKey: Guid(4c518d2c8ac29a9429c533cfc1869748) Importer(2089858483,b0f066a214c2f5e87bad3c948f4d605d)
Start importing Assets/Grass And Flowers Pack 1/Ground Textures/Materials/Groundplants 1_D 1468.mat using Guid(4c518d2c8ac29a9429c533cfc1869748) Importer(2089858483,b0f066a214c2f5e87bad3c948f4d605d) (ScriptedImporter) -> (artifact id: '5ca118c59e7538cd98d4c3dad53b9fd2') in 0.1629295 seconds
Number of updated asset objects reloaded before import = 0Number of asset objects unloaded after import = 1

========================================================================
Received Import Request.
  Time since last request: 0.000095 seconds.
  path: Assets/Grass And Flowers Pack 1/Ground Textures/Materials/Groundplants 1_D 1472.mat
  artifactKey: Guid(728a377b3a8ced142b9afa855071f0b0) Importer(2089858483,b0f066a214c2f5e87bad3c948f4d605d)
Start importing Assets/Grass And Flowers Pack 1/Ground Textures/Materials/Groundplants 1_D 1472.mat using Guid(728a377b3a8ced142b9afa855071f0b0) Importer(2089858483,b0f066a214c2f5e87bad3c948f4d605d) (ScriptedImporter) -> (artifact id: 'bed71e711cae396d747d684cd8a9e0c5') in 0.2170966 seconds
Number of updated asset objects reloaded before import = 0Number of asset objects unloaded after import = 1

========================================================================
Received Import Request.
  Time since last request: 0.000053 seconds.
  path: Assets/Grass And Flowers Pack 1/Ground Textures/Materials/Groundplants 1_D 1481.mat
  artifactKey: Guid(a6b6062636b49c3418385ee987d03128) Importer(2089858483,b0f066a214c2f5e87bad3c948f4d605d)
Start importing Assets/Grass And Flowers Pack 1/Ground Textures/Materials/Groundplants 1_D 1481.mat using Guid(a6b6062636b49c3418385ee987d03128) Importer(2089858483,b0f066a214c2f5e87bad3c948f4d605d) (ScriptedImporter) -> (artifact id: '09d53d302be9db787855a405eb61b105') in 0.0857959 seconds
Number of updated asset objects reloaded before import = 0Number of asset objects unloaded after import = 1

========================================================================
Received Import Request.
  Time since last request: 0.000064 seconds.
  path: Assets/Grass And Flowers Pack 1/Ground Textures/Materials/Groundplants 1_D 1478.mat
  artifactKey: Guid(18584a0603c75744ea42d28137c66b90) Importer(2089858483,b0f066a214c2f5e87bad3c948f4d605d)
Start importing Assets/Grass And Flowers Pack 1/Ground Textures/Materials/Groundplants 1_D 1478.mat using Guid(18584a0603c75744ea42d28137c66b90) Importer(2089858483,b0f066a214c2f5e87bad3c948f4d605d) (ScriptedImporter) -> (artifact id: '2d086db44a6d4a49abb3cc23092a6503') in 0.1047678 seconds
Number of updated asset objects reloaded before import = 0Number of asset objects unloaded after import = 1

========================================================================
Received Import Request.
  Time since last request: 0.000050 seconds.
  path: Assets/Grass And Flowers Pack 1/Ground Textures/Materials/Groundplants 1_D 1416.mat
  artifactKey: Guid(56d2888b4eeafc14ba67485daff2c2c9) Importer(2089858483,b0f066a214c2f5e87bad3c948f4d605d)
Start importing Assets/Grass And Flowers Pack 1/Ground Textures/Materials/Groundplants 1_D 1416.mat using Guid(56d2888b4eeafc14ba67485daff2c2c9) Importer(2089858483,b0f066a214c2f5e87bad3c948f4d605d) (ScriptedImporter) -> (artifact id: 'eac58b6042dd464ae4e31b202edb7fb6') in 0.9595835 seconds
Number of updated asset objects reloaded before import = 0Number of asset objects unloaded after import = 1

========================================================================
Received Import Request.
  Time since last request: 0.000088 seconds.
  path: Assets/Grass And Flowers Pack 1/Ground Textures/Materials/Groundplants 1_D 1210.mat
  artifactKey: Guid(e237a5b54275a7f4e862b3542a82dcee) Importer(2089858483,b0f066a214c2f5e87bad3c948f4d605d)
Start importing Assets/Grass And Flowers Pack 1/Ground Textures/Materials/Groundplants 1_D 1210.mat using Guid(e237a5b54275a7f4e862b3542a82dcee) Importer(2089858483,b0f066a214c2f5e87bad3c948f4d605d) (ScriptedImporter) -> (artifact id: '1cc17735394dfca5984a6c38b00baf24') in 0.188631 seconds
Number of updated asset objects reloaded before import = 0Number of asset objects unloaded after import = 1

========================================================================
Received Import Request.
  Time since last request: 0.000051 seconds.
  path: Assets/Grass And Flowers Pack 1/Ground Textures/Materials/Groundplants 1_D 1190.mat
  artifactKey: Guid(ed8dc040058c9ff4ea7f717a6451a01a) Importer(2089858483,b0f066a214c2f5e87bad3c948f4d605d)
Start importing Assets/Grass And Flowers Pack 1/Ground Textures/Materials/Groundplants 1_D 1190.mat using Guid(ed8dc040058c9ff4ea7f717a6451a01a) Importer(2089858483,b0f066a214c2f5e87bad3c948f4d605d) (ScriptedImporter) -> (artifact id: 'eda239538b54b84c16801a9aff7ffbe5') in 0.2264059 seconds
Number of updated asset objects reloaded before import = 0Number of asset objects unloaded after import = 1

========================================================================
Received Import Request.
  Time since last request: 0.000080 seconds.
  path: Assets/Grass And Flowers Pack 1/Ground Textures/Materials/Groundplants 1_D 1340.mat
  artifactKey: Guid(800b8fb03b10d5b48947ece72c9cf45f) Importer(2089858483,b0f066a214c2f5e87bad3c948f4d605d)
Start importing Assets/Grass And Flowers Pack 1/Ground Textures/Materials/Groundplants 1_D 1340.mat using Guid(800b8fb03b10d5b48947ece72c9cf45f) Importer(2089858483,b0f066a214c2f5e87bad3c948f4d605d) (ScriptedImporter) -> (artifact id: '5eb4c2ea83cfd6fa52a8113fc9d0ee47') in 0.0479623 seconds
Number of updated asset objects reloaded before import = 0Number of asset objects unloaded after import = 1

========================================================================
Received Import Request.
  Time since last request: 0.000051 seconds.
  path: Assets/Grass And Flowers Pack 1/Ground Textures/Materials/Groundplants 1_D 1352.mat
  artifactKey: Guid(3bddf6fee2a118940a7fa014940effea) Importer(2089858483,b0f066a214c2f5e87bad3c948f4d605d)
Start importing Assets/Grass And Flowers Pack 1/Ground Textures/Materials/Groundplants 1_D 1352.mat using Guid(3bddf6fee2a118940a7fa014940effea) Importer(2089858483,b0f066a214c2f5e87bad3c948f4d605d) (ScriptedImporter) -> (artifact id: '25dc4fa3a6d8c033c935750250161091') in 0.1055318 seconds
Number of updated asset objects reloaded before import = 0Number of asset objects unloaded after import = 1

========================================================================
Received Import Request.
  Time since last request: 0.000074 seconds.
  path: Assets/Grass And Flowers Pack 1/Ground Textures/Materials/Groundplants 1_D 1113.mat
  artifactKey: Guid(7995ec39eb9148e41b73704281ef52b0) Importer(2089858483,b0f066a214c2f5e87bad3c948f4d605d)
Start importing Assets/Grass And Flowers Pack 1/Ground Textures/Materials/Groundplants 1_D 1113.mat using Guid(7995ec39eb9148e41b73704281ef52b0) Importer(2089858483,b0f066a214c2f5e87bad3c948f4d605d) (ScriptedImporter) -> (artifact id: '14c2945decc14dd27b9c47e3ae5c296b') in 0.1488087 seconds
Number of updated asset objects reloaded before import = 0Number of asset objects unloaded after import = 1

========================================================================
Received Import Request.
  Time since last request: 0.000062 seconds.
  path: Assets/Grass And Flowers Pack 1/Ground Textures/Materials/Groundplants 1_D 1246.mat
  artifactKey: Guid(0abae7939b611fe4d8dcac9139567e24) Importer(2089858483,b0f066a214c2f5e87bad3c948f4d605d)
Start importing Assets/Grass And Flowers Pack 1/Ground Textures/Materials/Groundplants 1_D 1246.mat using Guid(0abae7939b611fe4d8dcac9139567e24) Importer(2089858483,b0f066a214c2f5e87bad3c948f4d605d) (ScriptedImporter) -> (artifact id: '0fcde32dc5567dcbdc98a181c2cd9823') in 0.2267964 seconds
Number of updated asset objects reloaded before import = 0Number of asset objects unloaded after import = 1

========================================================================
Received Import Request.
  Time since last request: 0.000068 seconds.
  path: Assets/Grass And Flowers Pack 1/Ground Textures/Materials/Groundplants 1_D 1252.mat
  artifactKey: Guid(1d3270581ae89c743bd6949f97dd960a) Importer(2089858483,b0f066a214c2f5e87bad3c948f4d605d)
Start importing Assets/Grass And Flowers Pack 1/Ground Textures/Materials/Groundplants 1_D 1252.mat using Guid(1d3270581ae89c743bd6949f97dd960a) Importer(2089858483,b0f066a214c2f5e87bad3c948f4d605d) (ScriptedImporter) -> (artifact id: 'b506a53be7bd3d381964b379501278dc') in 0.0820575 seconds
Number of updated asset objects reloaded before import = 0Number of asset objects unloaded after import = 1

========================================================================
Received Import Request.
  Time since last request: 0.000044 seconds.
  path: Assets/Grass And Flowers Pack 1/Ground Textures/Materials/Groundplants 1_D 1212.mat
  artifactKey: Guid(d9fe1e36967f1c24da31d1a0056ad12b) Importer(2089858483,b0f066a214c2f5e87bad3c948f4d605d)
Start importing Assets/Grass And Flowers Pack 1/Ground Textures/Materials/Groundplants 1_D 1212.mat using Guid(d9fe1e36967f1c24da31d1a0056ad12b) Importer(2089858483,b0f066a214c2f5e87bad3c948f4d605d) (ScriptedImporter) -> (artifact id: 'bfc6748105285856b51a6e4c459caa03') in 0.1144471 seconds
Number of updated asset objects reloaded before import = 0Number of asset objects unloaded after import = 1

========================================================================
Received Import Request.
  Time since last request: 0.000061 seconds.
  path: Assets/Grass And Flowers Pack 1/Ground Textures/Materials/Groundplants 1_D 1139.mat
  artifactKey: Guid(3e35870eb8b87ac41bb0b6665f63adb5) Importer(2089858483,b0f066a214c2f5e87bad3c948f4d605d)
Start importing Assets/Grass And Flowers Pack 1/Ground Textures/Materials/Groundplants 1_D 1139.mat using Guid(3e35870eb8b87ac41bb0b6665f63adb5) Importer(2089858483,b0f066a214c2f5e87bad3c948f4d605d) (ScriptedImporter) -> (artifact id: '876ea1aebb56b97705e9baa1ae9c18d2') in 0.2025905 seconds
Number of updated asset objects reloaded before import = 0Number of asset objects unloaded after import = 1

========================================================================
Received Import Request.
  Time since last request: 0.000050 seconds.
  path: Assets/Grass And Flowers Pack 1/Ground Textures/Materials/Groundplants 1_D 1218.mat
  artifactKey: Guid(ed909deb12744fc4793ea95ad296a861) Importer(2089858483,b0f066a214c2f5e87bad3c948f4d605d)
Start importing Assets/Grass And Flowers Pack 1/Ground Textures/Materials/Groundplants 1_D 1218.mat using Guid(ed909deb12744fc4793ea95ad296a861) Importer(2089858483,b0f066a214c2f5e87bad3c948f4d605d) (ScriptedImporter) -> (artifact id: 'b7559e504269a9e956f07deca25a3325') in 0.2056663 seconds
Number of updated asset objects reloaded before import = 0Number of asset objects unloaded after import = 1

========================================================================
Received Import Request.
  Time since last request: 0.000062 seconds.
  path: Assets/Grass And Flowers Pack 1/Ground Textures/Materials/Groundplants 1_D 1106.mat
  artifactKey: Guid(4120583c0f55dbe4c8908647f407780e) Importer(2089858483,b0f066a214c2f5e87bad3c948f4d605d)
Start importing Assets/Grass And Flowers Pack 1/Ground Textures/Materials/Groundplants 1_D 1106.mat using Guid(4120583c0f55dbe4c8908647f407780e) Importer(2089858483,b0f066a214c2f5e87bad3c948f4d605d) (ScriptedImporter) -> (artifact id: 'aa35950af304ae0dacabafb46a2e2f4a') in 0.062889 seconds
Number of updated asset objects reloaded before import = 0Number of asset objects unloaded after import = 1

========================================================================
Received Import Request.
  Time since last request: 0.000044 seconds.
  path: Assets/Grass And Flowers Pack 1/Ground Textures/Materials/Groundplants 1_D 1041.mat
  artifactKey: Guid(71ed2d3b05097df4d878f10d50fa5392) Importer(2089858483,b0f066a214c2f5e87bad3c948f4d605d)
Start importing Assets/Grass And Flowers Pack 1/Ground Textures/Materials/Groundplants 1_D 1041.mat using Guid(71ed2d3b05097df4d878f10d50fa5392) Importer(2089858483,b0f066a214c2f5e87bad3c948f4d605d) (ScriptedImporter) -> (artifact id: '828629db4826ebe5b19dbb5567c20ec6') in 0.0722066 seconds
Number of updated asset objects reloaded before import = 0Number of asset objects unloaded after import = 1

========================================================================
Received Import Request.
  Time since last request: 0.000073 seconds.
  path: Assets/Grass And Flowers Pack 1/Ground Textures/Materials/Groundplants 1_D 1211.mat
  artifactKey: Guid(19076434f70a0c24c8f0699a8702b18c) Importer(2089858483,b0f066a214c2f5e87bad3c948f4d605d)
Start importing Assets/Grass And Flowers Pack 1/Ground Textures/Materials/Groundplants 1_D 1211.mat using Guid(19076434f70a0c24c8f0699a8702b18c) Importer(2089858483,b0f066a214c2f5e87bad3c948f4d605d) (ScriptedImporter) -> (artifact id: 'cea0caf6a95e039d82321449e415fb21') in 0.1237926 seconds
Number of updated asset objects reloaded before import = 0Number of asset objects unloaded after import = 1

========================================================================
Received Import Request.
  Time since last request: 0.000058 seconds.
  path: Assets/Grass And Flowers Pack 1/Ground Textures/Materials/Groundplants 1_D 1351.mat
  artifactKey: Guid(0bc458ee05e4c11479813298e92f9500) Importer(2089858483,b0f066a214c2f5e87bad3c948f4d605d)
Start importing Assets/Grass And Flowers Pack 1/Ground Textures/Materials/Groundplants 1_D 1351.mat using Guid(0bc458ee05e4c11479813298e92f9500) Importer(2089858483,b0f066a214c2f5e87bad3c948f4d605d) (ScriptedImporter) -> (artifact id: '7e816e60e736362691d680661a3ca390') in 0.059222 seconds
Number of updated asset objects reloaded before import = 0Number of asset objects unloaded after import = 1

========================================================================
Received Import Request.
  Time since last request: 0.000072 seconds.
  path: Assets/Grass And Flowers Pack 1/Ground Textures/Materials/Groundplants 1_D 1278.mat
  artifactKey: Guid(6e10bcdd6e7facc42a3b15efe0b98bca) Importer(2089858483,b0f066a214c2f5e87bad3c948f4d605d)
Start importing Assets/Grass And Flowers Pack 1/Ground Textures/Materials/Groundplants 1_D 1278.mat using Guid(6e10bcdd6e7facc42a3b15efe0b98bca) Importer(2089858483,b0f066a214c2f5e87bad3c948f4d605d) (ScriptedImporter) -> (artifact id: '098583aa0e86d1addfa2bbcf98b81411') in 0.1514299 seconds
Number of updated asset objects reloaded before import = 0Number of asset objects unloaded after import = 1

========================================================================
Received Import Request.
  Time since last request: 0.000063 seconds.
  path: Assets/Grass And Flowers Pack 1/Ground Textures/Materials/Groundplants 1_D 1335.mat
  artifactKey: Guid(ea8a6cbb75617ca479c4c13c43bc2b79) Importer(2089858483,b0f066a214c2f5e87bad3c948f4d605d)
Start importing Assets/Grass And Flowers Pack 1/Ground Textures/Materials/Groundplants 1_D 1335.mat using Guid(ea8a6cbb75617ca479c4c13c43bc2b79) Importer(2089858483,b0f066a214c2f5e87bad3c948f4d605d) (ScriptedImporter) -> (artifact id: '52ba9e3aeb043c98828f4e005dd1cfe8') in 0.1474137 seconds
Number of updated asset objects reloaded before import = 0Number of asset objects unloaded after import = 1

========================================================================
Received Import Request.
  Time since last request: 0.000081 seconds.
  path: Assets/Grass And Flowers Pack 1/Ground Textures/Materials/Groundplants 1_D 1203.mat
  artifactKey: Guid(042887879c259444faf6c7ef1441a86f) Importer(2089858483,b0f066a214c2f5e87bad3c948f4d605d)
Start importing Assets/Grass And Flowers Pack 1/Ground Textures/Materials/Groundplants 1_D 1203.mat using Guid(042887879c259444faf6c7ef1441a86f) Importer(2089858483,b0f066a214c2f5e87bad3c948f4d605d) (ScriptedImporter) -> (artifact id: 'feaec35ac5f3ab9535930a93907b8eb6') in 0.158106 seconds
Number of updated asset objects reloaded before import = 0Number of asset objects unloaded after import = 1

========================================================================
Received Import Request.
  Time since last request: 1.899779 seconds.
  path: Assets/Grass And Flowers Pack 1/Ground Textures/Materials/Groundplants 1_D 1488.mat
  artifactKey: Guid(c41bb922bcfb6e142ab93a8358d77e42) Importer(2089858483,b0f066a214c2f5e87bad3c948f4d605d)
Start importing Assets/Grass And Flowers Pack 1/Ground Textures/Materials/Groundplants 1_D 1488.mat using Guid(c41bb922bcfb6e142ab93a8358d77e42) Importer(2089858483,b0f066a214c2f5e87bad3c948f4d605d) (ScriptedImporter) -> (artifact id: '663df3a1c04f21b319a34d8582af4da9') in 0.0690241 seconds
Number of updated asset objects reloaded before import = 0Number of asset objects unloaded after import = 2

========================================================================
Received Import Request.
  Time since last request: 0.000060 seconds.
  path: Assets/Grass And Flowers Pack 1/Ground Textures/Materials/Groundplants 1_D 1544.mat
  artifactKey: Guid(b398b7cf2f89a5640a1223a45120d8d6) Importer(2089858483,b0f066a214c2f5e87bad3c948f4d605d)
Start importing Assets/Grass And Flowers Pack 1/Ground Textures/Materials/Groundplants 1_D 1544.mat using Guid(b398b7cf2f89a5640a1223a45120d8d6) Importer(2089858483,b0f066a214c2f5e87bad3c948f4d605d) (ScriptedImporter) -> (artifact id: '9748c79b7995d4b16c0e248aaabe9404') in 0.040092 seconds
Number of updated asset objects reloaded before import = 0Number of asset objects unloaded after import = 2

========================================================================
Received Import Request.
  Time since last request: 0.000067 seconds.
  path: Assets/Grass And Flowers Pack 1/Ground Textures/Materials/Groundplants 1_D 1506.mat
  artifactKey: Guid(3918d22a04d17104eae664ff857f7b72) Importer(2089858483,b0f066a214c2f5e87bad3c948f4d605d)
Start importing Assets/Grass And Flowers Pack 1/Ground Textures/Materials/Groundplants 1_D 1506.mat using Guid(3918d22a04d17104eae664ff857f7b72) Importer(2089858483,b0f066a214c2f5e87bad3c948f4d605d) (ScriptedImporter) -> (artifact id: '928424fa26929cf9d8e2858b9e515b37') in 0.1758698 seconds
Number of updated asset objects reloaded before import = 0Number of asset objects unloaded after import = 2

========================================================================
Received Import Request.
  Time since last request: 0.000041 seconds.
  path: Assets/Grass And Flowers Pack 1/Ground Textures/Materials/Groundplants 1_D 1556.mat
  artifactKey: Guid(e59678c2a7d1ccf4e99db1984a5132b4) Importer(2089858483,b0f066a214c2f5e87bad3c948f4d605d)
Start importing Assets/Grass And Flowers Pack 1/Ground Textures/Materials/Groundplants 1_D 1556.mat using Guid(e59678c2a7d1ccf4e99db1984a5132b4) Importer(2089858483,b0f066a214c2f5e87bad3c948f4d605d) (ScriptedImporter) -> (artifact id: '3feacc000ca12e0be1c9c91002f5bee6') in 0.0527312 seconds
Number of updated asset objects reloaded before import = 0Number of asset objects unloaded after import = 2

========================================================================
Received Import Request.
  Time since last request: 0.000063 seconds.
  path: Assets/Grass And Flowers Pack 1/Ground Textures/Materials/Groundplants 1_D 1542.mat
  artifactKey: Guid(a2d01839bdb2d0e4a9aa76222eb944d6) Importer(2089858483,b0f066a214c2f5e87bad3c948f4d605d)
Start importing Assets/Grass And Flowers Pack 1/Ground Textures/Materials/Groundplants 1_D 1542.mat using Guid(a2d01839bdb2d0e4a9aa76222eb944d6) Importer(2089858483,b0f066a214c2f5e87bad3c948f4d605d) (ScriptedImporter) -> (artifact id: '37794c1836125d5812e46db54e1c3373') in 0.0578035 seconds
Number of updated asset objects reloaded before import = 0Number of asset objects unloaded after import = 2

========================================================================
Received Import Request.
  Time since last request: 0.000042 seconds.
  path: Assets/Grass And Flowers Pack 1/Ground Textures/Materials/Groundplants 1_D 1523.mat
  artifactKey: Guid(41aca02be9d4f8e429ce45e1f3720468) Importer(2089858483,b0f066a214c2f5e87bad3c948f4d605d)
Start importing Assets/Grass And Flowers Pack 1/Ground Textures/Materials/Groundplants 1_D 1523.mat using Guid(41aca02be9d4f8e429ce45e1f3720468) Importer(2089858483,b0f066a214c2f5e87bad3c948f4d605d) (ScriptedImporter) -> (artifact id: '58469ee7de94e5ca883e8bdac1c3571f') in 0.0819592 seconds
Number of updated asset objects reloaded before import = 0Number of asset objects unloaded after import = 2

========================================================================
Received Import Request.
  Time since last request: 0.000083 seconds.
  path: Assets/Grass And Flowers Pack 1/Ground Textures/Materials/Groundplants 1_D 1494.mat
  artifactKey: Guid(e80f2c53fcb877247a2e60a5fcfb740e) Importer(2089858483,b0f066a214c2f5e87bad3c948f4d605d)
Start importing Assets/Grass And Flowers Pack 1/Ground Textures/Materials/Groundplants 1_D 1494.mat using Guid(e80f2c53fcb877247a2e60a5fcfb740e) Importer(2089858483,b0f066a214c2f5e87bad3c948f4d605d) (ScriptedImporter) -> (artifact id: '4da4cee0e610f707dfc90ec6e2a30439') in 0.1113055 seconds
Number of updated asset objects reloaded before import = 0Number of asset objects unloaded after import = 2

========================================================================
Received Import Request.
  Time since last request: 0.000053 seconds.
  path: Assets/Grass And Flowers Pack 1/Ground Textures/Materials/Groundplants 1_D 1614.mat
  artifactKey: Guid(f7ce1fd34b2f42e41aaf045deda84944) Importer(2089858483,b0f066a214c2f5e87bad3c948f4d605d)
Start importing Assets/Grass And Flowers Pack 1/Ground Textures/Materials/Groundplants 1_D 1614.mat using Guid(f7ce1fd34b2f42e41aaf045deda84944) Importer(2089858483,b0f066a214c2f5e87bad3c948f4d605d) (ScriptedImporter) -> (artifact id: '1f69c9cfabec0e4a4791560199084969') in 0.0477362 seconds
Number of updated asset objects reloaded before import = 0Number of asset objects unloaded after import = 2

========================================================================
Received Import Request.
  Time since last request: 0.000057 seconds.
  path: Assets/Grass And Flowers Pack 1/Ground Textures/Materials/Groundplants 1_D 1551.mat
  artifactKey: Guid(eaaf7c29adcf1d346aa2d84e29041b1f) Importer(2089858483,b0f066a214c2f5e87bad3c948f4d605d)
Start importing Assets/Grass And Flowers Pack 1/Ground Textures/Materials/Groundplants 1_D 1551.mat using Guid(eaaf7c29adcf1d346aa2d84e29041b1f) Importer(2089858483,b0f066a214c2f5e87bad3c948f4d605d) (ScriptedImporter) -> (artifact id: '0a561eb9f85643af9804f79c64994241') in 0.114005 seconds
Number of updated asset objects reloaded before import = 0Number of asset objects unloaded after import = 2

========================================================================
Received Import Request.
  Time since last request: 0.000045 seconds.
  path: Assets/Grass And Flowers Pack 1/Ground Textures/Materials/Groundplants 1_D 1509.mat
  artifactKey: Guid(a7f60af34c77ab34b9865fbf30c0336a) Importer(2089858483,b0f066a214c2f5e87bad3c948f4d605d)
Start importing Assets/Grass And Flowers Pack 1/Ground Textures/Materials/Groundplants 1_D 1509.mat using Guid(a7f60af34c77ab34b9865fbf30c0336a) Importer(2089858483,b0f066a214c2f5e87bad3c948f4d605d) (ScriptedImporter) -> (artifact id: '9a7ce01e508deca14b624fd8008eb31f') in 0.1988456 seconds
Number of updated asset objects reloaded before import = 0Number of asset objects unloaded after import = 2

========================================================================
Received Import Request.
  Time since last request: 0.000089 seconds.
  path: Assets/Grass And Flowers Pack 1/Ground Textures/Materials/Groundplants 1_D 1500.mat
  artifactKey: Guid(06ec337241e2e764b96819c604020f5e) Importer(2089858483,b0f066a214c2f5e87bad3c948f4d605d)
Start importing Assets/Grass And Flowers Pack 1/Ground Textures/Materials/Groundplants 1_D 1500.mat using Guid(06ec337241e2e764b96819c604020f5e) Importer(2089858483,b0f066a214c2f5e87bad3c948f4d605d) (ScriptedImporter) -> (artifact id: '7c94ca9e4b58e21aada735f62fb9473e') in 0.050486 seconds
Number of updated asset objects reloaded before import = 0Number of asset objects unloaded after import = 2

========================================================================
Received Import Request.
  Time since last request: 0.000048 seconds.
  path: Assets/Grass And Flowers Pack 1/Ground Textures/Materials/Groundplants 1_D 1497.mat
  artifactKey: Guid(4d7b1b93b705c144a83557378d0d5646) Importer(2089858483,b0f066a214c2f5e87bad3c948f4d605d)
Start importing Assets/Grass And Flowers Pack 1/Ground Textures/Materials/Groundplants 1_D 1497.mat using Guid(4d7b1b93b705c144a83557378d0d5646) Importer(2089858483,b0f066a214c2f5e87bad3c948f4d605d) (ScriptedImporter) -> (artifact id: '3dfd4afa8c3a4b2d35206ada847ea205') in 0.1000009 seconds
Number of updated asset objects reloaded before import = 0Number of asset objects unloaded after import = 2

========================================================================
Received Import Request.
  Time since last request: 0.000078 seconds.
  path: Assets/Grass And Flowers Pack 1/Ground Textures/Materials/Groundplants 1_D 1618.mat
  artifactKey: Guid(44f0a306c0871b64c845c68783a6f562) Importer(2089858483,b0f066a214c2f5e87bad3c948f4d605d)
Start importing Assets/Grass And Flowers Pack 1/Ground Textures/Materials/Groundplants 1_D 1618.mat using Guid(44f0a306c0871b64c845c68783a6f562) Importer(2089858483,b0f066a214c2f5e87bad3c948f4d605d) (ScriptedImporter) -> (artifact id: 'ef699fe66fb830d2fbe645348bcc09fd') in 0.174187 seconds
Number of updated asset objects reloaded before import = 0Number of asset objects unloaded after import = 2

========================================================================
Received Import Request.
  Time since last request: 0.000042 seconds.
  path: Assets/Grass And Flowers Pack 1/Ground Textures/Materials/Groundplants 1_D 1631.mat
  artifactKey: Guid(139f259b282051449a048d4d15e2fb11) Importer(2089858483,b0f066a214c2f5e87bad3c948f4d605d)
Start importing Assets/Grass And Flowers Pack 1/Ground Textures/Materials/Groundplants 1_D 1631.mat using Guid(139f259b282051449a048d4d15e2fb11) Importer(2089858483,b0f066a214c2f5e87bad3c948f4d605d) (ScriptedImporter) -> (artifact id: 'a0c9b9101fe899d3cfd597212a80eaca') in 0.0501174 seconds
Number of updated asset objects reloaded before import = 0Number of asset objects unloaded after import = 2

========================================================================
Received Import Request.
  Time since last request: 0.000079 seconds.
  path: Assets/Grass And Flowers Pack 1/Ground Textures/Materials/Groundplants 1_D 1520.mat
  artifactKey: Guid(24e73c30bc2e05641b595d0b25e88a81) Importer(2089858483,b0f066a214c2f5e87bad3c948f4d605d)
Start importing Assets/Grass And Flowers Pack 1/Ground Textures/Materials/Groundplants 1_D 1520.mat using Guid(24e73c30bc2e05641b595d0b25e88a81) Importer(2089858483,b0f066a214c2f5e87bad3c948f4d605d) (ScriptedImporter) -> (artifact id: '4604f70f21fb23bbda90f3fae075ff19') in 0.0534138 seconds
Number of updated asset objects reloaded before import = 0Number of asset objects unloaded after import = 2

========================================================================
Received Import Request.
  Time since last request: 0.000053 seconds.
  path: Assets/Grass And Flowers Pack 1/Ground Textures/Materials/Groundplants 1_D 1650.mat
  artifactKey: Guid(fcba1d5b3949c104fb1a95b737c82734) Importer(2089858483,b0f066a214c2f5e87bad3c948f4d605d)
Start importing Assets/Grass And Flowers Pack 1/Ground Textures/Materials/Groundplants 1_D 1650.mat using Guid(fcba1d5b3949c104fb1a95b737c82734) Importer(2089858483,b0f066a214c2f5e87bad3c948f4d605d) (ScriptedImporter) -> (artifact id: '5f343fc5cb6cc3229ddd5d9901c69426') in 0.0423176 seconds
Number of updated asset objects reloaded before import = 0Number of asset objects unloaded after import = 2

========================================================================
Received Import Request.
  Time since last request: 0.000053 seconds.
  path: Assets/Grass And Flowers Pack 1/Ground Textures/Materials/Groundplants 1_D 1644.mat
  artifactKey: Guid(68341ad11fe8fed418c586d90970a6b6) Importer(2089858483,b0f066a214c2f5e87bad3c948f4d605d)
Start importing Assets/Grass And Flowers Pack 1/Ground Textures/Materials/Groundplants 1_D 1644.mat using Guid(68341ad11fe8fed418c586d90970a6b6) Importer(2089858483,b0f066a214c2f5e87bad3c948f4d605d) (ScriptedImporter) -> (artifact id: 'fbdcc46b46b86b384c5da96ee70502ab') in 0.1011104 seconds
Number of updated asset objects reloaded before import = 0Number of asset objects unloaded after import = 2

========================================================================
Received Import Request.
  Time since last request: 0.000051 seconds.
  path: Assets/Grass And Flowers Pack 1/Ground Textures/Materials/Groundplants 1_D 1653.mat
  artifactKey: Guid(fd218e82ea5c55e489b512b0ea3779f9) Importer(2089858483,b0f066a214c2f5e87bad3c948f4d605d)
Start importing Assets/Grass And Flowers Pack 1/Ground Textures/Materials/Groundplants 1_D 1653.mat using Guid(fd218e82ea5c55e489b512b0ea3779f9) Importer(2089858483,b0f066a214c2f5e87bad3c948f4d605d) (ScriptedImporter) -> (artifact id: '5b79027269152f1281008252b3ffd331') in 0.0957769 seconds
Number of updated asset objects reloaded before import = 0Number of asset objects unloaded after import = 2

========================================================================
Received Import Request.
  Time since last request: 0.000070 seconds.
  path: Assets/Grass And Flowers Pack 1/Ground Textures/Materials/Groundplants 1_D 1498.mat
  artifactKey: Guid(dae990dde73c9e64982060e519c72444) Importer(2089858483,b0f066a214c2f5e87bad3c948f4d605d)
Start importing Assets/Grass And Flowers Pack 1/Ground Textures/Materials/Groundplants 1_D 1498.mat using Guid(dae990dde73c9e64982060e519c72444) Importer(2089858483,b0f066a214c2f5e87bad3c948f4d605d) (ScriptedImporter) -> (artifact id: 'df967f99c576427736ceee1d41a24ce9') in 0.038831 seconds
Number of updated asset objects reloaded before import = 0Number of asset objects unloaded after import = 2

========================================================================
Received Import Request.
  Time since last request: 0.000040 seconds.
  path: Assets/Grass And Flowers Pack 1/Ground Textures/Materials/Groundplants 1_D 1661.mat
  artifactKey: Guid(a32c9df42af848e4598c3f20c5d52164) Importer(2089858483,b0f066a214c2f5e87bad3c948f4d605d)
Start importing Assets/Grass And Flowers Pack 1/Ground Textures/Materials/Groundplants 1_D 1661.mat using Guid(a32c9df42af848e4598c3f20c5d52164) Importer(2089858483,b0f066a214c2f5e87bad3c948f4d605d) (ScriptedImporter) -> (artifact id: '74ebc8278e5b0cb4bcf4d8c004da9068') in 0.0446098 seconds
Number of updated asset objects reloaded before import = 0Number of asset objects unloaded after import = 2

========================================================================
Received Import Request.
  Time since last request: 0.000051 seconds.
  path: Assets/Grass And Flowers Pack 1/Ground Textures/Materials/Groundplants 1_D 1672.mat
  artifactKey: Guid(a1d15bb261760c84da4a26fdeafa51a5) Importer(2089858483,b0f066a214c2f5e87bad3c948f4d605d)
Start importing Assets/Grass And Flowers Pack 1/Ground Textures/Materials/Groundplants 1_D 1672.mat using Guid(a1d15bb261760c84da4a26fdeafa51a5) Importer(2089858483,b0f066a214c2f5e87bad3c948f4d605d) (ScriptedImporter) -> (artifact id: '6136a66784f1a37c1b8a7e35d65e2ca2') in 0.0489287 seconds
Number of updated asset objects reloaded before import = 0Number of asset objects unloaded after import = 2

========================================================================
Received Import Request.
  Time since last request: 0.000073 seconds.
  path: Assets/Grass And Flowers Pack 1/Ground Textures/Materials/Groundplants 1_D 1503.mat
  artifactKey: Guid(c33ba4a776ae53a43a681a866c33e881) Importer(2089858483,b0f066a214c2f5e87bad3c948f4d605d)
Start importing Assets/Grass And Flowers Pack 1/Ground Textures/Materials/Groundplants 1_D 1503.mat using Guid(c33ba4a776ae53a43a681a866c33e881) Importer(2089858483,b0f066a214c2f5e87bad3c948f4d605d) (ScriptedImporter) -> (artifact id: '6ac7ef9aedcb226435bdd958c6a7c91a') in 0.0570502 seconds
Number of updated asset objects reloaded before import = 0Number of asset objects unloaded after import = 2

========================================================================
Received Import Request.
  Time since last request: 0.000063 seconds.
  path: Assets/Grass And Flowers Pack 1/Ground Textures/Materials/Groundplants 1_D 1673.mat
  artifactKey: Guid(df26361220d176d469615e59f09588ab) Importer(2089858483,b0f066a214c2f5e87bad3c948f4d605d)
Start importing Assets/Grass And Flowers Pack 1/Ground Textures/Materials/Groundplants 1_D 1673.mat using Guid(df26361220d176d469615e59f09588ab) Importer(2089858483,b0f066a214c2f5e87bad3c948f4d605d) (ScriptedImporter) -> (artifact id: 'd5fc577c9d1f9640ee989007410c6cb9') in 0.0457961 seconds
Number of updated asset objects reloaded before import = 0Number of asset objects unloaded after import = 2

========================================================================
Received Import Request.
  Time since last request: 0.000171 seconds.
  path: Assets/Grass And Flowers Pack 1/Ground Textures/Materials/Groundplants 1_D 1623.mat
  artifactKey: Guid(1e27011c33364704fa86617d397e890c) Importer(2089858483,b0f066a214c2f5e87bad3c948f4d605d)
Start importing Assets/Grass And Flowers Pack 1/Ground Textures/Materials/Groundplants 1_D 1623.mat using Guid(1e27011c33364704fa86617d397e890c) Importer(2089858483,b0f066a214c2f5e87bad3c948f4d605d) (ScriptedImporter) -> (artifact id: '0763bf81c4744b13a6705b7632d18cf3') in 0.0447336 seconds
Number of updated asset objects reloaded before import = 0Number of asset objects unloaded after import = 2

========================================================================
Received Import Request.
  Time since last request: 0.000067 seconds.
  path: Assets/Grass And Flowers Pack 1/Ground Textures/Materials/Groundplants 1_D 1534.mat
  artifactKey: Guid(c5b9edb225570004c8ee6877fc2591e6) Importer(2089858483,b0f066a214c2f5e87bad3c948f4d605d)
Start importing Assets/Grass And Flowers Pack 1/Ground Textures/Materials/Groundplants 1_D 1534.mat using Guid(c5b9edb225570004c8ee6877fc2591e6) Importer(2089858483,b0f066a214c2f5e87bad3c948f4d605d) (ScriptedImporter) -> (artifact id: '5083570a520dbb1db2fdc3c5052619fc') in 0.0441409 seconds
Number of updated asset objects reloaded before import = 0Number of asset objects unloaded after import = 2

========================================================================
Received Import Request.
  Time since last request: 0.000071 seconds.
  path: Assets/Grass And Flowers Pack 1/Ground Textures/Materials/Groundplants 1_D 1676.mat
  artifactKey: Guid(57f082c574fd5ec40a4e0cb6961c6bfe) Importer(2089858483,b0f066a214c2f5e87bad3c948f4d605d)
Start importing Assets/Grass And Flowers Pack 1/Ground Textures/Materials/Groundplants 1_D 1676.mat using Guid(57f082c574fd5ec40a4e0cb6961c6bfe) Importer(2089858483,b0f066a214c2f5e87bad3c948f4d605d) (ScriptedImporter) -> (artifact id: '3c9433472d8668f298ee16f45c4813ba') in 0.0504658 seconds
Number of updated asset objects reloaded before import = 0Number of asset objects unloaded after import = 2

========================================================================
Received Import Request.
  Time since last request: 0.000048 seconds.
  path: Assets/Grass And Flowers Pack 1/Ground Textures/Materials/Groundplants 1_D 1504.mat
  artifactKey: Guid(06e0f940d3e019b44b5b4769444d24b8) Importer(2089858483,b0f066a214c2f5e87bad3c948f4d605d)
Start importing Assets/Grass And Flowers Pack 1/Ground Textures/Materials/Groundplants 1_D 1504.mat using Guid(06e0f940d3e019b44b5b4769444d24b8) Importer(2089858483,b0f066a214c2f5e87bad3c948f4d605d) (ScriptedImporter) -> (artifact id: '8ca7d404a1565de3b01dd059e08539aa') in 0.0503365 seconds
Number of updated asset objects reloaded before import = 0Number of asset objects unloaded after import = 2

========================================================================
Received Import Request.
  Time since last request: 0.000092 seconds.
  path: Assets/Grass And Flowers Pack 1/Ground Textures/Materials/Groundplants 1_D 1701.mat
  artifactKey: Guid(e1e2b595ac0e5ed419db72d22c0c1546) Importer(2089858483,b0f066a214c2f5e87bad3c948f4d605d)
Start importing Assets/Grass And Flowers Pack 1/Ground Textures/Materials/Groundplants 1_D 1701.mat using Guid(e1e2b595ac0e5ed419db72d22c0c1546) Importer(2089858483,b0f066a214c2f5e87bad3c948f4d605d) (ScriptedImporter) -> (artifact id: '8f42d0b955f187f2b59535f512437ce8') in 0.046085 seconds
Number of updated asset objects reloaded before import = 0Number of asset objects unloaded after import = 2

========================================================================
Received Import Request.
  Time since last request: 0.000079 seconds.
  path: Assets/Grass And Flowers Pack 1/Ground Textures/Materials/Groundplants 1_D 1555.mat
  artifactKey: Guid(13b43cb028f836e42bc1fffaccb8a9d8) Importer(2089858483,b0f066a214c2f5e87bad3c948f4d605d)
Start importing Assets/Grass And Flowers Pack 1/Ground Textures/Materials/Groundplants 1_D 1555.mat using Guid(13b43cb028f836e42bc1fffaccb8a9d8) Importer(2089858483,b0f066a214c2f5e87bad3c948f4d605d) (ScriptedImporter) -> (artifact id: '5cddae92af8ba1f55921b258b291cb4d') in 0.0441728 seconds
Number of updated asset objects reloaded before import = 0Number of asset objects unloaded after import = 2

========================================================================
Received Import Request.
  Time since last request: 0.000076 seconds.
  path: Assets/Grass And Flowers Pack 1/Ground Textures/Materials/Groundplants 1_D 1577.mat
  artifactKey: Guid(137646178f0c444418cc4df2ce751745) Importer(2089858483,b0f066a214c2f5e87bad3c948f4d605d)
Start importing Assets/Grass And Flowers Pack 1/Ground Textures/Materials/Groundplants 1_D 1577.mat using Guid(137646178f0c444418cc4df2ce751745) Importer(2089858483,b0f066a214c2f5e87bad3c948f4d605d) (ScriptedImporter) -> (artifact id: '91680dda10c5028bac56aa735b01e852') in 0.0415988 seconds
Number of updated asset objects reloaded before import = 0Number of asset objects unloaded after import = 2

========================================================================
Received Import Request.
  Time since last request: 0.000066 seconds.
  path: Assets/Grass And Flowers Pack 1/Ground Textures/Materials/Groundplants 1_D 1501.mat
  artifactKey: Guid(2be103d5b5820e54baa45bb5e33d424e) Importer(2089858483,b0f066a214c2f5e87bad3c948f4d605d)
Start importing Assets/Grass And Flowers Pack 1/Ground Textures/Materials/Groundplants 1_D 1501.mat using Guid(2be103d5b5820e54baa45bb5e33d424e) Importer(2089858483,b0f066a214c2f5e87bad3c948f4d605d) (ScriptedImporter) -> (artifact id: '58ddb75a31a47c5943666fad0bc45099') in 0.0440521 seconds
Number of updated asset objects reloaded before import = 0Number of asset objects unloaded after import = 2

========================================================================
Received Import Request.
  Time since last request: 0.000085 seconds.
  path: Assets/Grass And Flowers Pack 1/Ground Textures/Materials/Groundplants 1_D 1665.mat
  artifactKey: Guid(396bdd6cecf7f434387149324c0a5760) Importer(2089858483,b0f066a214c2f5e87bad3c948f4d605d)
Start importing Assets/Grass And Flowers Pack 1/Ground Textures/Materials/Groundplants 1_D 1665.mat using Guid(396bdd6cecf7f434387149324c0a5760) Importer(2089858483,b0f066a214c2f5e87bad3c948f4d605d) (ScriptedImporter) -> (artifact id: 'a739e0f296379308d526b020e24a659b') in 0.082073 seconds
Number of updated asset objects reloaded before import = 0Number of asset objects unloaded after import = 2

========================================================================
Received Import Request.
  Time since last request: 0.000039 seconds.
  path: Assets/Grass And Flowers Pack 1/Ground Textures/Materials/Groundplants 1_D 1731.mat
  artifactKey: Guid(e6d802805edf76c4dafefbad5d9ae0be) Importer(2089858483,b0f066a214c2f5e87bad3c948f4d605d)
Start importing Assets/Grass And Flowers Pack 1/Ground Textures/Materials/Groundplants 1_D 1731.mat using Guid(e6d802805edf76c4dafefbad5d9ae0be) Importer(2089858483,b0f066a214c2f5e87bad3c948f4d605d) (ScriptedImporter) -> (artifact id: '11c04ac6bc8c30ca438683b476f5db48') in 0.0785646 seconds
Number of updated asset objects reloaded before import = 0Number of asset objects unloaded after import = 2

========================================================================
Received Import Request.
  Time since last request: 0.000071 seconds.
  path: Assets/Grass And Flowers Pack 1/Ground Textures/Materials/Groundplants 1_D 1686.mat
  artifactKey: Guid(eabc682ecdac43d4da6e7b08feaab7f0) Importer(2089858483,b0f066a214c2f5e87bad3c948f4d605d)
Start importing Assets/Grass And Flowers Pack 1/Ground Textures/Materials/Groundplants 1_D 1686.mat using Guid(eabc682ecdac43d4da6e7b08feaab7f0) Importer(2089858483,b0f066a214c2f5e87bad3c948f4d605d) (ScriptedImporter) -> (artifact id: 'c58afba9199991d6e53b8bebede9e588') in 0.0580531 seconds
Number of updated asset objects reloaded before import = 0Number of asset objects unloaded after import = 2

========================================================================
Received Import Request.
  Time since last request: 0.000051 seconds.
  path: Assets/Grass And Flowers Pack 1/Ground Textures/Materials/Groundplants 1_D 1741.mat
  artifactKey: Guid(5b92f8cbe354e03498081eb284b713cd) Importer(2089858483,b0f066a214c2f5e87bad3c948f4d605d)
Start importing Assets/Grass And Flowers Pack 1/Ground Textures/Materials/Groundplants 1_D 1741.mat using Guid(5b92f8cbe354e03498081eb284b713cd) Importer(2089858483,b0f066a214c2f5e87bad3c948f4d605d) (ScriptedImporter) -> (artifact id: '431d6f2af0a278a216497f39f1ebdb7d') in 0.046541 seconds
Number of updated asset objects reloaded before import = 0Number of asset objects unloaded after import = 2

========================================================================
Received Import Request.
  Time since last request: 0.000075 seconds.
  path: Assets/Grass And Flowers Pack 1/Ground Textures/Materials/Groundplants 1_D 1658.mat
  artifactKey: Guid(0c2e090e72c937541a804e613cf26d12) Importer(2089858483,b0f066a214c2f5e87bad3c948f4d605d)
Start importing Assets/Grass And Flowers Pack 1/Ground Textures/Materials/Groundplants 1_D 1658.mat using Guid(0c2e090e72c937541a804e613cf26d12) Importer(2089858483,b0f066a214c2f5e87bad3c948f4d605d) (ScriptedImporter) -> (artifact id: '6519cc798a6e14089bfd12f8a2970655') in 0.0509711 seconds
Number of updated asset objects reloaded before import = 0Number of asset objects unloaded after import = 2

========================================================================
Received Import Request.
  Time since last request: 0.000049 seconds.
  path: Assets/Grass And Flowers Pack 1/Ground Textures/Materials/Groundplants 1_D 1746.mat
  artifactKey: Guid(989f441c86e9c694ba985bb05fb632bc) Importer(2089858483,b0f066a214c2f5e87bad3c948f4d605d)
Start importing Assets/Grass And Flowers Pack 1/Ground Textures/Materials/Groundplants 1_D 1746.mat using Guid(989f441c86e9c694ba985bb05fb632bc) Importer(2089858483,b0f066a214c2f5e87bad3c948f4d605d) (ScriptedImporter) -> (artifact id: '23a3ef737f0363637b10866b51f92259') in 0.0507066 seconds
Number of updated asset objects reloaded before import = 0Number of asset objects unloaded after import = 2

========================================================================
Received Import Request.
  Time since last request: 0.000066 seconds.
  path: Assets/Grass And Flowers Pack 1/Ground Textures/Materials/Groundplants 1_D 1757.mat
  artifactKey: Guid(ca3bae666ac00cf4cbad1fbdea249fdd) Importer(2089858483,b0f066a214c2f5e87bad3c948f4d605d)
Start importing Assets/Grass And Flowers Pack 1/Ground Textures/Materials/Groundplants 1_D 1757.mat using Guid(ca3bae666ac00cf4cbad1fbdea249fdd) Importer(2089858483,b0f066a214c2f5e87bad3c948f4d605d) (ScriptedImporter) -> (artifact id: 'b6e8cd357cce16513a1685369b0504f6') in 0.044024 seconds
Number of updated asset objects reloaded before import = 0Number of asset objects unloaded after import = 2

========================================================================
Received Import Request.
  Time since last request: 0.000052 seconds.
  path: Assets/Grass And Flowers Pack 1/Ground Textures/Materials/Groundplants 1_D 1563.mat
  artifactKey: Guid(287db5bf4621d174eadd7cf5ab489871) Importer(2089858483,b0f066a214c2f5e87bad3c948f4d605d)
Start importing Assets/Grass And Flowers Pack 1/Ground Textures/Materials/Groundplants 1_D 1563.mat using Guid(287db5bf4621d174eadd7cf5ab489871) Importer(2089858483,b0f066a214c2f5e87bad3c948f4d605d) (ScriptedImporter) -> (artifact id: '6e1636ee71dedc519c9864e13b2d898c') in 0.0486452 seconds
Number of updated asset objects reloaded before import = 0Number of asset objects unloaded after import = 2

========================================================================
Received Import Request.
  Time since last request: 0.000067 seconds.
  path: Assets/Grass And Flowers Pack 1/Ground Textures/Materials/Groundplants 1_D 1768.mat
  artifactKey: Guid(bdf9b01b08c5a604fb0b4f98b4a1188b) Importer(2089858483,b0f066a214c2f5e87bad3c948f4d605d)
Start importing Assets/Grass And Flowers Pack 1/Ground Textures/Materials/Groundplants 1_D 1768.mat using Guid(bdf9b01b08c5a604fb0b4f98b4a1188b) Importer(2089858483,b0f066a214c2f5e87bad3c948f4d605d) (ScriptedImporter) -> (artifact id: 'a5f525367e4d3d0da0ffc9716dace13b') in 0.046434 seconds
Number of updated asset objects reloaded before import = 0Number of asset objects unloaded after import = 2

========================================================================
Received Import Request.
  Time since last request: 0.000055 seconds.
  path: Assets/Grass And Flowers Pack 1/Ground Textures/Materials/Groundplants 1_D 1620.mat
  artifactKey: Guid(43a56d9df5dd8dd45999431525a39692) Importer(2089858483,b0f066a214c2f5e87bad3c948f4d605d)
Start importing Assets/Grass And Flowers Pack 1/Ground Textures/Materials/Groundplants 1_D 1620.mat using Guid(43a56d9df5dd8dd45999431525a39692) Importer(2089858483,b0f066a214c2f5e87bad3c948f4d605d) (ScriptedImporter) -> (artifact id: 'a1fd8f8b20f2f183edf9988eb3d0664a') in 0.0398296 seconds
Number of updated asset objects reloaded before import = 0Number of asset objects unloaded after import = 2

========================================================================
Received Import Request.
  Time since last request: 0.000081 seconds.
  path: Assets/Grass And Flowers Pack 1/Ground Textures/Materials/Groundplants 1_D 1769.mat
  artifactKey: Guid(586499461c9b3fa46ada20c502f3da33) Importer(2089858483,b0f066a214c2f5e87bad3c948f4d605d)
Start importing Assets/Grass And Flowers Pack 1/Ground Textures/Materials/Groundplants 1_D 1769.mat using Guid(586499461c9b3fa46ada20c502f3da33) Importer(2089858483,b0f066a214c2f5e87bad3c948f4d605d) (ScriptedImporter) -> (artifact id: '1c846dae3d60d4de46f49171cc387907') in 0.0545181 seconds
Number of updated asset objects reloaded before import = 0Number of asset objects unloaded after import = 2

========================================================================
Received Import Request.
  Time since last request: 0.000036 seconds.
  path: Assets/Grass And Flowers Pack 1/Ground Textures/Materials/Groundplants 1_D 1775.mat
  artifactKey: Guid(ccfc4214528ab564cb32b5981f0550aa) Importer(2089858483,b0f066a214c2f5e87bad3c948f4d605d)
Start importing Assets/Grass And Flowers Pack 1/Ground Textures/Materials/Groundplants 1_D 1775.mat using Guid(ccfc4214528ab564cb32b5981f0550aa) Importer(2089858483,b0f066a214c2f5e87bad3c948f4d605d) (ScriptedImporter) -> (artifact id: '02afa041cba56cca6853ef5dc18ac089') in 0.06863 seconds
Number of updated asset objects reloaded before import = 0Number of asset objects unloaded after import = 2

========================================================================
Received Import Request.
  Time since last request: 0.000046 seconds.
  path: Assets/Grass And Flowers Pack 1/Ground Textures/Materials/Groundplants 1_D 1777.mat
  artifactKey: Guid(d1dffb3a29eb3d14c9fd1ac18c859ed4) Importer(2089858483,b0f066a214c2f5e87bad3c948f4d605d)
Start importing Assets/Grass And Flowers Pack 1/Ground Textures/Materials/Groundplants 1_D 1777.mat using Guid(d1dffb3a29eb3d14c9fd1ac18c859ed4) Importer(2089858483,b0f066a214c2f5e87bad3c948f4d605d) (ScriptedImporter) -> (artifact id: 'babfc4af05122f1fddc6f534e449bfd6') in 0.2870715 seconds
Number of updated asset objects reloaded before import = 0Number of asset objects unloaded after import = 2

========================================================================
Received Import Request.
  Time since last request: 0.000065 seconds.
  path: Assets/Grass And Flowers Pack 1/Ground Textures/Materials/Groundplants 1_D 1785.mat
  artifactKey: Guid(bf2e3252044159a42b7b359a61b91431) Importer(2089858483,b0f066a214c2f5e87bad3c948f4d605d)
Start importing Assets/Grass And Flowers Pack 1/Ground Textures/Materials/Groundplants 1_D 1785.mat using Guid(bf2e3252044159a42b7b359a61b91431) Importer(2089858483,b0f066a214c2f5e87bad3c948f4d605d) (ScriptedImporter) -> (artifact id: '9390a790ac447da363eaf63179945dac') in 0.0488339 seconds
Number of updated asset objects reloaded before import = 0Number of asset objects unloaded after import = 2

========================================================================
Received Import Request.
  Time since last request: 0.000064 seconds.
  path: Assets/Grass And Flowers Pack 1/Ground Textures/Materials/Groundplants 1_D 1790.mat
  artifactKey: Guid(2344772cb1b61554da6d2a84a65ae38e) Importer(2089858483,b0f066a214c2f5e87bad3c948f4d605d)
Start importing Assets/Grass And Flowers Pack 1/Ground Textures/Materials/Groundplants 1_D 1790.mat using Guid(2344772cb1b61554da6d2a84a65ae38e) Importer(2089858483,b0f066a214c2f5e87bad3c948f4d605d) (ScriptedImporter) -> (artifact id: 'aca724fab1e53c557618792e9fc53c8c') in 0.0445606 seconds
Number of updated asset objects reloaded before import = 0Number of asset objects unloaded after import = 2

========================================================================
Received Import Request.
  Time since last request: 0.000056 seconds.
  path: Assets/Grass And Flowers Pack 1/Ground Textures/Materials/Groundplants 1_D 1783.mat
  artifactKey: Guid(96b1115150cc83b428ba7ee68f10a558) Importer(2089858483,b0f066a214c2f5e87bad3c948f4d605d)
Start importing Assets/Grass And Flowers Pack 1/Ground Textures/Materials/Groundplants 1_D 1783.mat using Guid(96b1115150cc83b428ba7ee68f10a558) Importer(2089858483,b0f066a214c2f5e87bad3c948f4d605d) (ScriptedImporter) -> (artifact id: 'f2237f9963af873369e5da8f08a5d058') in 0.0432877 seconds
Number of updated asset objects reloaded before import = 0Number of asset objects unloaded after import = 2

========================================================================
Received Import Request.
  Time since last request: 0.000067 seconds.
  path: Assets/Grass And Flowers Pack 1/Ground Textures/Materials/Groundplants 1_D 1782.mat
  artifactKey: Guid(6c7f53a78d50b6e4da10a630697c3e38) Importer(2089858483,b0f066a214c2f5e87bad3c948f4d605d)
Start importing Assets/Grass And Flowers Pack 1/Ground Textures/Materials/Groundplants 1_D 1782.mat using Guid(6c7f53a78d50b6e4da10a630697c3e38) Importer(2089858483,b0f066a214c2f5e87bad3c948f4d605d) (ScriptedImporter) -> (artifact id: 'e3122d5e27e5a8f42dc83e94230da8e6') in 0.0441072 seconds
Number of updated asset objects reloaded before import = 0Number of asset objects unloaded after import = 2

========================================================================
Received Import Request.
  Time since last request: 0.000044 seconds.
  path: Assets/Grass And Flowers Pack 1/Ground Textures/Materials/Groundplants 1_D 1801.mat
  artifactKey: Guid(56e1654bfec6ace48884b9b780e1d80a) Importer(2089858483,b0f066a214c2f5e87bad3c948f4d605d)
Start importing Assets/Grass And Flowers Pack 1/Ground Textures/Materials/Groundplants 1_D 1801.mat using Guid(56e1654bfec6ace48884b9b780e1d80a) Importer(2089858483,b0f066a214c2f5e87bad3c948f4d605d) (ScriptedImporter) -> (artifact id: 'a65601dc7d1435617db262091a83a392') in 0.0453775 seconds
Number of updated asset objects reloaded before import = 0Number of asset objects unloaded after import = 2

========================================================================
Received Import Request.
  Time since last request: 0.000078 seconds.
  path: Assets/Grass And Flowers Pack 1/Ground Textures/Materials/Groundplants 1_D 1719.mat
  artifactKey: Guid(6c783fa70b2361447adeab0efb0bb3ff) Importer(2089858483,b0f066a214c2f5e87bad3c948f4d605d)
Start importing Assets/Grass And Flowers Pack 1/Ground Textures/Materials/Groundplants 1_D 1719.mat using Guid(6c783fa70b2361447adeab0efb0bb3ff) Importer(2089858483,b0f066a214c2f5e87bad3c948f4d605d) (ScriptedImporter) -> (artifact id: '16f9e9034631bf8b72759dfcf988cb51') in 0.0441207 seconds
Number of updated asset objects reloaded before import = 0Number of asset objects unloaded after import = 2

========================================================================
Received Import Request.
  Time since last request: 0.000058 seconds.
  path: Assets/Grass And Flowers Pack 1/Ground Textures/Materials/Groundplants 1_D 1816.mat
  artifactKey: Guid(7eb30e3412e3e4641bb393b40a2cd01a) Importer(2089858483,b0f066a214c2f5e87bad3c948f4d605d)
Start importing Assets/Grass And Flowers Pack 1/Ground Textures/Materials/Groundplants 1_D 1816.mat using Guid(7eb30e3412e3e4641bb393b40a2cd01a) Importer(2089858483,b0f066a214c2f5e87bad3c948f4d605d) (ScriptedImporter) -> (artifact id: 'fbaa8ec7ec61d28fff6880c0c12ac697') in 0.0385558 seconds
Number of updated asset objects reloaded before import = 0Number of asset objects unloaded after import = 2

========================================================================
Received Import Request.
  Time since last request: 0.000047 seconds.
  path: Assets/Grass And Flowers Pack 1/Ground Textures/Materials/Groundplants 1_D 1765.mat
  artifactKey: Guid(67be096a576251c4c9a6ddf4bbc508ce) Importer(2089858483,b0f066a214c2f5e87bad3c948f4d605d)
Start importing Assets/Grass And Flowers Pack 1/Ground Textures/Materials/Groundplants 1_D 1765.mat using Guid(67be096a576251c4c9a6ddf4bbc508ce) Importer(2089858483,b0f066a214c2f5e87bad3c948f4d605d) (ScriptedImporter) -> (artifact id: '38936a4c4491e0d062d0657126088380') in 0.0356248 seconds
Number of updated asset objects reloaded before import = 0Number of asset objects unloaded after import = 2

========================================================================
Received Import Request.
  Time since last request: 0.000074 seconds.
  path: Assets/Grass And Flowers Pack 1/Ground Textures/Materials/Groundplants 1_D 1722.mat
  artifactKey: Guid(7d127f27469727240bbcb8c9e5b9d838) Importer(2089858483,b0f066a214c2f5e87bad3c948f4d605d)
Start importing Assets/Grass And Flowers Pack 1/Ground Textures/Materials/Groundplants 1_D 1722.mat using Guid(7d127f27469727240bbcb8c9e5b9d838) Importer(2089858483,b0f066a214c2f5e87bad3c948f4d605d) (ScriptedImporter) -> (artifact id: 'a585a289a9d4afa3daeb7a643e6fadec') in 0.0470895 seconds
Number of updated asset objects reloaded before import = 0Number of asset objects unloaded after import = 2

========================================================================
Received Import Request.
  Time since last request: 0.000039 seconds.
  path: Assets/Grass And Flowers Pack 1/Ground Textures/Materials/Groundplants 1_D 1825.mat
  artifactKey: Guid(39b4e022ee8d2984d9b4527cb10546e2) Importer(2089858483,b0f066a214c2f5e87bad3c948f4d605d)
Start importing Assets/Grass And Flowers Pack 1/Ground Textures/Materials/Groundplants 1_D 1825.mat using Guid(39b4e022ee8d2984d9b4527cb10546e2) Importer(2089858483,b0f066a214c2f5e87bad3c948f4d605d) (ScriptedImporter) -> (artifact id: 'e7fc868bdef528427ce31a0ccea0590b') in 0.0442041 seconds
Number of updated asset objects reloaded before import = 0Number of asset objects unloaded after import = 2

========================================================================
Received Import Request.
  Time since last request: 0.000118 seconds.
  path: Assets/Grass And Flowers Pack 1/Ground Textures/Materials/Groundplants 1_D 1830.mat
  artifactKey: Guid(4332414a9dd6f524c9e9d6b2962b7724) Importer(2089858483,b0f066a214c2f5e87bad3c948f4d605d)
Start importing Assets/Grass And Flowers Pack 1/Ground Textures/Materials/Groundplants 1_D 1830.mat using Guid(4332414a9dd6f524c9e9d6b2962b7724) Importer(2089858483,b0f066a214c2f5e87bad3c948f4d605d) (ScriptedImporter) -> (artifact id: 'bda33053ae3e0de1ce3c0b4c27c0c7f0') in 0.043776 seconds
Number of updated asset objects reloaded before import = 0Number of asset objects unloaded after import = 2

========================================================================
Received Import Request.
  Time since last request: 0.000051 seconds.
  path: Assets/Grass And Flowers Pack 1/Ground Textures/Materials/Groundplants 1_D 1839.mat
  artifactKey: Guid(a102683b2ddde654a95a3aebfca0762d) Importer(2089858483,b0f066a214c2f5e87bad3c948f4d605d)
Start importing Assets/Grass And Flowers Pack 1/Ground Textures/Materials/Groundplants 1_D 1839.mat using Guid(a102683b2ddde654a95a3aebfca0762d) Importer(2089858483,b0f066a214c2f5e87bad3c948f4d605d) (ScriptedImporter) -> (artifact id: '97a684af56d2a43655ba8d3bccd5ac5b') in 0.0374859 seconds
Number of updated asset objects reloaded before import = 0Number of asset objects unloaded after import = 2

========================================================================
Received Import Request.
  Time since last request: 0.000053 seconds.
  path: Assets/Grass And Flowers Pack 1/Ground Textures/Materials/Groundplants 1_D 1837.mat
  artifactKey: Guid(98bc648c2e98a234f831d7ef0ee6ac6e) Importer(2089858483,b0f066a214c2f5e87bad3c948f4d605d)
Start importing Assets/Grass And Flowers Pack 1/Ground Textures/Materials/Groundplants 1_D 1837.mat using Guid(98bc648c2e98a234f831d7ef0ee6ac6e) Importer(2089858483,b0f066a214c2f5e87bad3c948f4d605d) (ScriptedImporter) -> (artifact id: '85dfb397a069c58efee160d1a4429499') in 0.0370961 seconds
Number of updated asset objects reloaded before import = 0Number of asset objects unloaded after import = 2

========================================================================
Received Import Request.
  Time since last request: 0.000076 seconds.
  path: Assets/Grass And Flowers Pack 1/Ground Textures/Materials/Groundplants 1_D 1850.mat
  artifactKey: Guid(33c6124da26884a43903349501081945) Importer(2089858483,b0f066a214c2f5e87bad3c948f4d605d)
Start importing Assets/Grass And Flowers Pack 1/Ground Textures/Materials/Groundplants 1_D 1850.mat using Guid(33c6124da26884a43903349501081945) Importer(2089858483,b0f066a214c2f5e87bad3c948f4d605d) (ScriptedImporter) -> (artifact id: '24f0e9c73a563741ab2edc5d7c7977ec') in 0.0369679 seconds
Number of updated asset objects reloaded before import = 0Number of asset objects unloaded after import = 2

========================================================================
Received Import Request.
  Time since last request: 0.000043 seconds.
  path: Assets/Grass And Flowers Pack 1/Ground Textures/Materials/Groundplants 1_D 1858.mat
  artifactKey: Guid(6c7682e47aa53bf4598e289048fdaaee) Importer(2089858483,b0f066a214c2f5e87bad3c948f4d605d)
Start importing Assets/Grass And Flowers Pack 1/Ground Textures/Materials/Groundplants 1_D 1858.mat using Guid(6c7682e47aa53bf4598e289048fdaaee) Importer(2089858483,b0f066a214c2f5e87bad3c948f4d605d) (ScriptedImporter) -> (artifact id: '082967cfa4afba0bf5fbc7db4a52ae66') in 0.0543737 seconds
Number of updated asset objects reloaded before import = 0Number of asset objects unloaded after import = 2

========================================================================
Received Import Request.
  Time since last request: 0.000041 seconds.
  path: Assets/Grass And Flowers Pack 1/Ground Textures/Materials/Groundplants 1_D 1728.mat
  artifactKey: Guid(a329c68e023d6ed4782675a6d2c5220f) Importer(2089858483,b0f066a214c2f5e87bad3c948f4d605d)
Start importing Assets/Grass And Flowers Pack 1/Ground Textures/Materials/Groundplants 1_D 1728.mat using Guid(a329c68e023d6ed4782675a6d2c5220f) Importer(2089858483,b0f066a214c2f5e87bad3c948f4d605d) (ScriptedImporter) -> (artifact id: 'ee507aca2c0319dd387f69f8bd2071df') in 0.0476921 seconds
Number of updated asset objects reloaded before import = 0Number of asset objects unloaded after import = 2

========================================================================
Received Import Request.
  Time since last request: 0.000055 seconds.
  path: Assets/Grass And Flowers Pack 1/Ground Textures/Materials/Groundplants 1_D 1859.mat
  artifactKey: Guid(6f9d859f09343b847a170729bbe01f13) Importer(2089858483,b0f066a214c2f5e87bad3c948f4d605d)
Start importing Assets/Grass And Flowers Pack 1/Ground Textures/Materials/Groundplants 1_D 1859.mat using Guid(6f9d859f09343b847a170729bbe01f13) Importer(2089858483,b0f066a214c2f5e87bad3c948f4d605d) (ScriptedImporter) -> (artifact id: 'b4dfc65165cd5ba5333bfe327af3e007') in 0.051382 seconds
Number of updated asset objects reloaded before import = 0Number of asset objects unloaded after import = 2

========================================================================
Received Import Request.
  Time since last request: 0.000040 seconds.
  path: Assets/Grass And Flowers Pack 1/Ground Textures/Materials/Groundplants 1_D 1699.mat
  artifactKey: Guid(dc44e6367325abe4aae7206c2590ed79) Importer(2089858483,b0f066a214c2f5e87bad3c948f4d605d)
Start importing Assets/Grass And Flowers Pack 1/Ground Textures/Materials/Groundplants 1_D 1699.mat using Guid(dc44e6367325abe4aae7206c2590ed79) Importer(2089858483,b0f066a214c2f5e87bad3c948f4d605d) (ScriptedImporter) -> (artifact id: '88a7c13a3cbdcf091f33ca766e285c1d') in 0.0496287 seconds
Number of updated asset objects reloaded before import = 0Number of asset objects unloaded after import = 2

========================================================================
Received Import Request.
  Time since last request: 0.000052 seconds.
  path: Assets/Grass And Flowers Pack 1/Ground Textures/Materials/Groundplants 1_D 1878.mat
  artifactKey: Guid(dca7f4a0f0af09348b27bbbeb5e6a84c) Importer(2089858483,b0f066a214c2f5e87bad3c948f4d605d)
Start importing Assets/Grass And Flowers Pack 1/Ground Textures/Materials/Groundplants 1_D 1878.mat using Guid(dca7f4a0f0af09348b27bbbeb5e6a84c) Importer(2089858483,b0f066a214c2f5e87bad3c948f4d605d) (ScriptedImporter) -> (artifact id: '725a0d86c265478f1c33f57feeb46f0e') in 0.0693579 seconds
Number of updated asset objects reloaded before import = 0Number of asset objects unloaded after import = 2

========================================================================
Received Import Request.
  Time since last request: 0.000055 seconds.
  path: Assets/Grass And Flowers Pack 1/Ground Textures/Materials/Groundplants 1_D 1616.mat
  artifactKey: Guid(0ea0b0a067eaabf4ab35930faa20c82d) Importer(2089858483,b0f066a214c2f5e87bad3c948f4d605d)
Start importing Assets/Grass And Flowers Pack 1/Ground Textures/Materials/Groundplants 1_D 1616.mat using Guid(0ea0b0a067eaabf4ab35930faa20c82d) Importer(2089858483,b0f066a214c2f5e87bad3c948f4d605d) (ScriptedImporter) -> (artifact id: 'b61282f17a691889b6dd7b7eae8da147') in 0.1819171 seconds
Number of updated asset objects reloaded before import = 0Number of asset objects unloaded after import = 2

========================================================================
Received Import Request.
  Time since last request: 0.000084 seconds.
  path: Assets/Grass And Flowers Pack 1/Ground Textures/Materials/Groundplants 1_D 1885.mat
  artifactKey: Guid(d7067dbfd8fd3514f9228afdea6e56b8) Importer(2089858483,b0f066a214c2f5e87bad3c948f4d605d)
Start importing Assets/Grass And Flowers Pack 1/Ground Textures/Materials/Groundplants 1_D 1885.mat using Guid(d7067dbfd8fd3514f9228afdea6e56b8) Importer(2089858483,b0f066a214c2f5e87bad3c948f4d605d) (ScriptedImporter) -> (artifact id: '4728978231014444a86e6230c87d1a4a') in 0.147569 seconds
Number of updated asset objects reloaded before import = 0Number of asset objects unloaded after import = 2

========================================================================
Received Import Request.
  Time since last request: 0.000051 seconds.
  path: Assets/Grass And Flowers Pack 1/Ground Textures/Materials/Groundplants 1_D 1891.mat
  artifactKey: Guid(dde8e70ea24510a4aa230d792bc8cdf0) Importer(2089858483,b0f066a214c2f5e87bad3c948f4d605d)
Start importing Assets/Grass And Flowers Pack 1/Ground Textures/Materials/Groundplants 1_D 1891.mat using Guid(dde8e70ea24510a4aa230d792bc8cdf0) Importer(2089858483,b0f066a214c2f5e87bad3c948f4d605d) (ScriptedImporter) -> (artifact id: 'adf931ba06a5020bfaf32f23eab4b6bf') in 0.0394145 seconds
Number of updated asset objects reloaded before import = 0Number of asset objects unloaded after import = 2

========================================================================
Received Import Request.
  Time since last request: 0.000129 seconds.
  path: Assets/Grass And Flowers Pack 1/Ground Textures/Materials/Groundplants 1_D 1894.mat
  artifactKey: Guid(218cd410f411d664c9ac155b7698620e) Importer(2089858483,b0f066a214c2f5e87bad3c948f4d605d)
Start importing Assets/Grass And Flowers Pack 1/Ground Textures/Materials/Groundplants 1_D 1894.mat using Guid(218cd410f411d664c9ac155b7698620e) Importer(2089858483,b0f066a214c2f5e87bad3c948f4d605d) (ScriptedImporter) -> (artifact id: '73ed8876dc38b0a150d5c03af5205903') in 0.0399078 seconds
Number of updated asset objects reloaded before import = 0Number of asset objects unloaded after import = 2

========================================================================
Received Import Request.
  Time since last request: 0.000050 seconds.
  path: Assets/Grass And Flowers Pack 1/Ground Textures/Materials/Groundplants 1_D 1612.mat
  artifactKey: Guid(f7e3a9bbe6cfab74aa70a89599668763) Importer(2089858483,b0f066a214c2f5e87bad3c948f4d605d)
Start importing Assets/Grass And Flowers Pack 1/Ground Textures/Materials/Groundplants 1_D 1612.mat using Guid(f7e3a9bbe6cfab74aa70a89599668763) Importer(2089858483,b0f066a214c2f5e87bad3c948f4d605d) (ScriptedImporter) -> (artifact id: 'ff943821021a49e9ef98ab92622d5422') in 0.0451901 seconds
Number of updated asset objects reloaded before import = 0Number of asset objects unloaded after import = 2

========================================================================
Received Import Request.
  Time since last request: 0.000089 seconds.
  path: Assets/Grass And Flowers Pack 1/Ground Textures/Materials/Groundplants 1_D 1905.mat
  artifactKey: Guid(ab8feb73cde220c469b88b5066350221) Importer(2089858483,b0f066a214c2f5e87bad3c948f4d605d)
Start importing Assets/Grass And Flowers Pack 1/Ground Textures/Materials/Groundplants 1_D 1905.mat using Guid(ab8feb73cde220c469b88b5066350221) Importer(2089858483,b0f066a214c2f5e87bad3c948f4d605d) (ScriptedImporter) -> (artifact id: '461574541effb8d786faded50ba83ac6') in 0.039516 seconds
Number of updated asset objects reloaded before import = 0Number of asset objects unloaded after import = 2

========================================================================
Received Import Request.
  Time since last request: 0.000047 seconds.
  path: Assets/Grass And Flowers Pack 1/Ground Textures/Materials/Groundplants 1_D 1900.mat
  artifactKey: Guid(3b0b29b81a55a1445b32c41d884d2235) Importer(2089858483,b0f066a214c2f5e87bad3c948f4d605d)
Start importing Assets/Grass And Flowers Pack 1/Ground Textures/Materials/Groundplants 1_D 1900.mat using Guid(3b0b29b81a55a1445b32c41d884d2235) Importer(2089858483,b0f066a214c2f5e87bad3c948f4d605d) (ScriptedImporter) -> (artifact id: '21b555181f66157345e2e4b9bc1c9874') in 0.0554375 seconds
Number of updated asset objects reloaded before import = 0Number of asset objects unloaded after import = 2

========================================================================
Received Import Request.
  Time since last request: 0.000125 seconds.
  path: Assets/Grass And Flowers Pack 1/Ground Textures/Materials/Groundplants 1_D 1918.mat
  artifactKey: Guid(e407ecff21d32fd41b443f1c386453d7) Importer(2089858483,b0f066a214c2f5e87bad3c948f4d605d)
Start importing Assets/Grass And Flowers Pack 1/Ground Textures/Materials/Groundplants 1_D 1918.mat using Guid(e407ecff21d32fd41b443f1c386453d7) Importer(2089858483,b0f066a214c2f5e87bad3c948f4d605d) (ScriptedImporter) -> (artifact id: '4103d6004bd2d21e2514992bf2da21dc') in 0.0429182 seconds
Number of updated asset objects reloaded before import = 0Number of asset objects unloaded after import = 2

========================================================================
Received Import Request.
  Time since last request: 0.000049 seconds.
  path: Assets/Grass And Flowers Pack 1/Ground Textures/Materials/Groundplants 1_D 1915.mat
  artifactKey: Guid(c7d8bbff2dbeb5243805901de964b5dc) Importer(2089858483,b0f066a214c2f5e87bad3c948f4d605d)
Start importing Assets/Grass And Flowers Pack 1/Ground Textures/Materials/Groundplants 1_D 1915.mat using Guid(c7d8bbff2dbeb5243805901de964b5dc) Importer(2089858483,b0f066a214c2f5e87bad3c948f4d605d) (ScriptedImporter) -> (artifact id: 'b5d0c1a5fe19de9e15be877a831c0c36') in 0.0386956 seconds
Number of updated asset objects reloaded before import = 0Number of asset objects unloaded after import = 2

========================================================================
Received Import Request.
  Time since last request: 0.000065 seconds.
  path: Assets/Grass And Flowers Pack 1/Ground Textures/Materials/Groundplants 1_D 1904.mat
  artifactKey: Guid(dafbf76051be55447b8aa4fb6248a98d) Importer(2089858483,b0f066a214c2f5e87bad3c948f4d605d)
Start importing Assets/Grass And Flowers Pack 1/Ground Textures/Materials/Groundplants 1_D 1904.mat using Guid(dafbf76051be55447b8aa4fb6248a98d) Importer(2089858483,b0f066a214c2f5e87bad3c948f4d605d) (ScriptedImporter) -> (artifact id: 'bd408f2d828702c10a7aebb77bc4b245') in 0.0419811 seconds
Number of updated asset objects reloaded before import = 0Number of asset objects unloaded after import = 2

========================================================================
Received Import Request.
  Time since last request: 0.000038 seconds.
  path: Assets/Grass And Flowers Pack 1/Ground Textures/Materials/Groundplants 1_D 1935.mat
  artifactKey: Guid(b278364dd8b9b754781382500ba81e53) Importer(2089858483,b0f066a214c2f5e87bad3c948f4d605d)
Start importing Assets/Grass And Flowers Pack 1/Ground Textures/Materials/Groundplants 1_D 1935.mat using Guid(b278364dd8b9b754781382500ba81e53) Importer(2089858483,b0f066a214c2f5e87bad3c948f4d605d) (ScriptedImporter) -> (artifact id: '7b41827f6ff9dc6d1906b978f3290b09') in 0.0431562 seconds
Number of updated asset objects reloaded before import = 0Number of asset objects unloaded after import = 2

========================================================================
Received Import Request.
  Time since last request: 0.000046 seconds.
  path: Assets/Grass And Flowers Pack 1/Ground Textures/Materials/Groundplants 1_D 1938.mat
  artifactKey: Guid(a64a625af57691e478134db26fe2007d) Importer(2089858483,b0f066a214c2f5e87bad3c948f4d605d)
Start importing Assets/Grass And Flowers Pack 1/Ground Textures/Materials/Groundplants 1_D 1938.mat using Guid(a64a625af57691e478134db26fe2007d) Importer(2089858483,b0f066a214c2f5e87bad3c948f4d605d) (ScriptedImporter) -> (artifact id: 'c719929b9711c30db810d14842f746fb') in 0.0504248 seconds
Number of updated asset objects reloaded before import = 0Number of asset objects unloaded after import = 2

========================================================================
Received Import Request.
  Time since last request: 0.000083 seconds.
  path: Assets/Grass And Flowers Pack 1/Ground Textures/Materials/Groundplants 1_D 1939.mat
  artifactKey: Guid(a86e5392df64bda4da033eca6976d6d4) Importer(2089858483,b0f066a214c2f5e87bad3c948f4d605d)
Start importing Assets/Grass And Flowers Pack 1/Ground Textures/Materials/Groundplants 1_D 1939.mat using Guid(a86e5392df64bda4da033eca6976d6d4) Importer(2089858483,b0f066a214c2f5e87bad3c948f4d605d) (ScriptedImporter) -> (artifact id: '1aaa88f315bdb0667f3a43e5d4bf4e0a') in 0.0398618 seconds
Number of updated asset objects reloaded before import = 0Number of asset objects unloaded after import = 2

========================================================================
Received Import Request.
  Time since last request: 0.000057 seconds.
  path: Assets/Grass And Flowers Pack 1/Ground Textures/Materials/Groundplants 1_D 1924.mat
  artifactKey: Guid(5d10098d350ed204da3ab04efdbbf163) Importer(2089858483,b0f066a214c2f5e87bad3c948f4d605d)
Start importing Assets/Grass And Flowers Pack 1/Ground Textures/Materials/Groundplants 1_D 1924.mat using Guid(5d10098d350ed204da3ab04efdbbf163) Importer(2089858483,b0f066a214c2f5e87bad3c948f4d605d) (ScriptedImporter) -> (artifact id: '2e7ab4a27a9a7207fb9ecfa9495ce49f') in 0.035174 seconds
Number of updated asset objects reloaded before import = 0Number of asset objects unloaded after import = 2

========================================================================
Received Import Request.
  Time since last request: 0.000048 seconds.
  path: Assets/Grass And Flowers Pack 1/Ground Textures/Materials/Groundplants 1_D 1806.mat
  artifactKey: Guid(c96a362b76939df42aefa05878c7c206) Importer(2089858483,b0f066a214c2f5e87bad3c948f4d605d)
Start importing Assets/Grass And Flowers Pack 1/Ground Textures/Materials/Groundplants 1_D 1806.mat using Guid(c96a362b76939df42aefa05878c7c206) Importer(2089858483,b0f066a214c2f5e87bad3c948f4d605d) (ScriptedImporter) -> (artifact id: '644b0201ad8f184cd556b01b44213a03') in 0.0477712 seconds
Number of updated asset objects reloaded before import = 0Number of asset objects unloaded after import = 2

========================================================================
Received Import Request.
  Time since last request: 0.000071 seconds.
  path: Assets/Grass And Flowers Pack 1/Ground Textures/Materials/Groundplants 1_D 1949.mat
  artifactKey: Guid(38a14dc73e3457d409c6f8d57249e9b2) Importer(2089858483,b0f066a214c2f5e87bad3c948f4d605d)
Start importing Assets/Grass And Flowers Pack 1/Ground Textures/Materials/Groundplants 1_D 1949.mat using Guid(38a14dc73e3457d409c6f8d57249e9b2) Importer(2089858483,b0f066a214c2f5e87bad3c948f4d605d) (ScriptedImporter) -> (artifact id: '859229ff9f3783458c9c9fb8d4d0ea0e') in 0.0370247 seconds
Number of updated asset objects reloaded before import = 0Number of asset objects unloaded after import = 2

========================================================================
Received Import Request.
  Time since last request: 0.000047 seconds.
  path: Assets/Grass And Flowers Pack 1/Ground Textures/Materials/Groundplants 1_D 1959.mat
  artifactKey: Guid(af8d6ae5f97be074abf21bc0f5eced32) Importer(2089858483,b0f066a214c2f5e87bad3c948f4d605d)
Start importing Assets/Grass And Flowers Pack 1/Ground Textures/Materials/Groundplants 1_D 1959.mat using Guid(af8d6ae5f97be074abf21bc0f5eced32) Importer(2089858483,b0f066a214c2f5e87bad3c948f4d605d) (ScriptedImporter) -> (artifact id: '727c5006e2d231acd014123313e0ea20') in 0.0396822 seconds
Number of updated asset objects reloaded before import = 0Number of asset objects unloaded after import = 2

========================================================================
Received Import Request.
  Time since last request: 0.000053 seconds.
  path: Assets/Grass And Flowers Pack 1/Ground Textures/Materials/Groundplants 1_D 1970.mat
  artifactKey: Guid(3f32b0db90c9e2f4196a1bef3f681fed) Importer(2089858483,b0f066a214c2f5e87bad3c948f4d605d)
Start importing Assets/Grass And Flowers Pack 1/Ground Textures/Materials/Groundplants 1_D 1970.mat using Guid(3f32b0db90c9e2f4196a1bef3f681fed) Importer(2089858483,b0f066a214c2f5e87bad3c948f4d605d) (ScriptedImporter) -> (artifact id: '21f0377898d7ec2a23ce3e3b343a2a17') in 0.0480143 seconds
Number of updated asset objects reloaded before import = 0Number of asset objects unloaded after import = 2

========================================================================
Received Import Request.
  Time since last request: 0.000075 seconds.
  path: Assets/Grass And Flowers Pack 1/Ground Textures/Materials/Groundplants 1_D 1964.mat
  artifactKey: Guid(4f7d32666a8eb1842bb09f9cebc3093f) Importer(2089858483,b0f066a214c2f5e87bad3c948f4d605d)
Start importing Assets/Grass And Flowers Pack 1/Ground Textures/Materials/Groundplants 1_D 1964.mat using Guid(4f7d32666a8eb1842bb09f9cebc3093f) Importer(2089858483,b0f066a214c2f5e87bad3c948f4d605d) (ScriptedImporter) -> (artifact id: 'b9165e2e32c3bdf6135819fd3114bc4a') in 0.0801691 seconds
Number of updated asset objects reloaded before import = 0Number of asset objects unloaded after import = 2

========================================================================
Received Import Request.
  Time since last request: 0.000037 seconds.
  path: Assets/Grass And Flowers Pack 1/Ground Textures/Materials/Groundplants 1_D 1969.mat
  artifactKey: Guid(c21bbc647ab1ab8478b47bd755d3b60d) Importer(2089858483,b0f066a214c2f5e87bad3c948f4d605d)
Start importing Assets/Grass And Flowers Pack 1/Ground Textures/Materials/Groundplants 1_D 1969.mat using Guid(c21bbc647ab1ab8478b47bd755d3b60d) Importer(2089858483,b0f066a214c2f5e87bad3c948f4d605d) (ScriptedImporter) -> (artifact id: 'd3cb54d7c9de622573292c8792abc350') in 0.3365988 seconds
Number of updated asset objects reloaded before import = 0Number of asset objects unloaded after import = 2

========================================================================
Received Import Request.
  Time since last request: 0.000077 seconds.
  path: Assets/Grass And Flowers Pack 1/Ground Textures/Materials/Groundplants 1_D 1975.mat
  artifactKey: Guid(61de49b369b75ae4284bfbc09081e0f1) Importer(2089858483,b0f066a214c2f5e87bad3c948f4d605d)
Start importing Assets/Grass And Flowers Pack 1/Ground Textures/Materials/Groundplants 1_D 1975.mat using Guid(61de49b369b75ae4284bfbc09081e0f1) Importer(2089858483,b0f066a214c2f5e87bad3c948f4d605d) (ScriptedImporter) -> (artifact id: 'd8998a690e21250c5a0635c3d09d7fd9') in 0.049489 seconds
Number of updated asset objects reloaded before import = 0Number of asset objects unloaded after import = 2

========================================================================
Received Import Request.
  Time since last request: 0.000043 seconds.
  path: Assets/Grass And Flowers Pack 1/Ground Textures/Materials/Groundplants 1_D 1581.mat
  artifactKey: Guid(ffd7a2915a8043b4ebbfac624a6d93b7) Importer(2089858483,b0f066a214c2f5e87bad3c948f4d605d)
Start importing Assets/Grass And Flowers Pack 1/Ground Textures/Materials/Groundplants 1_D 1581.mat using Guid(ffd7a2915a8043b4ebbfac624a6d93b7) Importer(2089858483,b0f066a214c2f5e87bad3c948f4d605d) (ScriptedImporter) -> (artifact id: '4c960b96d1db6aee96514dcbdaaccb07') in 0.0473342 seconds
Number of updated asset objects reloaded before import = 0Number of asset objects unloaded after import = 2

========================================================================
Received Import Request.
  Time since last request: 0.000037 seconds.
  path: Assets/Grass And Flowers Pack 1/Ground Textures/Materials/Groundplants 1_D 1599.mat
  artifactKey: Guid(3ed18821135c4f346a6832bcc2610667) Importer(2089858483,b0f066a214c2f5e87bad3c948f4d605d)
Start importing Assets/Grass And Flowers Pack 1/Ground Textures/Materials/Groundplants 1_D 1599.mat using Guid(3ed18821135c4f346a6832bcc2610667) Importer(2089858483,b0f066a214c2f5e87bad3c948f4d605d) (ScriptedImporter) -> (artifact id: '49ffd0f487d970cd890681c8ce3d83d3') in 0.0483048 seconds
Number of updated asset objects reloaded before import = 0Number of asset objects unloaded after import = 2

========================================================================
Received Import Request.
  Time since last request: 0.000063 seconds.
  path: Assets/Grass And Flowers Pack 1/Ground Textures/Materials/Groundplants 1_D 1852.mat
  artifactKey: Guid(5448142d68aa1e248bf01050465de6a1) Importer(2089858483,b0f066a214c2f5e87bad3c948f4d605d)
Start importing Assets/Grass And Flowers Pack 1/Ground Textures/Materials/Groundplants 1_D 1852.mat using Guid(5448142d68aa1e248bf01050465de6a1) Importer(2089858483,b0f066a214c2f5e87bad3c948f4d605d) (ScriptedImporter) -> (artifact id: '8aab1a4230cb426ebc015ebe3496094f') in 0.0443885 seconds
Number of updated asset objects reloaded before import = 0Number of asset objects unloaded after import = 2

========================================================================
Received Import Request.
  Time since last request: 0.000044 seconds.
  path: Assets/Grass And Flowers Pack 1/Ground Textures/Materials/Groundplants 1_D 1688.mat
  artifactKey: Guid(69de51da70d818e42b6ff4e501e96d64) Importer(2089858483,b0f066a214c2f5e87bad3c948f4d605d)
Start importing Assets/Grass And Flowers Pack 1/Ground Textures/Materials/Groundplants 1_D 1688.mat using Guid(69de51da70d818e42b6ff4e501e96d64) Importer(2089858483,b0f066a214c2f5e87bad3c948f4d605d) (ScriptedImporter) -> (artifact id: '41a6e804193ae3ed11c968e71bf86814') in 0.0495588 seconds
Number of updated asset objects reloaded before import = 0Number of asset objects unloaded after import = 2

========================================================================
Received Import Request.
  Time since last request: 0.000073 seconds.
  path: Assets/Grass And Flowers Pack 1/Ground Textures/Materials/Groundplants 1_D 1582.mat
  artifactKey: Guid(dc84016324bfa374db7bd7654e584781) Importer(2089858483,b0f066a214c2f5e87bad3c948f4d605d)
Start importing Assets/Grass And Flowers Pack 1/Ground Textures/Materials/Groundplants 1_D 1582.mat using Guid(dc84016324bfa374db7bd7654e584781) Importer(2089858483,b0f066a214c2f5e87bad3c948f4d605d) (ScriptedImporter) -> (artifact id: '4b60a1afa0b085e3173cde9cdc908ba6') in 0.054762 seconds
Number of updated asset objects reloaded before import = 0Number of asset objects unloaded after import = 2

========================================================================
Received Import Request.
  Time since last request: 0.000045 seconds.
  path: Assets/Grass And Flowers Pack 1/Ground Textures/Materials/Groundplants 1_D 1642.mat
  artifactKey: Guid(f9ec64749dd788b4f8774c43760d4451) Importer(2089858483,b0f066a214c2f5e87bad3c948f4d605d)
Start importing Assets/Grass And Flowers Pack 1/Ground Textures/Materials/Groundplants 1_D 1642.mat using Guid(f9ec64749dd788b4f8774c43760d4451) Importer(2089858483,b0f066a214c2f5e87bad3c948f4d605d) (ScriptedImporter) -> (artifact id: '1e0eaa974690eedc278b135b785a4854') in 0.0585392 seconds
Number of updated asset objects reloaded before import = 0Number of asset objects unloaded after import = 2

========================================================================
Received Import Request.
  Time since last request: 0.000076 seconds.
  path: Assets/Grass And Flowers Pack 1/Ground Textures/Materials/Groundplants 1_D 1664.mat
  artifactKey: Guid(2bc4025d476f76343a962f68b30726f7) Importer(2089858483,b0f066a214c2f5e87bad3c948f4d605d)
Start importing Assets/Grass And Flowers Pack 1/Ground Textures/Materials/Groundplants 1_D 1664.mat using Guid(2bc4025d476f76343a962f68b30726f7) Importer(2089858483,b0f066a214c2f5e87bad3c948f4d605d) (ScriptedImporter) -> (artifact id: '961da9e10cadfe2c51468c9e196b1714') in 0.0525218 seconds
Number of updated asset objects reloaded before import = 0Number of asset objects unloaded after import = 2

========================================================================
Received Import Request.
  Time since last request: 0.000047 seconds.
  path: Assets/Grass And Flowers Pack 1/Ground Textures/Materials/Groundplants 1_D 1600.mat
  artifactKey: Guid(e07a19f7e43b802469ed0f719bfbaa24) Importer(2089858483,b0f066a214c2f5e87bad3c948f4d605d)
Start importing Assets/Grass And Flowers Pack 1/Ground Textures/Materials/Groundplants 1_D 1600.mat using Guid(e07a19f7e43b802469ed0f719bfbaa24) Importer(2089858483,b0f066a214c2f5e87bad3c948f4d605d) (ScriptedImporter) -> (artifact id: 'd6d0730bc99f783527e3bfb483213f91') in 0.0496857 seconds
Number of updated asset objects reloaded before import = 0Number of asset objects unloaded after import = 2

========================================================================
Received Import Request.
  Time since last request: 0.000120 seconds.
  path: Assets/Grass And Flowers Pack 1/Ground Textures/Materials/Groundplants 1_D 1598.mat
  artifactKey: Guid(7ddb6ac7b18d2e74baf2f2b719e2620b) Importer(2089858483,b0f066a214c2f5e87bad3c948f4d605d)
Start importing Assets/Grass And Flowers Pack 1/Ground Textures/Materials/Groundplants 1_D 1598.mat using Guid(7ddb6ac7b18d2e74baf2f2b719e2620b) Importer(2089858483,b0f066a214c2f5e87bad3c948f4d605d) (ScriptedImporter) -> (artifact id: '7a5f76d28828ef1d015d7ef6295fdf6e') in 0.0467082 seconds
Number of updated asset objects reloaded before import = 0Number of asset objects unloaded after import = 2

========================================================================
Received Import Request.
  Time since last request: 0.000037 seconds.
  path: Assets/Grass And Flowers Pack 1/Ground Textures/Materials/Groundplants 1_D 1902.mat
  artifactKey: Guid(f499d6633880b974f81242bf79a9a5de) Importer(2089858483,b0f066a214c2f5e87bad3c948f4d605d)
Start importing Assets/Grass And Flowers Pack 1/Ground Textures/Materials/Groundplants 1_D 1902.mat using Guid(f499d6633880b974f81242bf79a9a5de) Importer(2089858483,b0f066a214c2f5e87bad3c948f4d605d) (ScriptedImporter) -> (artifact id: 'a0bf34d41badc703870380948da45bec') in 0.0460232 seconds
Number of updated asset objects reloaded before import = 0Number of asset objects unloaded after import = 2

========================================================================
Received Import Request.
  Time since last request: 0.000046 seconds.
  path: Assets/Grass And Flowers Pack 1/Ground Textures/Materials/Groundplants 1_D 1604.mat
  artifactKey: Guid(c8334d1f6a19fe84b94b156c10b913d9) Importer(2089858483,b0f066a214c2f5e87bad3c948f4d605d)
Start importing Assets/Grass And Flowers Pack 1/Ground Textures/Materials/Groundplants 1_D 1604.mat using Guid(c8334d1f6a19fe84b94b156c10b913d9) Importer(2089858483,b0f066a214c2f5e87bad3c948f4d605d) (ScriptedImporter) -> (artifact id: 'a47de376679c954152a9c1c17fc9fa0d') in 0.0521719 seconds
Number of updated asset objects reloaded before import = 0Number of asset objects unloaded after import = 2

========================================================================
Received Import Request.
  Time since last request: 0.000060 seconds.
  path: Assets/Grass And Flowers Pack 1/Ground Textures/Materials/Groundplants 1_D 1647.mat
  artifactKey: Guid(3999bcfc69fe87d43bbfa450e957d694) Importer(2089858483,b0f066a214c2f5e87bad3c948f4d605d)
Start importing Assets/Grass And Flowers Pack 1/Ground Textures/Materials/Groundplants 1_D 1647.mat using Guid(3999bcfc69fe87d43bbfa450e957d694) Importer(2089858483,b0f066a214c2f5e87bad3c948f4d605d) (ScriptedImporter) -> (artifact id: '9708b2eb32f6edc2e4cc9c15f07890e7') in 0.0558862 seconds
Number of updated asset objects reloaded before import = 0Number of asset objects unloaded after import = 2

========================================================================
Received Import Request.
  Time since last request: 0.000047 seconds.
  path: Assets/Grass And Flowers Pack 1/Ground Textures/Materials/Groundplants 1_D 1592.mat
  artifactKey: Guid(a4634563181a30d43b54b57c49f53ffe) Importer(2089858483,b0f066a214c2f5e87bad3c948f4d605d)
Start importing Assets/Grass And Flowers Pack 1/Ground Textures/Materials/Groundplants 1_D 1592.mat using Guid(a4634563181a30d43b54b57c49f53ffe) Importer(2089858483,b0f066a214c2f5e87bad3c948f4d605d) (ScriptedImporter) -> (artifact id: '3a1bc2e5e2bb53dcb6f29722eddee677') in 0.0385231 seconds
Number of updated asset objects reloaded before import = 0Number of asset objects unloaded after import = 2

========================================================================
Received Import Request.
  Time since last request: 0.000069 seconds.
  path: Assets/Grass And Flowers Pack 1/Ground Textures/Materials/Groundplants 1_D 1721.mat
  artifactKey: Guid(5c031d600e10227418190b3cf3d43b23) Importer(2089858483,b0f066a214c2f5e87bad3c948f4d605d)
Start importing Assets/Grass And Flowers Pack 1/Ground Textures/Materials/Groundplants 1_D 1721.mat using Guid(5c031d600e10227418190b3cf3d43b23) Importer(2089858483,b0f066a214c2f5e87bad3c948f4d605d) (ScriptedImporter) -> (artifact id: '331105b8a35b73595784c19ed40c90f2') in 0.0422723 seconds
Number of updated asset objects reloaded before import = 0Number of asset objects unloaded after import = 2

========================================================================
Received Import Request.
  Time since last request: 0.000061 seconds.
  path: Assets/Grass And Flowers Pack 1/Ground Textures/Materials/Groundplants 1_D 1847.mat
  artifactKey: Guid(163dfb0b11d57bd43b0c6d29f9f6e4c6) Importer(2089858483,b0f066a214c2f5e87bad3c948f4d605d)
Start importing Assets/Grass And Flowers Pack 1/Ground Textures/Materials/Groundplants 1_D 1847.mat using Guid(163dfb0b11d57bd43b0c6d29f9f6e4c6) Importer(2089858483,b0f066a214c2f5e87bad3c948f4d605d) (ScriptedImporter) -> (artifact id: '0a335a216f3389b2a81f6fd2b80481aa') in 0.0421919 seconds
Number of updated asset objects reloaded before import = 0Number of asset objects unloaded after import = 2

========================================================================
Received Import Request.
  Time since last request: 0.000050 seconds.
  path: Assets/Grass And Flowers Pack 1/Ground Textures/Materials/Groundplants 1_D 1677.mat
  artifactKey: Guid(71f563c5b8faace4d8747640bacb72fe) Importer(2089858483,b0f066a214c2f5e87bad3c948f4d605d)
Start importing Assets/Grass And Flowers Pack 1/Ground Textures/Materials/Groundplants 1_D 1677.mat using Guid(71f563c5b8faace4d8747640bacb72fe) Importer(2089858483,b0f066a214c2f5e87bad3c948f4d605d) (ScriptedImporter) -> (artifact id: '749f693830ef8f436d2d999e99465eb9') in 0.2463631 seconds
Number of updated asset objects reloaded before import = 0Number of asset objects unloaded after import = 2

========================================================================
Received Import Request.
  Time since last request: 0.000070 seconds.
  path: Assets/Grass And Flowers Pack 1/Ground Textures/Materials/Groundplants 1_D 1873.mat
  artifactKey: Guid(40ea789c0e2f9474d9d54f8feb0a98a0) Importer(2089858483,b0f066a214c2f5e87bad3c948f4d605d)
Start importing Assets/Grass And Flowers Pack 1/Ground Textures/Materials/Groundplants 1_D 1873.mat using Guid(40ea789c0e2f9474d9d54f8feb0a98a0) Importer(2089858483,b0f066a214c2f5e87bad3c948f4d605d) (ScriptedImporter) -> (artifact id: 'db6b28716b181c51d7fc6e7b424dae05') in 0.0401783 seconds
Number of updated asset objects reloaded before import = 0Number of asset objects unloaded after import = 2

========================================================================
Received Import Request.
  Time since last request: 1107.867722 seconds.
  path: Assets/Scenes/WorldFixed.unity
  artifactKey: Guid(6a1d20f43879db749b8315e6c67fbd5f) Importer(2089858483,b0f066a214c2f5e87bad3c948f4d605d)
Start importing Assets/Scenes/WorldFixed.unity using Guid(6a1d20f43879db749b8315e6c67fbd5f) Importer(2089858483,b0f066a214c2f5e87bad3c948f4d605d) (ScriptedImporter) -> (artifact id: '7704399a46e2d363d9e2e9a4573fe9aa') in 0.3173696 seconds
Number of updated asset objects reloaded before import = 0Number of asset objects unloaded after import = 1

========================================================================
Received Import Request.
  Time since last request: 7.512550 seconds.
  path: Assets/Scenes/WorldFixed.unity
  artifactKey: Guid(6a1d20f43879db749b8315e6c67fbd5f) Importer(815301076,1909f56bfc062723c751e8b465ee728b)
Start importing Assets/Scenes/WorldFixed.unity using Guid(6a1d20f43879db749b8315e6c67fbd5f) Importer(815301076,1909f56bfc062723c751e8b465ee728b) (PreviewImporter) -> (artifact id: 'c6a08028c737c1cc02a2afe2d1711263') in 0.0019868 seconds
Number of updated asset objects reloaded before import = 0Number of asset objects unloaded after import = 0

========================================================================
Received Import Request.
  Time since last request: 0.722349 seconds.
  path: Assets/Scenes/HybridFixed.unity
  artifactKey: Guid(767f8d13228e15b42aae45abeda62ad8) Importer(815301076,1909f56bfc062723c751e8b465ee728b)
Start importing Assets/Scenes/HybridFixed.unity using Guid(767f8d13228e15b42aae45abeda62ad8) Importer(815301076,1909f56bfc062723c751e8b465ee728b) (PreviewImporter) -> (artifact id: '970f0b728a1569b28899c031efd525a6') in 0.0032962 seconds
Number of updated asset objects reloaded before import = 0Number of asset objects unloaded after import = 0

========================================================================
Received Import Request.
  Time since last request: 220.752971 seconds.
  path: Assets/Grass And Flowers Pack 1/Ground Textures/Materials/Groundplants 1_D 1980.mat
  artifactKey: Guid(59e815206dd6f1846872e2dfec9c2735) Importer(2089858483,b0f066a214c2f5e87bad3c948f4d605d)
Start importing Assets/Grass And Flowers Pack 1/Ground Textures/Materials/Groundplants 1_D 1980.mat using Guid(59e815206dd6f1846872e2dfec9c2735) Importer(2089858483,b0f066a214c2f5e87bad3c948f4d605d) (ScriptedImporter) -> (artifact id: '2df2772427a50ee526ae8fdbb160de00') in 0.047501 seconds
Number of updated asset objects reloaded before import = 0Number of asset objects unloaded after import = 1

========================================================================
Received Import Request.
  Time since last request: 0.000070 seconds.
  path: Assets/Grass And Flowers Pack 1/Ground Textures/Materials/Groundplants 1_D 2025.mat
  artifactKey: Guid(9db0ab7662e9f3840bebafc73e926169) Importer(2089858483,b0f066a214c2f5e87bad3c948f4d605d)
Start importing Assets/Grass And Flowers Pack 1/Ground Textures/Materials/Groundplants 1_D 2025.mat using Guid(9db0ab7662e9f3840bebafc73e926169) Importer(2089858483,b0f066a214c2f5e87bad3c948f4d605d) (ScriptedImporter) -> (artifact id: '9f7d676c50a947279cd8c937aad799f7') in 0.0574297 seconds
Number of updated asset objects reloaded before import = 0Number of asset objects unloaded after import = 1

========================================================================
Received Import Request.
  Time since last request: 0.000086 seconds.
  path: Assets/Grass And Flowers Pack 1/Ground Textures/Materials/Groundplants 1_D 2032.mat
  artifactKey: Guid(1f9878e394e72904f8da937393755aeb) Importer(2089858483,b0f066a214c2f5e87bad3c948f4d605d)
Start importing Assets/Grass And Flowers Pack 1/Ground Textures/Materials/Groundplants 1_D 2032.mat using Guid(1f9878e394e72904f8da937393755aeb) Importer(2089858483,b0f066a214c2f5e87bad3c948f4d605d) (ScriptedImporter) -> (artifact id: '792f40387976c0dbe231b8af67216455') in 0.0395437 seconds
Number of updated asset objects reloaded before import = 0Number of asset objects unloaded after import = 1

========================================================================
Received Import Request.
  Time since last request: 0.000051 seconds.
  path: Assets/Grass And Flowers Pack 1/Ground Textures/Materials/Groundplants 1_D 2042.mat
  artifactKey: Guid(b601c3cb61bf5e442818c6019f536171) Importer(2089858483,b0f066a214c2f5e87bad3c948f4d605d)
Start importing Assets/Grass And Flowers Pack 1/Ground Textures/Materials/Groundplants 1_D 2042.mat using Guid(b601c3cb61bf5e442818c6019f536171) Importer(2089858483,b0f066a214c2f5e87bad3c948f4d605d) (ScriptedImporter) -> (artifact id: '8a2c494dbc509258ef7083d30c6482ee') in 0.0885585 seconds
Number of updated asset objects reloaded before import = 0Number of asset objects unloaded after import = 1

========================================================================
Received Import Request.
  Time since last request: 0.000076 seconds.
  path: Assets/Grass And Flowers Pack 1/Ground Textures/Materials/Groundplants 1_D 2040.mat
  artifactKey: Guid(c66fdd238ae7fee429cb585908b15ad5) Importer(2089858483,b0f066a214c2f5e87bad3c948f4d605d)
Start importing Assets/Grass And Flowers Pack 1/Ground Textures/Materials/Groundplants 1_D 2040.mat using Guid(c66fdd238ae7fee429cb585908b15ad5) Importer(2089858483,b0f066a214c2f5e87bad3c948f4d605d) (ScriptedImporter) -> (artifact id: '9486536f60630e1b49a9e5b29c4ee746') in 0.3242276 seconds
Number of updated asset objects reloaded before import = 0Number of asset objects unloaded after import = 1

========================================================================
Received Import Request.
  Time since last request: 0.000040 seconds.
  path: Assets/Grass And Flowers Pack 1/Ground Textures/Materials/Groundplants 1_D 2022.mat
  artifactKey: Guid(a77b597fd2816034781761a3e5e6461e) Importer(2089858483,b0f066a214c2f5e87bad3c948f4d605d)
Start importing Assets/Grass And Flowers Pack 1/Ground Textures/Materials/Groundplants 1_D 2022.mat using Guid(a77b597fd2816034781761a3e5e6461e) Importer(2089858483,b0f066a214c2f5e87bad3c948f4d605d) (ScriptedImporter) -> (artifact id: 'bf801d01325e00404de3f237a6979638') in 0.1239538 seconds
Number of updated asset objects reloaded before import = 0Number of asset objects unloaded after import = 1

========================================================================
Received Import Request.
  Time since last request: 0.000089 seconds.
  path: Assets/Grass And Flowers Pack 1/Ground Textures/Materials/Groundplants 1_D 2013.mat
  artifactKey: Guid(33273e8cb6c0bb5418ab56d7f75f0049) Importer(2089858483,b0f066a214c2f5e87bad3c948f4d605d)
Start importing Assets/Grass And Flowers Pack 1/Ground Textures/Materials/Groundplants 1_D 2013.mat using Guid(33273e8cb6c0bb5418ab56d7f75f0049) Importer(2089858483,b0f066a214c2f5e87bad3c948f4d605d) (ScriptedImporter) -> (artifact id: 'acbfac8960ae54aaf8c29fc9e7b28dbe') in 0.0983386 seconds
Number of updated asset objects reloaded before import = 0Number of asset objects unloaded after import = 1

========================================================================
Received Import Request.
  Time since last request: 0.000064 seconds.
  path: Assets/Grass And Flowers Pack 1/Ground Textures/Materials/Groundplants 1_D 2089.mat
  artifactKey: Guid(37e058c439dabdf48b5f924bddc2b4f6) Importer(2089858483,b0f066a214c2f5e87bad3c948f4d605d)
Start importing Assets/Grass And Flowers Pack 1/Ground Textures/Materials/Groundplants 1_D 2089.mat using Guid(37e058c439dabdf48b5f924bddc2b4f6) Importer(2089858483,b0f066a214c2f5e87bad3c948f4d605d) (ScriptedImporter) -> (artifact id: 'c755e7de8fff5a1960d064f9e99f316d') in 0.1093487 seconds
Number of updated asset objects reloaded before import = 0Number of asset objects unloaded after import = 1

========================================================================
Received Import Request.
  Time since last request: 0.000076 seconds.
  path: Assets/Grass And Flowers Pack 1/Ground Textures/Materials/Groundplants 1_D 2008.mat
  artifactKey: Guid(5a537d82deb3575498daf6b3b2509af3) Importer(2089858483,b0f066a214c2f5e87bad3c948f4d605d)
Start importing Assets/Grass And Flowers Pack 1/Ground Textures/Materials/Groundplants 1_D 2008.mat using Guid(5a537d82deb3575498daf6b3b2509af3) Importer(2089858483,b0f066a214c2f5e87bad3c948f4d605d) (ScriptedImporter) -> (artifact id: '60e9bd06c0401962b61cdaa243adb933') in 0.2172543 seconds
Number of updated asset objects reloaded before import = 0Number of asset objects unloaded after import = 1

========================================================================
Received Import Request.
  Time since last request: 0.000049 seconds.
  path: Assets/Grass And Flowers Pack 1/Ground Textures/Materials/Groundplants 1_D 2045.mat
  artifactKey: Guid(dbe4378641e26fe42bb55680d98f64f1) Importer(2089858483,b0f066a214c2f5e87bad3c948f4d605d)
Start importing Assets/Grass And Flowers Pack 1/Ground Textures/Materials/Groundplants 1_D 2045.mat using Guid(dbe4378641e26fe42bb55680d98f64f1) Importer(2089858483,b0f066a214c2f5e87bad3c948f4d605d) (ScriptedImporter) -> (artifact id: '81f0b66c90c449f48f6c3d29fc470744') in 0.0832913 seconds
Number of updated asset objects reloaded before import = 0Number of asset objects unloaded after import = 1

========================================================================
Received Import Request.
  Time since last request: 0.000069 seconds.
  path: Assets/Grass And Flowers Pack 1/Ground Textures/Materials/Groundplants 1_D 1999.mat
  artifactKey: Guid(43ee4a841d5a7dc4c96865459af89bd3) Importer(2089858483,b0f066a214c2f5e87bad3c948f4d605d)
Start importing Assets/Grass And Flowers Pack 1/Ground Textures/Materials/Groundplants 1_D 1999.mat using Guid(43ee4a841d5a7dc4c96865459af89bd3) Importer(2089858483,b0f066a214c2f5e87bad3c948f4d605d) (ScriptedImporter) -> (artifact id: '376ddd676266aea8844c9ed873ecc21e') in 0.17202 seconds
Number of updated asset objects reloaded before import = 0Number of asset objects unloaded after import = 1

========================================================================
Received Import Request.
  Time since last request: 0.000041 seconds.
  path: Assets/Grass And Flowers Pack 1/Ground Textures/Materials/Groundplants 1_D 2062.mat
  artifactKey: Guid(3823c62a4a3c1d94e9830119ba98522c) Importer(2089858483,b0f066a214c2f5e87bad3c948f4d605d)
Start importing Assets/Grass And Flowers Pack 1/Ground Textures/Materials/Groundplants 1_D 2062.mat using Guid(3823c62a4a3c1d94e9830119ba98522c) Importer(2089858483,b0f066a214c2f5e87bad3c948f4d605d) (ScriptedImporter) -> (artifact id: '1364e776e66f0b8a39d83ba44d73d9f5') in 0.2618814 seconds
Number of updated asset objects reloaded before import = 0Number of asset objects unloaded after import = 1

========================================================================
Received Import Request.
  Time since last request: 0.000062 seconds.
  path: Assets/Grass And Flowers Pack 1/Ground Textures/Materials/Groundplants 1_D 2050.mat
  artifactKey: Guid(187d2e4c028a6fa4a93b0b0bf1723b65) Importer(2089858483,b0f066a214c2f5e87bad3c948f4d605d)
Start importing Assets/Grass And Flowers Pack 1/Ground Textures/Materials/Groundplants 1_D 2050.mat using Guid(187d2e4c028a6fa4a93b0b0bf1723b65) Importer(2089858483,b0f066a214c2f5e87bad3c948f4d605d) (ScriptedImporter) -> (artifact id: 'd257e39b0b48a92ae8920279e5d979c1') in 0.1318654 seconds
Number of updated asset objects reloaded before import = 0Number of asset objects unloaded after import = 1

========================================================================
Received Import Request.
  Time since last request: 0.000062 seconds.
  path: Assets/Grass And Flowers Pack 1/Ground Textures/Materials/Groundplants 1_D 2092.mat
  artifactKey: Guid(17500af5593389641ae99016b7ad5a51) Importer(2089858483,b0f066a214c2f5e87bad3c948f4d605d)
Start importing Assets/Grass And Flowers Pack 1/Ground Textures/Materials/Groundplants 1_D 2092.mat using Guid(17500af5593389641ae99016b7ad5a51) Importer(2089858483,b0f066a214c2f5e87bad3c948f4d605d) (ScriptedImporter) -> (artifact id: '1bc4ba67f51acb6d5c6283ec9161ce78') in 0.0940431 seconds
Number of updated asset objects reloaded before import = 0Number of asset objects unloaded after import = 1

========================================================================
Received Import Request.
  Time since last request: 0.000077 seconds.
  path: Assets/Grass And Flowers Pack 1/Ground Textures/Materials/Groundplants 1_D 2031.mat
  artifactKey: Guid(4aa33a961ee0bfd42b7e5de3cbb33381) Importer(2089858483,b0f066a214c2f5e87bad3c948f4d605d)
Start importing Assets/Grass And Flowers Pack 1/Ground Textures/Materials/Groundplants 1_D 2031.mat using Guid(4aa33a961ee0bfd42b7e5de3cbb33381) Importer(2089858483,b0f066a214c2f5e87bad3c948f4d605d) (ScriptedImporter) -> (artifact id: '9a56af7351eaf31fa56a6b4a67b767a8') in 0.1043519 seconds
Number of updated asset objects reloaded before import = 0Number of asset objects unloaded after import = 1

========================================================================
Received Import Request.
  Time since last request: 0.000066 seconds.
  path: Assets/Grass And Flowers Pack 1/Ground Textures/Materials/Groundplants 1_D 2019.mat
  artifactKey: Guid(ba05b405f059cd64daf8bc30a9e091f7) Importer(2089858483,b0f066a214c2f5e87bad3c948f4d605d)
Start importing Assets/Grass And Flowers Pack 1/Ground Textures/Materials/Groundplants 1_D 2019.mat using Guid(ba05b405f059cd64daf8bc30a9e091f7) Importer(2089858483,b0f066a214c2f5e87bad3c948f4d605d) (ScriptedImporter) -> (artifact id: 'fe28de2bb811cdd709a8cf49487ab4e7') in 0.091344 seconds
Number of updated asset objects reloaded before import = 0Number of asset objects unloaded after import = 1

========================================================================
Received Import Request.
  Time since last request: 0.000056 seconds.
  path: Assets/Grass And Flowers Pack 1/Ground Textures/Materials/Groundplants 1_D 2058.mat
  artifactKey: Guid(6140e11bb4ebeb841a351ca4cd3e8ce2) Importer(2089858483,b0f066a214c2f5e87bad3c948f4d605d)
Start importing Assets/Grass And Flowers Pack 1/Ground Textures/Materials/Groundplants 1_D 2058.mat using Guid(6140e11bb4ebeb841a351ca4cd3e8ce2) Importer(2089858483,b0f066a214c2f5e87bad3c948f4d605d) (ScriptedImporter) -> (artifact id: 'ad2c3db7c089e6451b136501dc02de43') in 0.1047238 seconds
Number of updated asset objects reloaded before import = 0Number of asset objects unloaded after import = 1

========================================================================
Received Import Request.
  Time since last request: 0.000053 seconds.
  path: Assets/Grass And Flowers Pack 1/Ground Textures/Materials/Groundplants 1_D 2046.mat
  artifactKey: Guid(5ff41697865bdc44a885e8c0e5ced2a0) Importer(2089858483,b0f066a214c2f5e87bad3c948f4d605d)
Start importing Assets/Grass And Flowers Pack 1/Ground Textures/Materials/Groundplants 1_D 2046.mat using Guid(5ff41697865bdc44a885e8c0e5ced2a0) Importer(2089858483,b0f066a214c2f5e87bad3c948f4d605d) (ScriptedImporter) -> (artifact id: '36a1e1ec622c48adafdd05af158becc0') in 0.0954849 seconds
Number of updated asset objects reloaded before import = 0Number of asset objects unloaded after import = 1

========================================================================
Received Import Request.
  Time since last request: 0.000072 seconds.
  path: Assets/Grass And Flowers Pack 1/Ground Textures/Materials/Groundplants 1_D 2110.mat
  artifactKey: Guid(b1970c8b8de82014f9a05601e7a94940) Importer(2089858483,b0f066a214c2f5e87bad3c948f4d605d)
Start importing Assets/Grass And Flowers Pack 1/Ground Textures/Materials/Groundplants 1_D 2110.mat using Guid(b1970c8b8de82014f9a05601e7a94940) Importer(2089858483,b0f066a214c2f5e87bad3c948f4d605d) (ScriptedImporter) -> (artifact id: 'dd5fda41e4d53f82a98372f3f7f7c41a') in 0.0663291 seconds
Number of updated asset objects reloaded before import = 0Number of asset objects unloaded after import = 1

========================================================================
Received Import Request.
  Time since last request: 0.000055 seconds.
  path: Assets/Grass And Flowers Pack 1/Ground Textures/Materials/Groundplants 1_D 1983.mat
  artifactKey: Guid(494e6c847a58f3144bc363b07030687c) Importer(2089858483,b0f066a214c2f5e87bad3c948f4d605d)
Start importing Assets/Grass And Flowers Pack 1/Ground Textures/Materials/Groundplants 1_D 1983.mat using Guid(494e6c847a58f3144bc363b07030687c) Importer(2089858483,b0f066a214c2f5e87bad3c948f4d605d) (ScriptedImporter) -> (artifact id: 'fd001c956adb332a1a700f67be76173c') in 0.0704303 seconds
Number of updated asset objects reloaded before import = 0Number of asset objects unloaded after import = 1

========================================================================
Received Import Request.
  Time since last request: 0.000045 seconds.
  path: Assets/Grass And Flowers Pack 1/Ground Textures/Materials/Groundplants 1_D 2015.mat
  artifactKey: Guid(f69e763ee9b58a9409798f192a2a5714) Importer(2089858483,b0f066a214c2f5e87bad3c948f4d605d)
Start importing Assets/Grass And Flowers Pack 1/Ground Textures/Materials/Groundplants 1_D 2015.mat using Guid(f69e763ee9b58a9409798f192a2a5714) Importer(2089858483,b0f066a214c2f5e87bad3c948f4d605d) (ScriptedImporter) -> (artifact id: '0f636d88283a6335832b59ba2c39f154') in 0.2567715 seconds
Number of updated asset objects reloaded before import = 0Number of asset objects unloaded after import = 1

========================================================================
Received Import Request.
  Time since last request: 0.000080 seconds.
  path: Assets/Grass And Flowers Pack 1/Ground Textures/Materials/Groundplants 1_D 2076.mat
  artifactKey: Guid(96b8d3d3634a7b949807c2a9d3ac2cda) Importer(2089858483,b0f066a214c2f5e87bad3c948f4d605d)
Start importing Assets/Grass And Flowers Pack 1/Ground Textures/Materials/Groundplants 1_D 2076.mat using Guid(96b8d3d3634a7b949807c2a9d3ac2cda) Importer(2089858483,b0f066a214c2f5e87bad3c948f4d605d) (ScriptedImporter) -> (artifact id: '763e870f13ce433845d2e7aa19460972') in 0.0551717 seconds
Number of updated asset objects reloaded before import = 0Number of asset objects unloaded after import = 1

========================================================================
Received Import Request.
  Time since last request: 0.000058 seconds.
  path: Assets/Grass And Flowers Pack 1/Ground Textures/Materials/Groundplants 1_D 2096.mat
  artifactKey: Guid(08adee1b65f19dc41afea18794b16bc6) Importer(2089858483,b0f066a214c2f5e87bad3c948f4d605d)
Start importing Assets/Grass And Flowers Pack 1/Ground Textures/Materials/Groundplants 1_D 2096.mat using Guid(08adee1b65f19dc41afea18794b16bc6) Importer(2089858483,b0f066a214c2f5e87bad3c948f4d605d) (ScriptedImporter) -> (artifact id: '478fa122435172e58e40cdb39fb09e7f') in 0.0942484 seconds
Number of updated asset objects reloaded before import = 0Number of asset objects unloaded after import = 1

========================================================================
Received Import Request.
  Time since last request: 0.000102 seconds.
  path: Assets/Grass And Flowers Pack 1/Ground Textures/Materials/Groundplants 1_D 2119.mat
  artifactKey: Guid(98cfab61d3805cb4db91452f3bd8d20e) Importer(2089858483,b0f066a214c2f5e87bad3c948f4d605d)
Start importing Assets/Grass And Flowers Pack 1/Ground Textures/Materials/Groundplants 1_D 2119.mat using Guid(98cfab61d3805cb4db91452f3bd8d20e) Importer(2089858483,b0f066a214c2f5e87bad3c948f4d605d) (ScriptedImporter) -> (artifact id: '977a7dddb97efe30c1956d4e2549dd94') in 0.073548 seconds
Number of updated asset objects reloaded before import = 0Number of asset objects unloaded after import = 1

========================================================================
Received Import Request.
  Time since last request: 0.000052 seconds.
  path: Assets/Grass And Flowers Pack 1/Ground Textures/Materials/Groundplants 1_D 2117.mat
  artifactKey: Guid(1108259e71843ae488671405b5641ce2) Importer(2089858483,b0f066a214c2f5e87bad3c948f4d605d)
Start importing Assets/Grass And Flowers Pack 1/Ground Textures/Materials/Groundplants 1_D 2117.mat using Guid(1108259e71843ae488671405b5641ce2) Importer(2089858483,b0f066a214c2f5e87bad3c948f4d605d) (ScriptedImporter) -> (artifact id: '4de3d88b4f7bc3e01f6c673948556827') in 0.0327965 seconds
Number of updated asset objects reloaded before import = 0Number of asset objects unloaded after import = 1

========================================================================
Received Import Request.
  Time since last request: 0.000074 seconds.
  path: Assets/Grass And Flowers Pack 1/Ground Textures/Materials/Groundplants 1_D 2123.mat
  artifactKey: Guid(b41995e7944febe49ba3235eb0bcd796) Importer(2089858483,b0f066a214c2f5e87bad3c948f4d605d)
Start importing Assets/Grass And Flowers Pack 1/Ground Textures/Materials/Groundplants 1_D 2123.mat using Guid(b41995e7944febe49ba3235eb0bcd796) Importer(2089858483,b0f066a214c2f5e87bad3c948f4d605d) (ScriptedImporter) -> (artifact id: 'dbe9ce6a646a5b6ce9dadb95b0560073') in 0.0411533 seconds
Number of updated asset objects reloaded before import = 0Number of asset objects unloaded after import = 1

========================================================================
Received Import Request.
  Time since last request: 0.000068 seconds.
  path: Assets/Grass And Flowers Pack 1/Ground Textures/Materials/Groundplants 1_D 2078.mat
  artifactKey: Guid(724612c717636654fac1c1d4b95e02f2) Importer(2089858483,b0f066a214c2f5e87bad3c948f4d605d)
Start importing Assets/Grass And Flowers Pack 1/Ground Textures/Materials/Groundplants 1_D 2078.mat using Guid(724612c717636654fac1c1d4b95e02f2) Importer(2089858483,b0f066a214c2f5e87bad3c948f4d605d) (ScriptedImporter) -> (artifact id: '2f337f826060b7251c9ff5004449c713') in 0.0430364 seconds
Number of updated asset objects reloaded before import = 0Number of asset objects unloaded after import = 1

========================================================================
Received Import Request.
  Time since last request: 0.000117 seconds.
  path: Assets/Grass And Flowers Pack 1/Ground Textures/Materials/Groundplants 1_D 2087.mat
  artifactKey: Guid(1f082747f1a72384387ddac1a16942ee) Importer(2089858483,b0f066a214c2f5e87bad3c948f4d605d)
Start importing Assets/Grass And Flowers Pack 1/Ground Textures/Materials/Groundplants 1_D 2087.mat using Guid(1f082747f1a72384387ddac1a16942ee) Importer(2089858483,b0f066a214c2f5e87bad3c948f4d605d) (ScriptedImporter) -> (artifact id: 'a3c34a5d8a614b740dbbacc48d0f3b8d') in 0.1388897 seconds
Number of updated asset objects reloaded before import = 0Number of asset objects unloaded after import = 1

========================================================================
Received Import Request.
  Time since last request: 0.000054 seconds.
  path: Assets/Grass And Flowers Pack 1/Ground Textures/Materials/Groundplants 1_D 2086.mat
  artifactKey: Guid(7409ca7ccb75a454c897b43d4d4aa1c0) Importer(2089858483,b0f066a214c2f5e87bad3c948f4d605d)
Start importing Assets/Grass And Flowers Pack 1/Ground Textures/Materials/Groundplants 1_D 2086.mat using Guid(7409ca7ccb75a454c897b43d4d4aa1c0) Importer(2089858483,b0f066a214c2f5e87bad3c948f4d605d) (ScriptedImporter) -> (artifact id: '94cc796f8c66494a86515326b584f16c') in 0.0423796 seconds
Number of updated asset objects reloaded before import = 0Number of asset objects unloaded after import = 1

========================================================================
Received Import Request.
  Time since last request: 0.000078 seconds.
  path: Assets/Grass And Flowers Pack 1/Ground Textures/Materials/Groundplants 1_D 2005.mat
  artifactKey: Guid(bb784bc2295aac24ca13d4ff6a6f3831) Importer(2089858483,b0f066a214c2f5e87bad3c948f4d605d)
Start importing Assets/Grass And Flowers Pack 1/Ground Textures/Materials/Groundplants 1_D 2005.mat using Guid(bb784bc2295aac24ca13d4ff6a6f3831) Importer(2089858483,b0f066a214c2f5e87bad3c948f4d605d) (ScriptedImporter) -> (artifact id: '6f15634247052fd652921555c8cf5340') in 0.1698881 seconds
Number of updated asset objects reloaded before import = 0Number of asset objects unloaded after import = 1

========================================================================
Received Import Request.
  Time since last request: 0.000065 seconds.
  path: Assets/Grass And Flowers Pack 1/Ground Textures/Materials/Groundplants 1_D 2135.mat
  artifactKey: Guid(13b976bac6a2f0549a5b2d0850cd4c8f) Importer(2089858483,b0f066a214c2f5e87bad3c948f4d605d)
Start importing Assets/Grass And Flowers Pack 1/Ground Textures/Materials/Groundplants 1_D 2135.mat using Guid(13b976bac6a2f0549a5b2d0850cd4c8f) Importer(2089858483,b0f066a214c2f5e87bad3c948f4d605d) (ScriptedImporter) -> (artifact id: '0e561c14680a85781bc6438e7dd0aba1') in 0.0848897 seconds
Number of updated asset objects reloaded before import = 0Number of asset objects unloaded after import = 1

========================================================================
Received Import Request.
  Time since last request: 0.000077 seconds.
  path: Assets/Grass And Flowers Pack 1/Ground Textures/Materials/Groundplants 1_D 2139.mat
  artifactKey: Guid(a043e8dfcc22ff14f8452177dc38c0c1) Importer(2089858483,b0f066a214c2f5e87bad3c948f4d605d)
Start importing Assets/Grass And Flowers Pack 1/Ground Textures/Materials/Groundplants 1_D 2139.mat using Guid(a043e8dfcc22ff14f8452177dc38c0c1) Importer(2089858483,b0f066a214c2f5e87bad3c948f4d605d) (ScriptedImporter) -> (artifact id: 'f1fd556cb47938cb82a9e63357123bb5') in 0.042366 seconds
Number of updated asset objects reloaded before import = 0Number of asset objects unloaded after import = 1

========================================================================
Received Import Request.
  Time since last request: 0.000035 seconds.
  path: Assets/Grass And Flowers Pack 1/Ground Textures/Materials/Groundplants 1_D 2136.mat
  artifactKey: Guid(31175ac193e5a644e89894a265c9875c) Importer(2089858483,b0f066a214c2f5e87bad3c948f4d605d)
Start importing Assets/Grass And Flowers Pack 1/Ground Textures/Materials/Groundplants 1_D 2136.mat using Guid(31175ac193e5a644e89894a265c9875c) Importer(2089858483,b0f066a214c2f5e87bad3c948f4d605d) (ScriptedImporter) -> (artifact id: 'b5286979672a327fa839fe8c4fb57df1') in 0.070871 seconds
Number of updated asset objects reloaded before import = 0Number of asset objects unloaded after import = 1

========================================================================
Received Import Request.
  Time since last request: 0.000073 seconds.
  path: Assets/Grass And Flowers Pack 1/Ground Textures/Materials/Groundplants 1_D 2072.mat
  artifactKey: Guid(05a897c7e61b32944acf9fc41ce5cc96) Importer(2089858483,b0f066a214c2f5e87bad3c948f4d605d)
Start importing Assets/Grass And Flowers Pack 1/Ground Textures/Materials/Groundplants 1_D 2072.mat using Guid(05a897c7e61b32944acf9fc41ce5cc96) Importer(2089858483,b0f066a214c2f5e87bad3c948f4d605d) (ScriptedImporter) -> (artifact id: 'e1678f85db07e50c2c0edab0e37ce153') in 0.0363024 seconds
Number of updated asset objects reloaded before import = 0Number of asset objects unloaded after import = 1

========================================================================
Received Import Request.
  Time since last request: 0.000071 seconds.
  path: Assets/Grass And Flowers Pack 1/Ground Textures/Materials/Groundplants 1_D 2145.mat
  artifactKey: Guid(f38bafc6af6121e4faa1bdf2a2e1b95f) Importer(2089858483,b0f066a214c2f5e87bad3c948f4d605d)
Start importing Assets/Grass And Flowers Pack 1/Ground Textures/Materials/Groundplants 1_D 2145.mat using Guid(f38bafc6af6121e4faa1bdf2a2e1b95f) Importer(2089858483,b0f066a214c2f5e87bad3c948f4d605d) (ScriptedImporter) -> (artifact id: '1f511b14e31a088b23c51837dbe949ac') in 0.0459543 seconds
Number of updated asset objects reloaded before import = 0Number of asset objects unloaded after import = 1

========================================================================
Received Import Request.
  Time since last request: 0.000044 seconds.
  path: Assets/Grass And Flowers Pack 1/Ground Textures/Materials/Groundplants 1_D 2140.mat
  artifactKey: Guid(ddfffe270206e654594f2c71705e5929) Importer(2089858483,b0f066a214c2f5e87bad3c948f4d605d)
Start importing Assets/Grass And Flowers Pack 1/Ground Textures/Materials/Groundplants 1_D 2140.mat using Guid(ddfffe270206e654594f2c71705e5929) Importer(2089858483,b0f066a214c2f5e87bad3c948f4d605d) (ScriptedImporter) -> (artifact id: 'fdba4c398a48059a9d189f84823ac638') in 0.0380883 seconds
Number of updated asset objects reloaded before import = 0Number of asset objects unloaded after import = 1

========================================================================
Received Import Request.
  Time since last request: 0.000063 seconds.
  path: Assets/Grass And Flowers Pack 1/Ground Textures/Materials/Groundplants 1_D 2149.mat
  artifactKey: Guid(50c7d7e4fabd9bb40afc26c84d13e4bb) Importer(2089858483,b0f066a214c2f5e87bad3c948f4d605d)
Start importing Assets/Grass And Flowers Pack 1/Ground Textures/Materials/Groundplants 1_D 2149.mat using Guid(50c7d7e4fabd9bb40afc26c84d13e4bb) Importer(2089858483,b0f066a214c2f5e87bad3c948f4d605d) (ScriptedImporter) -> (artifact id: 'd42e1870702feac0b1ca21c92e370ee9') in 0.0357201 seconds
Number of updated asset objects reloaded before import = 0Number of asset objects unloaded after import = 1

========================================================================
Received Import Request.
  Time since last request: 0.000044 seconds.
  path: Assets/Grass And Flowers Pack 1/Ground Textures/Materials/Groundplants 1_D 2148.mat
  artifactKey: Guid(45991f2167230d84b862194074c973c1) Importer(2089858483,b0f066a214c2f5e87bad3c948f4d605d)
Start importing Assets/Grass And Flowers Pack 1/Ground Textures/Materials/Groundplants 1_D 2148.mat using Guid(45991f2167230d84b862194074c973c1) Importer(2089858483,b0f066a214c2f5e87bad3c948f4d605d) (ScriptedImporter) -> (artifact id: '9b6d7b96ec640f1ebfbdf369665f2b05') in 0.0378358 seconds
Number of updated asset objects reloaded before import = 0Number of asset objects unloaded after import = 1

========================================================================
Received Import Request.
  Time since last request: 0.000051 seconds.
  path: Assets/Grass And Flowers Pack 1/Ground Textures/Materials/Groundplants 1_D 2120.mat
  artifactKey: Guid(1a102e55d5c90b549b5966a74919151e) Importer(2089858483,b0f066a214c2f5e87bad3c948f4d605d)
Start importing Assets/Grass And Flowers Pack 1/Ground Textures/Materials/Groundplants 1_D 2120.mat using Guid(1a102e55d5c90b549b5966a74919151e) Importer(2089858483,b0f066a214c2f5e87bad3c948f4d605d) (ScriptedImporter) -> (artifact id: 'eedf25ba3b629d59b9112ec4a36309d3') in 0.0377827 seconds
Number of updated asset objects reloaded before import = 0Number of asset objects unloaded after import = 1

========================================================================
Received Import Request.
  Time since last request: 0.000074 seconds.
  path: Assets/Grass And Flowers Pack 1/Ground Textures/Materials/Groundplants 1_D 2152.mat
  artifactKey: Guid(9a4352ee4130f8a4ba7f8a53486861ef) Importer(2089858483,b0f066a214c2f5e87bad3c948f4d605d)
Start importing Assets/Grass And Flowers Pack 1/Ground Textures/Materials/Groundplants 1_D 2152.mat using Guid(9a4352ee4130f8a4ba7f8a53486861ef) Importer(2089858483,b0f066a214c2f5e87bad3c948f4d605d) (ScriptedImporter) -> (artifact id: '42c6c2977ee3bce881026091a195e2dd') in 0.046172 seconds
Number of updated asset objects reloaded before import = 0Number of asset objects unloaded after import = 1

========================================================================
Received Import Request.
  Time since last request: 0.000046 seconds.
  path: Assets/Grass And Flowers Pack 1/Ground Textures/Materials/Groundplants 1_D 2151.mat
  artifactKey: Guid(a4512204bae713a469891a69504b38d5) Importer(2089858483,b0f066a214c2f5e87bad3c948f4d605d)
Start importing Assets/Grass And Flowers Pack 1/Ground Textures/Materials/Groundplants 1_D 2151.mat using Guid(a4512204bae713a469891a69504b38d5) Importer(2089858483,b0f066a214c2f5e87bad3c948f4d605d) (ScriptedImporter) -> (artifact id: 'ce4a887b5faf3ee83a0ebe40ba104597') in 0.0545007 seconds
Number of updated asset objects reloaded before import = 0Number of asset objects unloaded after import = 1

========================================================================
Received Import Request.
  Time since last request: 0.000064 seconds.
  path: Assets/Grass And Flowers Pack 1/Ground Textures/Materials/Groundplants 1_D 2157.mat
  artifactKey: Guid(631da13f52a088148b9269d53184e869) Importer(2089858483,b0f066a214c2f5e87bad3c948f4d605d)
Start importing Assets/Grass And Flowers Pack 1/Ground Textures/Materials/Groundplants 1_D 2157.mat using Guid(631da13f52a088148b9269d53184e869) Importer(2089858483,b0f066a214c2f5e87bad3c948f4d605d) (ScriptedImporter) -> (artifact id: 'b77b851705fcc66b6f684f824e83d4ae') in 0.0642624 seconds
Number of updated asset objects reloaded before import = 0Number of asset objects unloaded after import = 1

========================================================================
Received Import Request.
  Time since last request: 0.000063 seconds.
  path: Assets/Grass And Flowers Pack 1/Ground Textures/Materials/Groundplants 1_D 2156.mat
  artifactKey: Guid(76effa4b729db414080d80ce582d5857) Importer(2089858483,b0f066a214c2f5e87bad3c948f4d605d)
Start importing Assets/Grass And Flowers Pack 1/Ground Textures/Materials/Groundplants 1_D 2156.mat using Guid(76effa4b729db414080d80ce582d5857) Importer(2089858483,b0f066a214c2f5e87bad3c948f4d605d) (ScriptedImporter) -> (artifact id: '7a49d874bee8ff49629388fc79a5a214') in 0.0704275 seconds
Number of updated asset objects reloaded before import = 0Number of asset objects unloaded after import = 1

========================================================================
Received Import Request.
  Time since last request: 0.000037 seconds.
  path: Assets/Grass And Flowers Pack 1/Ground Textures/Materials/Groundplants 1_D 2133.mat
  artifactKey: Guid(4befb103f57c21e43b794ae0c27c8a13) Importer(2089858483,b0f066a214c2f5e87bad3c948f4d605d)
Start importing Assets/Grass And Flowers Pack 1/Ground Textures/Materials/Groundplants 1_D 2133.mat using Guid(4befb103f57c21e43b794ae0c27c8a13) Importer(2089858483,b0f066a214c2f5e87bad3c948f4d605d) (ScriptedImporter) -> (artifact id: '3eb8982682593fae9f77ec3827ce4413') in 0.0963201 seconds
Number of updated asset objects reloaded before import = 0Number of asset objects unloaded after import = 1

========================================================================
Received Import Request.
  Time since last request: 0.000062 seconds.
  path: Assets/Grass And Flowers Pack 1/Ground Textures/Materials/Groundplants 1_D 2162.mat
  artifactKey: Guid(6f845134cadc6ca4fad78fc5e926acb2) Importer(2089858483,b0f066a214c2f5e87bad3c948f4d605d)
Start importing Assets/Grass And Flowers Pack 1/Ground Textures/Materials/Groundplants 1_D 2162.mat using Guid(6f845134cadc6ca4fad78fc5e926acb2) Importer(2089858483,b0f066a214c2f5e87bad3c948f4d605d) (ScriptedImporter) -> (artifact id: 'c064428aca05c0371f3385c3a24a79a3') in 0.0568161 seconds
Number of updated asset objects reloaded before import = 0Number of asset objects unloaded after import = 1

========================================================================
Received Import Request.
  Time since last request: 0.000048 seconds.
  path: Assets/Grass And Flowers Pack 1/Ground Textures/Materials/Groundplants 1_D 2161.mat
  artifactKey: Guid(4abb0a64d07272545bc7e5a477d42b4f) Importer(2089858483,b0f066a214c2f5e87bad3c948f4d605d)
Start importing Assets/Grass And Flowers Pack 1/Ground Textures/Materials/Groundplants 1_D 2161.mat using Guid(4abb0a64d07272545bc7e5a477d42b4f) Importer(2089858483,b0f066a214c2f5e87bad3c948f4d605d) (ScriptedImporter) -> (artifact id: 'ca8ac673e0d9edf93711b140b6181c18') in 0.0345021 seconds
Number of updated asset objects reloaded before import = 0Number of asset objects unloaded after import = 1

========================================================================
Received Import Request.
  Time since last request: 0.000062 seconds.
  path: Assets/Grass And Flowers Pack 1/Ground Textures/Materials/Groundplants 1_D 2168.mat
  artifactKey: Guid(52be657858905114dbe8dfec2bb51c3e) Importer(2089858483,b0f066a214c2f5e87bad3c948f4d605d)
Start importing Assets/Grass And Flowers Pack 1/Ground Textures/Materials/Groundplants 1_D 2168.mat using Guid(52be657858905114dbe8dfec2bb51c3e) Importer(2089858483,b0f066a214c2f5e87bad3c948f4d605d) (ScriptedImporter) -> (artifact id: '71e149c347f296091c79138cbe7dbd61') in 0.0363611 seconds
Number of updated asset objects reloaded before import = 0Number of asset objects unloaded after import = 1

========================================================================
Received Import Request.
  Time since last request: 0.000077 seconds.
  path: Assets/Grass And Flowers Pack 1/Ground Textures/Materials/Groundplants 1_D 2012.mat
  artifactKey: Guid(f54db8eafdf6ab84a8a50ce9f2160425) Importer(2089858483,b0f066a214c2f5e87bad3c948f4d605d)
Start importing Assets/Grass And Flowers Pack 1/Ground Textures/Materials/Groundplants 1_D 2012.mat using Guid(f54db8eafdf6ab84a8a50ce9f2160425) Importer(2089858483,b0f066a214c2f5e87bad3c948f4d605d) (ScriptedImporter) -> (artifact id: '87d90da4253e3970d7272713385842e5') in 0.0395991 seconds
Number of updated asset objects reloaded before import = 0Number of asset objects unloaded after import = 1

========================================================================
Received Import Request.
  Time since last request: 0.000048 seconds.
  path: Assets/Grass And Flowers Pack 1/Ground Textures/Materials/Groundplants 1_D 2105.mat
  artifactKey: Guid(08e355513d6cbc64b8b4ac2460d0bfd5) Importer(2089858483,b0f066a214c2f5e87bad3c948f4d605d)
Start importing Assets/Grass And Flowers Pack 1/Ground Textures/Materials/Groundplants 1_D 2105.mat using Guid(08e355513d6cbc64b8b4ac2460d0bfd5) Importer(2089858483,b0f066a214c2f5e87bad3c948f4d605d) (ScriptedImporter) -> (artifact id: '3704300e9e7a359f8ed625d5e5b0068b') in 0.0685757 seconds
Number of updated asset objects reloaded before import = 0Number of asset objects unloaded after import = 1

========================================================================
Received Import Request.
  Time since last request: 0.000068 seconds.
  path: Assets/Grass And Flowers Pack 1/Ground Textures/Materials/Groundplants 1_D 2174.mat
  artifactKey: Guid(32c1aa3c8acb23c47adfa3e68b80676e) Importer(2089858483,b0f066a214c2f5e87bad3c948f4d605d)
Start importing Assets/Grass And Flowers Pack 1/Ground Textures/Materials/Groundplants 1_D 2174.mat using Guid(32c1aa3c8acb23c47adfa3e68b80676e) Importer(2089858483,b0f066a214c2f5e87bad3c948f4d605d) (ScriptedImporter) -> (artifact id: 'd830318001ce33d96eefdc1072dcfba3') in 0.0330059 seconds
Number of updated asset objects reloaded before import = 0Number of asset objects unloaded after import = 1

========================================================================
Received Import Request.
  Time since last request: 0.000138 seconds.
  path: Assets/Grass And Flowers Pack 1/Ground Textures/Materials/Groundplants 1_D 2075.mat
  artifactKey: Guid(5840421a293677d4393360276a7deb2e) Importer(2089858483,b0f066a214c2f5e87bad3c948f4d605d)
Start importing Assets/Grass And Flowers Pack 1/Ground Textures/Materials/Groundplants 1_D 2075.mat using Guid(5840421a293677d4393360276a7deb2e) Importer(2089858483,b0f066a214c2f5e87bad3c948f4d605d) (ScriptedImporter) -> (artifact id: 'de15b628c1350e69180e960dcd7d3b69') in 0.0473155 seconds
Number of updated asset objects reloaded before import = 0Number of asset objects unloaded after import = 1

========================================================================
Received Import Request.
  Time since last request: 0.000053 seconds.
  path: Assets/Grass And Flowers Pack 1/Ground Textures/Materials/Groundplants 1_D 2030.mat
  artifactKey: Guid(63db4edbd1a6c8f4192c737fa1ab454a) Importer(2089858483,b0f066a214c2f5e87bad3c948f4d605d)
Start importing Assets/Grass And Flowers Pack 1/Ground Textures/Materials/Groundplants 1_D 2030.mat using Guid(63db4edbd1a6c8f4192c737fa1ab454a) Importer(2089858483,b0f066a214c2f5e87bad3c948f4d605d) (ScriptedImporter) -> (artifact id: '488ee8707d90882128578847e755506a') in 0.0397742 seconds
Number of updated asset objects reloaded before import = 0Number of asset objects unloaded after import = 1

========================================================================
Received Import Request.
  Time since last request: 0.000071 seconds.
  path: Assets/Grass And Flowers Pack 1/Ground Textures/Materials/Groundplants 1_D 2181.mat
  artifactKey: Guid(0a6eb7fe86b310940bb08db607f7362f) Importer(2089858483,b0f066a214c2f5e87bad3c948f4d605d)
Start importing Assets/Grass And Flowers Pack 1/Ground Textures/Materials/Groundplants 1_D 2181.mat using Guid(0a6eb7fe86b310940bb08db607f7362f) Importer(2089858483,b0f066a214c2f5e87bad3c948f4d605d) (ScriptedImporter) -> (artifact id: '5e09699ce4c8a769594c21092655f13e') in 0.0380227 seconds
Number of updated asset objects reloaded before import = 0Number of asset objects unloaded after import = 1

========================================================================
Received Import Request.
  Time since last request: 0.000050 seconds.
  path: Assets/Grass And Flowers Pack 1/Ground Textures/Materials/Groundplants 1_D 2180.mat
  artifactKey: Guid(285c121b3188a9949902eff80cd019d9) Importer(2089858483,b0f066a214c2f5e87bad3c948f4d605d)
Start importing Assets/Grass And Flowers Pack 1/Ground Textures/Materials/Groundplants 1_D 2180.mat using Guid(285c121b3188a9949902eff80cd019d9) Importer(2089858483,b0f066a214c2f5e87bad3c948f4d605d) (ScriptedImporter) -> (artifact id: '83e18fcb8abef7c336ea4c879d4a3661') in 0.0413352 seconds
Number of updated asset objects reloaded before import = 0Number of asset objects unloaded after import = 1

========================================================================
Received Import Request.
  Time since last request: 0.000058 seconds.
  path: Assets/Grass And Flowers Pack 1/Ground Textures/Materials/Groundplants 1_D 1995.mat
  artifactKey: Guid(b8f1c3f3b00c50b49bf247efde451462) Importer(2089858483,b0f066a214c2f5e87bad3c948f4d605d)
Start importing Assets/Grass And Flowers Pack 1/Ground Textures/Materials/Groundplants 1_D 1995.mat using Guid(b8f1c3f3b00c50b49bf247efde451462) Importer(2089858483,b0f066a214c2f5e87bad3c948f4d605d) (ScriptedImporter) -> (artifact id: '23314f4f9c1b210235bf57b827bddb7b') in 0.0416875 seconds
Number of updated asset objects reloaded before import = 0Number of asset objects unloaded after import = 1

========================================================================
Received Import Request.
  Time since last request: 0.000072 seconds.
  path: Assets/Grass And Flowers Pack 1/Ground Textures/Materials/Groundplants 1_D 2183.mat
  artifactKey: Guid(c9cbfe78b0f45fb46bc6fe3a98b5c52b) Importer(2089858483,b0f066a214c2f5e87bad3c948f4d605d)
Start importing Assets/Grass And Flowers Pack 1/Ground Textures/Materials/Groundplants 1_D 2183.mat using Guid(c9cbfe78b0f45fb46bc6fe3a98b5c52b) Importer(2089858483,b0f066a214c2f5e87bad3c948f4d605d) (ScriptedImporter) -> (artifact id: '74349c5adda94c3d19383e429ad96e44') in 0.0387658 seconds
Number of updated asset objects reloaded before import = 0Number of asset objects unloaded after import = 1

========================================================================
Received Import Request.
  Time since last request: 0.000044 seconds.
  path: Assets/Grass And Flowers Pack 1/Ground Textures/Materials/Groundplants 1_D 2184.mat
  artifactKey: Guid(e12f63bbf4acaa14a97082dcd8b67801) Importer(2089858483,b0f066a214c2f5e87bad3c948f4d605d)
Start importing Assets/Grass And Flowers Pack 1/Ground Textures/Materials/Groundplants 1_D 2184.mat using Guid(e12f63bbf4acaa14a97082dcd8b67801) Importer(2089858483,b0f066a214c2f5e87bad3c948f4d605d) (ScriptedImporter) -> (artifact id: '8abae1d6b9da0d4ba7c2160a056df253') in 0.0395745 seconds
Number of updated asset objects reloaded before import = 0Number of asset objects unloaded after import = 1

========================================================================
Received Import Request.
  Time since last request: 0.000043 seconds.
  path: Assets/Grass And Flowers Pack 1/Ground Textures/Materials/Groundplants 1_D 2188.mat
  artifactKey: Guid(5484615344e8d3e4ea49b54f727527fa) Importer(2089858483,b0f066a214c2f5e87bad3c948f4d605d)
Start importing Assets/Grass And Flowers Pack 1/Ground Textures/Materials/Groundplants 1_D 2188.mat using Guid(5484615344e8d3e4ea49b54f727527fa) Importer(2089858483,b0f066a214c2f5e87bad3c948f4d605d) (ScriptedImporter) -> (artifact id: 'd63daf92dac3ded2bb6c755418dc08b9') in 0.0449296 seconds
Number of updated asset objects reloaded before import = 0Number of asset objects unloaded after import = 1

========================================================================
Received Import Request.
  Time since last request: 0.000078 seconds.
  path: Assets/Grass And Flowers Pack 1/Ground Textures/Materials/Groundplants 1_D 2000.mat
  artifactKey: Guid(78629c71115013c47b82b03223bb7abd) Importer(2089858483,b0f066a214c2f5e87bad3c948f4d605d)
Start importing Assets/Grass And Flowers Pack 1/Ground Textures/Materials/Groundplants 1_D 2000.mat using Guid(78629c71115013c47b82b03223bb7abd) Importer(2089858483,b0f066a214c2f5e87bad3c948f4d605d) (ScriptedImporter) -> (artifact id: '18e2a0337bc5169191774c72501ef77b') in 0.045977 seconds
Number of updated asset objects reloaded before import = 0Number of asset objects unloaded after import = 1

========================================================================
Received Import Request.
  Time since last request: 0.000044 seconds.
  path: Assets/Grass And Flowers Pack 1/Ground Textures/Materials/Groundplants 1_D 2103.mat
  artifactKey: Guid(0f3a737d17399b04689f4508cd6895c3) Importer(2089858483,b0f066a214c2f5e87bad3c948f4d605d)
Start importing Assets/Grass And Flowers Pack 1/Ground Textures/Materials/Groundplants 1_D 2103.mat using Guid(0f3a737d17399b04689f4508cd6895c3) Importer(2089858483,b0f066a214c2f5e87bad3c948f4d605d) (ScriptedImporter) -> (artifact id: '28e1055808fca5ec250e494aef8bebe5') in 0.0685644 seconds
Number of updated asset objects reloaded before import = 0Number of asset objects unloaded after import = 1

========================================================================
Received Import Request.
  Time since last request: 0.000045 seconds.
  path: Assets/Grass And Flowers Pack 1/Ground Textures/Materials/Groundplants 1_D 2195.mat
  artifactKey: Guid(0ebd67f853a5b2a439640c132c7db993) Importer(2089858483,b0f066a214c2f5e87bad3c948f4d605d)
Start importing Assets/Grass And Flowers Pack 1/Ground Textures/Materials/Groundplants 1_D 2195.mat using Guid(0ebd67f853a5b2a439640c132c7db993) Importer(2089858483,b0f066a214c2f5e87bad3c948f4d605d) (ScriptedImporter) -> (artifact id: '66e50edf2952265a2caf670cffb9b3ae') in 0.0430016 seconds
Number of updated asset objects reloaded before import = 0Number of asset objects unloaded after import = 1

========================================================================
Received Import Request.
  Time since last request: 0.000061 seconds.
  path: Assets/Grass And Flowers Pack 1/Ground Textures/Materials/Groundplants 1_D 2192.mat
  artifactKey: Guid(ec94959fb4cfb564894547ea2980727f) Importer(2089858483,b0f066a214c2f5e87bad3c948f4d605d)
Start importing Assets/Grass And Flowers Pack 1/Ground Textures/Materials/Groundplants 1_D 2192.mat using Guid(ec94959fb4cfb564894547ea2980727f) Importer(2089858483,b0f066a214c2f5e87bad3c948f4d605d) (ScriptedImporter) -> (artifact id: 'd76194a006ebcf99ea56651f0f823da1') in 0.0458966 seconds
Number of updated asset objects reloaded before import = 0Number of asset objects unloaded after import = 1

========================================================================
Received Import Request.
  Time since last request: 0.000065 seconds.
  path: Assets/Grass And Flowers Pack 1/Ground Textures/Materials/Groundplants 1_D 2200.mat
  artifactKey: Guid(02cdaf2e965ac8f44a53c283180818e9) Importer(2089858483,b0f066a214c2f5e87bad3c948f4d605d)
Start importing Assets/Grass And Flowers Pack 1/Ground Textures/Materials/Groundplants 1_D 2200.mat using Guid(02cdaf2e965ac8f44a53c283180818e9) Importer(2089858483,b0f066a214c2f5e87bad3c948f4d605d) (ScriptedImporter) -> (artifact id: 'baefe86de1600b1ef769b78fec461d4f') in 0.0388675 seconds
Number of updated asset objects reloaded before import = 0Number of asset objects unloaded after import = 1

========================================================================
Received Import Request.
  Time since last request: 0.000069 seconds.
  path: Assets/Grass And Flowers Pack 1/Ground Textures/Materials/Groundplants 1_D 2020.mat
  artifactKey: Guid(92251e721be320442baf59a12207ab1e) Importer(2089858483,b0f066a214c2f5e87bad3c948f4d605d)
Start importing Assets/Grass And Flowers Pack 1/Ground Textures/Materials/Groundplants 1_D 2020.mat using Guid(92251e721be320442baf59a12207ab1e) Importer(2089858483,b0f066a214c2f5e87bad3c948f4d605d) (ScriptedImporter) -> (artifact id: '531498fc4bb2394a8da47fcc3c91b021') in 0.0396082 seconds
Number of updated asset objects reloaded before import = 0Number of asset objects unloaded after import = 1

========================================================================
Received Import Request.
  Time since last request: 0.000064 seconds.
  path: Assets/Grass And Flowers Pack 1/Ground Textures/Materials/Groundplants 1_D 1987.mat
  artifactKey: Guid(8e946487afb485b47ab0fb4596880306) Importer(2089858483,b0f066a214c2f5e87bad3c948f4d605d)
Start importing Assets/Grass And Flowers Pack 1/Ground Textures/Materials/Groundplants 1_D 1987.mat using Guid(8e946487afb485b47ab0fb4596880306) Importer(2089858483,b0f066a214c2f5e87bad3c948f4d605d) (ScriptedImporter) -> (artifact id: '4d8c080aab259a472f5c89f9606c9fd7') in 0.0430036 seconds
Number of updated asset objects reloaded before import = 0Number of asset objects unloaded after import = 1

========================================================================
Received Import Request.
  Time since last request: 0.000058 seconds.
  path: Assets/Grass And Flowers Pack 1/Ground Textures/Materials/Groundplants 1_D 2206.mat
  artifactKey: Guid(af06e721dbbc46643b48e5a21471807c) Importer(2089858483,b0f066a214c2f5e87bad3c948f4d605d)
Start importing Assets/Grass And Flowers Pack 1/Ground Textures/Materials/Groundplants 1_D 2206.mat using Guid(af06e721dbbc46643b48e5a21471807c) Importer(2089858483,b0f066a214c2f5e87bad3c948f4d605d) (ScriptedImporter) -> (artifact id: 'af3169fc3801fa91dae3a5cdc68cf911') in 0.0393879 seconds
Number of updated asset objects reloaded before import = 0Number of asset objects unloaded after import = 1

========================================================================
Received Import Request.
  Time since last request: 0.000078 seconds.
  path: Assets/Grass And Flowers Pack 1/Ground Textures/Materials/Groundplants 1_D 2203.mat
  artifactKey: Guid(bd78e41a1b1eeb84e83420f2cf5d38ff) Importer(2089858483,b0f066a214c2f5e87bad3c948f4d605d)
Start importing Assets/Grass And Flowers Pack 1/Ground Textures/Materials/Groundplants 1_D 2203.mat using Guid(bd78e41a1b1eeb84e83420f2cf5d38ff) Importer(2089858483,b0f066a214c2f5e87bad3c948f4d605d) (ScriptedImporter) -> (artifact id: '55cc1a36564d41bd750a06fa963cb8d5') in 0.0525781 seconds
Number of updated asset objects reloaded before import = 0Number of asset objects unloaded after import = 1

========================================================================
Received Import Request.
  Time since last request: 0.000052 seconds.
  path: Assets/Grass And Flowers Pack 1/Ground Textures/Materials/Groundplants 1_D 2208.mat
  artifactKey: Guid(5ff8ac182fb62e943b8846c9a718955c) Importer(2089858483,b0f066a214c2f5e87bad3c948f4d605d)
Start importing Assets/Grass And Flowers Pack 1/Ground Textures/Materials/Groundplants 1_D 2208.mat using Guid(5ff8ac182fb62e943b8846c9a718955c) Importer(2089858483,b0f066a214c2f5e87bad3c948f4d605d) (ScriptedImporter) -> (artifact id: 'd8b4f65ffe3b24b73ef89267debe0a18') in 0.0533143 seconds
Number of updated asset objects reloaded before import = 0Number of asset objects unloaded after import = 1

========================================================================
Received Import Request.
  Time since last request: 0.000049 seconds.
  path: Assets/Grass And Flowers Pack 1/Ground Textures/Materials/Groundplants 1_D 1989.mat
  artifactKey: Guid(e44379373d751614ba55e0759dff3936) Importer(2089858483,b0f066a214c2f5e87bad3c948f4d605d)
Start importing Assets/Grass And Flowers Pack 1/Ground Textures/Materials/Groundplants 1_D 1989.mat using Guid(e44379373d751614ba55e0759dff3936) Importer(2089858483,b0f066a214c2f5e87bad3c948f4d605d) (ScriptedImporter) -> (artifact id: 'e58bf3eebbc4f42d6eed1beaaedab25c') in 0.0655136 seconds
Number of updated asset objects reloaded before import = 0Number of asset objects unloaded after import = 1

========================================================================
Received Import Request.
  Time since last request: 0.000040 seconds.
  path: Assets/Grass And Flowers Pack 1/Ground Textures/Materials/Groundplants 1_D 2066.mat
  artifactKey: Guid(3f4f0f6c5f49bd84894cdf3f3a0e33c6) Importer(2089858483,b0f066a214c2f5e87bad3c948f4d605d)
Start importing Assets/Grass And Flowers Pack 1/Ground Textures/Materials/Groundplants 1_D 2066.mat using Guid(3f4f0f6c5f49bd84894cdf3f3a0e33c6) Importer(2089858483,b0f066a214c2f5e87bad3c948f4d605d) (ScriptedImporter) -> (artifact id: 'b5dbeb6039fc2c88fa254a326d3ba501') in 0.0383343 seconds
Number of updated asset objects reloaded before import = 0Number of asset objects unloaded after import = 1

========================================================================
Received Import Request.
  Time since last request: 0.000058 seconds.
  path: Assets/Grass And Flowers Pack 1/Ground Textures/Materials/Groundplants 1_D 2211.mat
  artifactKey: Guid(aad5827c93b4a3d4b8286eeff8f88395) Importer(2089858483,b0f066a214c2f5e87bad3c948f4d605d)
Start importing Assets/Grass And Flowers Pack 1/Ground Textures/Materials/Groundplants 1_D 2211.mat using Guid(aad5827c93b4a3d4b8286eeff8f88395) Importer(2089858483,b0f066a214c2f5e87bad3c948f4d605d) (ScriptedImporter) -> (artifact id: '698200c891998a581fb212f5eee8fc14') in 0.0479423 seconds
Number of updated asset objects reloaded before import = 0Number of asset objects unloaded after import = 1

========================================================================
Received Import Request.
  Time since last request: 0.000058 seconds.
  path: Assets/Grass And Flowers Pack 1/Ground Textures/Materials/Groundplants 1_D 2215.mat
  artifactKey: Guid(7d710281a0f445b46b7544a3d1a2194a) Importer(2089858483,b0f066a214c2f5e87bad3c948f4d605d)
Start importing Assets/Grass And Flowers Pack 1/Ground Textures/Materials/Groundplants 1_D 2215.mat using Guid(7d710281a0f445b46b7544a3d1a2194a) Importer(2089858483,b0f066a214c2f5e87bad3c948f4d605d) (ScriptedImporter) -> (artifact id: 'ef545da2d9a24652606a71fe41bdb918') in 0.0420194 seconds
Number of updated asset objects reloaded before import = 0Number of asset objects unloaded after import = 1

========================================================================
Received Import Request.
  Time since last request: 0.000057 seconds.
  path: Assets/Grass And Flowers Pack 1/Ground Textures/Materials/Groundplants 1_D 2219.mat
  artifactKey: Guid(e58610b45a1f31e49bd3b1a813e2895d) Importer(2089858483,b0f066a214c2f5e87bad3c948f4d605d)
Start importing Assets/Grass And Flowers Pack 1/Ground Textures/Materials/Groundplants 1_D 2219.mat using Guid(e58610b45a1f31e49bd3b1a813e2895d) Importer(2089858483,b0f066a214c2f5e87bad3c948f4d605d) (ScriptedImporter) -> (artifact id: '0c646ddc8107ffcd35da2bcf3631f533') in 0.032798 seconds
Number of updated asset objects reloaded before import = 0Number of asset objects unloaded after import = 1

========================================================================
Received Import Request.
  Time since last request: 0.000256 seconds.
  path: Assets/Grass And Flowers Pack 1/Ground Textures/Materials/Groundplants 1_D 2043.mat
  artifactKey: Guid(c4fec34d998af674a90fe11521cf12cc) Importer(2089858483,b0f066a214c2f5e87bad3c948f4d605d)
Start importing Assets/Grass And Flowers Pack 1/Ground Textures/Materials/Groundplants 1_D 2043.mat using Guid(c4fec34d998af674a90fe11521cf12cc) Importer(2089858483,b0f066a214c2f5e87bad3c948f4d605d) (ScriptedImporter) -> (artifact id: '081da9b1eff5fc160467349f5a81364b') in 0.040267 seconds
Number of updated asset objects reloaded before import = 0Number of asset objects unloaded after import = 1

========================================================================
Received Import Request.
  Time since last request: 0.000044 seconds.
  path: Assets/Grass And Flowers Pack 1/Ground Textures/Materials/Groundplants 1_D 2170.mat
  artifactKey: Guid(5554bde598bdd364498ddb5a3b768581) Importer(2089858483,b0f066a214c2f5e87bad3c948f4d605d)
Start importing Assets/Grass And Flowers Pack 1/Ground Textures/Materials/Groundplants 1_D 2170.mat using Guid(5554bde598bdd364498ddb5a3b768581) Importer(2089858483,b0f066a214c2f5e87bad3c948f4d605d) (ScriptedImporter) -> (artifact id: '847cc781d2389d92c63eb7ad34999030') in 0.0376633 seconds
Number of updated asset objects reloaded before import = 0Number of asset objects unloaded after import = 1

========================================================================
Received Import Request.
  Time since last request: 0.000052 seconds.
  path: Assets/Grass And Flowers Pack 1/Ground Textures/Materials/Groundplants 1_D 2224.mat
  artifactKey: Guid(dd92f1a8663b6554b94a1650121e6af3) Importer(2089858483,b0f066a214c2f5e87bad3c948f4d605d)
Start importing Assets/Grass And Flowers Pack 1/Ground Textures/Materials/Groundplants 1_D 2224.mat using Guid(dd92f1a8663b6554b94a1650121e6af3) Importer(2089858483,b0f066a214c2f5e87bad3c948f4d605d) (ScriptedImporter) -> (artifact id: 'af54254ca48e4e121ee0cab1a0466e3a') in 0.0358862 seconds
Number of updated asset objects reloaded before import = 0Number of asset objects unloaded after import = 1

========================================================================
Received Import Request.
  Time since last request: 0.000071 seconds.
  path: Assets/Grass And Flowers Pack 1/Ground Textures/Materials/Groundplants 1_D 2221.mat
  artifactKey: Guid(186e829aeb7a902438416c97513379f1) Importer(2089858483,b0f066a214c2f5e87bad3c948f4d605d)
Start importing Assets/Grass And Flowers Pack 1/Ground Textures/Materials/Groundplants 1_D 2221.mat using Guid(186e829aeb7a902438416c97513379f1) Importer(2089858483,b0f066a214c2f5e87bad3c948f4d605d) (ScriptedImporter) -> (artifact id: 'aedcc14a7c06e632fa70f8fd33a8e8f4') in 0.0421056 seconds
Number of updated asset objects reloaded before import = 0Number of asset objects unloaded after import = 1

========================================================================
Received Import Request.
  Time since last request: 0.000038 seconds.
  path: Assets/Grass And Flowers Pack 1/Ground Textures/Materials/Groundplants 1_D 2154.mat
  artifactKey: Guid(d693e650a5ea6384f9f906f023f418b7) Importer(2089858483,b0f066a214c2f5e87bad3c948f4d605d)
Start importing Assets/Grass And Flowers Pack 1/Ground Textures/Materials/Groundplants 1_D 2154.mat using Guid(d693e650a5ea6384f9f906f023f418b7) Importer(2089858483,b0f066a214c2f5e87bad3c948f4d605d) (ScriptedImporter) -> (artifact id: 'c189b57eb313d6c54d6483a6ed547120') in 0.0383087 seconds
Number of updated asset objects reloaded before import = 0Number of asset objects unloaded after import = 1

========================================================================
Received Import Request.
  Time since last request: 0.000057 seconds.
  path: Assets/Grass And Flowers Pack 1/Ground Textures/Materials/Groundplants 1_D 2232.mat
  artifactKey: Guid(68fac3f56f974374d889211233d86e7b) Importer(2089858483,b0f066a214c2f5e87bad3c948f4d605d)
Start importing Assets/Grass And Flowers Pack 1/Ground Textures/Materials/Groundplants 1_D 2232.mat using Guid(68fac3f56f974374d889211233d86e7b) Importer(2089858483,b0f066a214c2f5e87bad3c948f4d605d) (ScriptedImporter) -> (artifact id: 'e77253281deed8f16998e2c62f8a627a') in 0.0514317 seconds
Number of updated asset objects reloaded before import = 0Number of asset objects unloaded after import = 1

========================================================================
Received Import Request.
  Time since last request: 0.000194 seconds.
  path: Assets/Grass And Flowers Pack 1/Ground Textures/Materials/Groundplants 1_D 2198.mat
  artifactKey: Guid(1d3b5ab2c5af4354f9723720dce47495) Importer(2089858483,b0f066a214c2f5e87bad3c948f4d605d)
Start importing Assets/Grass And Flowers Pack 1/Ground Textures/Materials/Groundplants 1_D 2198.mat using Guid(1d3b5ab2c5af4354f9723720dce47495) Importer(2089858483,b0f066a214c2f5e87bad3c948f4d605d) (ScriptedImporter) -> (artifact id: '926f05b07f48568e7e457ae712ba4261') in 0.0376111 seconds
Number of updated asset objects reloaded before import = 0Number of asset objects unloaded after import = 1

========================================================================
Received Import Request.
  Time since last request: 0.000039 seconds.
  path: Assets/Grass And Flowers Pack 1/Ground Textures/Materials/Groundplants 1_D 2236.mat
  artifactKey: Guid(210ea7dd5f2ec834e846b05112cc7275) Importer(2089858483,b0f066a214c2f5e87bad3c948f4d605d)
Start importing Assets/Grass And Flowers Pack 1/Ground Textures/Materials/Groundplants 1_D 2236.mat using Guid(210ea7dd5f2ec834e846b05112cc7275) Importer(2089858483,b0f066a214c2f5e87bad3c948f4d605d) (ScriptedImporter) -> (artifact id: 'd94e319610af72d1de046379ccd5a364') in 0.0384386 seconds
Number of updated asset objects reloaded before import = 0Number of asset objects unloaded after import = 1

========================================================================
Received Import Request.
  Time since last request: 0.000047 seconds.
  path: Assets/Grass And Flowers Pack 1/Ground Textures/Materials/Groundplants 1_D 2234.mat
  artifactKey: Guid(e9fca15f25ef3b045a4b53bd236d049c) Importer(2089858483,b0f066a214c2f5e87bad3c948f4d605d)
Start importing Assets/Grass And Flowers Pack 1/Ground Textures/Materials/Groundplants 1_D 2234.mat using Guid(e9fca15f25ef3b045a4b53bd236d049c) Importer(2089858483,b0f066a214c2f5e87bad3c948f4d605d) (ScriptedImporter) -> (artifact id: '5f5d477fff7a2e714fbd776a81d708e8') in 0.0371249 seconds
Number of updated asset objects reloaded before import = 0Number of asset objects unloaded after import = 1

========================================================================
Received Import Request.
  Time since last request: 0.000164 seconds.
  path: Assets/Grass And Flowers Pack 1/Ground Textures/Materials/Groundplants 1_D 2073.mat
  artifactKey: Guid(7bf785840d2e10044937e61063c495aa) Importer(2089858483,b0f066a214c2f5e87bad3c948f4d605d)
Start importing Assets/Grass And Flowers Pack 1/Ground Textures/Materials/Groundplants 1_D 2073.mat using Guid(7bf785840d2e10044937e61063c495aa) Importer(2089858483,b0f066a214c2f5e87bad3c948f4d605d) (ScriptedImporter) -> (artifact id: 'ae3b55a64fe38199b2101102c9b439b6') in 0.053946 seconds
Number of updated asset objects reloaded before import = 0Number of asset objects unloaded after import = 1

========================================================================
Received Import Request.
  Time since last request: 0.000044 seconds.
  path: Assets/Grass And Flowers Pack 1/Ground Textures/Materials/Groundplants 1_D 2241.mat
  artifactKey: Guid(66b5273c8c98d2248a6ae250a73fc80e) Importer(2089858483,b0f066a214c2f5e87bad3c948f4d605d)
Start importing Assets/Grass And Flowers Pack 1/Ground Textures/Materials/Groundplants 1_D 2241.mat using Guid(66b5273c8c98d2248a6ae250a73fc80e) Importer(2089858483,b0f066a214c2f5e87bad3c948f4d605d) (ScriptedImporter) -> (artifact id: '33ceda69fb70a3f1476a0052455fe565') in 0.0473988 seconds
Number of updated asset objects reloaded before import = 0Number of asset objects unloaded after import = 1

========================================================================
Received Import Request.
  Time since last request: 0.000054 seconds.
  path: Assets/Grass And Flowers Pack 1/Ground Textures/Materials/Groundplants 1_D 2240.mat
  artifactKey: Guid(3ba56392e5a362242a311c3f1e57b54a) Importer(2089858483,b0f066a214c2f5e87bad3c948f4d605d)
Start importing Assets/Grass And Flowers Pack 1/Ground Textures/Materials/Groundplants 1_D 2240.mat using Guid(3ba56392e5a362242a311c3f1e57b54a) Importer(2089858483,b0f066a214c2f5e87bad3c948f4d605d) (ScriptedImporter) -> (artifact id: '128658b3a751e6ffb00ea8f5ce90cf6b') in 0.0539929 seconds
Number of updated asset objects reloaded before import = 0Number of asset objects unloaded after import = 1

========================================================================
Received Import Request.
  Time since last request: 0.000041 seconds.
  path: Assets/Grass And Flowers Pack 1/Ground Textures/Materials/Groundplants 1_D 2244.mat
  artifactKey: Guid(90c47a5b537e78d47a9e77c471370e13) Importer(2089858483,b0f066a214c2f5e87bad3c948f4d605d)
Start importing Assets/Grass And Flowers Pack 1/Ground Textures/Materials/Groundplants 1_D 2244.mat using Guid(90c47a5b537e78d47a9e77c471370e13) Importer(2089858483,b0f066a214c2f5e87bad3c948f4d605d) (ScriptedImporter) -> (artifact id: '57e8fd8874b01680533bbe3ca33f9a03') in 0.0552871 seconds
Number of updated asset objects reloaded before import = 0Number of asset objects unloaded after import = 1

========================================================================
Received Import Request.
  Time since last request: 0.000074 seconds.
  path: Assets/Grass And Flowers Pack 1/Ground Textures/Materials/Groundplants 1_D 2150.mat
  artifactKey: Guid(ff2a5dbb14622fb499a1406fb6b525c7) Importer(2089858483,b0f066a214c2f5e87bad3c948f4d605d)
Start importing Assets/Grass And Flowers Pack 1/Ground Textures/Materials/Groundplants 1_D 2150.mat using Guid(ff2a5dbb14622fb499a1406fb6b525c7) Importer(2089858483,b0f066a214c2f5e87bad3c948f4d605d) (ScriptedImporter) -> (artifact id: '07a88576d5cd28f98c84ba694dfdb8cd') in 0.0373872 seconds
Number of updated asset objects reloaded before import = 0Number of asset objects unloaded after import = 1

========================================================================
Received Import Request.
  Time since last request: 0.000046 seconds.
  path: Assets/Grass And Flowers Pack 1/Ground Textures/Materials/Groundplants 1_D 2212.mat
  artifactKey: Guid(d67752d7134b5c3429b15ec32b04069a) Importer(2089858483,b0f066a214c2f5e87bad3c948f4d605d)
Start importing Assets/Grass And Flowers Pack 1/Ground Textures/Materials/Groundplants 1_D 2212.mat using Guid(d67752d7134b5c3429b15ec32b04069a) Importer(2089858483,b0f066a214c2f5e87bad3c948f4d605d) (ScriptedImporter) -> (artifact id: '5ab95618e9c3eda74f01a418990c1bc5') in 0.0529361 seconds
Number of updated asset objects reloaded before import = 0Number of asset objects unloaded after import = 1

========================================================================
Received Import Request.
  Time since last request: 0.000052 seconds.
  path: Assets/Grass And Flowers Pack 1/Ground Textures/Materials/Groundplants 1_D 2163.mat
  artifactKey: Guid(20da7b0523395d64684ea722fd549444) Importer(2089858483,b0f066a214c2f5e87bad3c948f4d605d)
Start importing Assets/Grass And Flowers Pack 1/Ground Textures/Materials/Groundplants 1_D 2163.mat using Guid(20da7b0523395d64684ea722fd549444) Importer(2089858483,b0f066a214c2f5e87bad3c948f4d605d) (ScriptedImporter) -> (artifact id: '5cf13d6bcc12f86be0b2d8f9bae98479') in 0.0432265 seconds
Number of updated asset objects reloaded before import = 0Number of asset objects unloaded after import = 1

========================================================================
Received Import Request.
  Time since last request: 0.000072 seconds.
  path: Assets/Grass And Flowers Pack 1/Ground Textures/Materials/Groundplants 1_D 2179.mat
  artifactKey: Guid(2c8598b2ce6e8504e85ebb09baa52024) Importer(2089858483,b0f066a214c2f5e87bad3c948f4d605d)
Start importing Assets/Grass And Flowers Pack 1/Ground Textures/Materials/Groundplants 1_D 2179.mat using Guid(2c8598b2ce6e8504e85ebb09baa52024) Importer(2089858483,b0f066a214c2f5e87bad3c948f4d605d) (ScriptedImporter) -> (artifact id: '1f0ac4a9e30ac05c0043fc41192791f0') in 0.0614355 seconds
Number of updated asset objects reloaded before import = 0Number of asset objects unloaded after import = 1

========================================================================
Received Import Request.
  Time since last request: 0.000048 seconds.
  path: Assets/Grass And Flowers Pack 1/Ground Textures/Materials/Groundplants 1_D 2258.mat
  artifactKey: Guid(d7d05e41d9718cf499e03779ec8565b2) Importer(2089858483,b0f066a214c2f5e87bad3c948f4d605d)
Start importing Assets/Grass And Flowers Pack 1/Ground Textures/Materials/Groundplants 1_D 2258.mat using Guid(d7d05e41d9718cf499e03779ec8565b2) Importer(2089858483,b0f066a214c2f5e87bad3c948f4d605d) (ScriptedImporter) -> (artifact id: '55a84def76700e50a45743f002b5e45e') in 0.0396072 seconds
Number of updated asset objects reloaded before import = 0Number of asset objects unloaded after import = 1

========================================================================
Received Import Request.
  Time since last request: 0.000058 seconds.
  path: Assets/Grass And Flowers Pack 1/Ground Textures/Materials/Groundplants 1_D 2201.mat
  artifactKey: Guid(2cd57cd1981aee142aba7218b5c78fce) Importer(2089858483,b0f066a214c2f5e87bad3c948f4d605d)
Start importing Assets/Grass And Flowers Pack 1/Ground Textures/Materials/Groundplants 1_D 2201.mat using Guid(2cd57cd1981aee142aba7218b5c78fce) Importer(2089858483,b0f066a214c2f5e87bad3c948f4d605d) (ScriptedImporter) -> (artifact id: 'cfe9c3e5b5d96ceb64702d4034a27a3a') in 0.03599 seconds
Number of updated asset objects reloaded before import = 0Number of asset objects unloaded after import = 1

========================================================================
Received Import Request.
  Time since last request: 0.000051 seconds.
  path: Assets/Grass And Flowers Pack 1/Ground Textures/Materials/Groundplants 1_D 2190.mat
  artifactKey: Guid(c9cbedf372d253c4ba3835424281d620) Importer(2089858483,b0f066a214c2f5e87bad3c948f4d605d)
Start importing Assets/Grass And Flowers Pack 1/Ground Textures/Materials/Groundplants 1_D 2190.mat using Guid(c9cbedf372d253c4ba3835424281d620) Importer(2089858483,b0f066a214c2f5e87bad3c948f4d605d) (ScriptedImporter) -> (artifact id: '89e68f47dd0b4eddf9d9d3deaf6b3039') in 0.0729855 seconds
Number of updated asset objects reloaded before import = 0Number of asset objects unloaded after import = 1

========================================================================
Received Import Request.
  Time since last request: 0.000045 seconds.
  path: Assets/Grass And Flowers Pack 1/Ground Textures/Materials/Groundplants 1_D 2266.mat
  artifactKey: Guid(83b422ff9ccb76344a8908c622be32d5) Importer(2089858483,b0f066a214c2f5e87bad3c948f4d605d)
Start importing Assets/Grass And Flowers Pack 1/Ground Textures/Materials/Groundplants 1_D 2266.mat using Guid(83b422ff9ccb76344a8908c622be32d5) Importer(2089858483,b0f066a214c2f5e87bad3c948f4d605d) (ScriptedImporter) -> (artifact id: '4d8cc3dcb1b8b0decf0b5da85cf51e38') in 0.0788448 seconds
Number of updated asset objects reloaded before import = 0Number of asset objects unloaded after import = 1

========================================================================
Received Import Request.
  Time since last request: 0.000068 seconds.
  path: Assets/Grass And Flowers Pack 1/Ground Textures/Materials/Groundplants 1_D 2268.mat
  artifactKey: Guid(9707eb115eb450549a747d9489371806) Importer(2089858483,b0f066a214c2f5e87bad3c948f4d605d)
Start importing Assets/Grass And Flowers Pack 1/Ground Textures/Materials/Groundplants 1_D 2268.mat using Guid(9707eb115eb450549a747d9489371806) Importer(2089858483,b0f066a214c2f5e87bad3c948f4d605d) (ScriptedImporter) -> (artifact id: 'e3f0410de97512c69a7f88c66ca962d3') in 0.0419897 seconds
Number of updated asset objects reloaded before import = 0Number of asset objects unloaded after import = 1

========================================================================
Received Import Request.
  Time since last request: 0.000060 seconds.
  path: Assets/Grass And Flowers Pack 1/Ground Textures/Materials/Groundplants 1_D 2101.mat
  artifactKey: Guid(f1a4f7b2c0354d349b289361878c14bf) Importer(2089858483,b0f066a214c2f5e87bad3c948f4d605d)
Start importing Assets/Grass And Flowers Pack 1/Ground Textures/Materials/Groundplants 1_D 2101.mat using Guid(f1a4f7b2c0354d349b289361878c14bf) Importer(2089858483,b0f066a214c2f5e87bad3c948f4d605d) (ScriptedImporter) -> (artifact id: '959a46b3190bd8afaf138616875a79f4') in 0.6047388 seconds
Number of updated asset objects reloaded before import = 0Number of asset objects unloaded after import = 1

========================================================================
Received Import Request.
  Time since last request: 0.000060 seconds.
  path: Assets/Grass And Flowers Pack 1/Ground Textures/Materials/Groundplants 1_D 2300.mat
  artifactKey: Guid(1e6f32cf322c92e4393a531338332b92) Importer(2089858483,b0f066a214c2f5e87bad3c948f4d605d)
Start importing Assets/Grass And Flowers Pack 1/Ground Textures/Materials/Groundplants 1_D 2300.mat using Guid(1e6f32cf322c92e4393a531338332b92) Importer(2089858483,b0f066a214c2f5e87bad3c948f4d605d) (ScriptedImporter) -> (artifact id: 'b835c75ecfa4e869da859ea3b3414076') in 0.0620921 seconds
Number of updated asset objects reloaded before import = 0Number of asset objects unloaded after import = 1

========================================================================
Received Import Request.
  Time since last request: 0.000078 seconds.
  path: Assets/Grass And Flowers Pack 1/Ground Textures/Materials/Groundplants 1_D 2247.mat
  artifactKey: Guid(b55918a46ecbf184982d491286912813) Importer(2089858483,b0f066a214c2f5e87bad3c948f4d605d)
Start importing Assets/Grass And Flowers Pack 1/Ground Textures/Materials/Groundplants 1_D 2247.mat using Guid(b55918a46ecbf184982d491286912813) Importer(2089858483,b0f066a214c2f5e87bad3c948f4d605d) (ScriptedImporter) -> (artifact id: '76f60a77cd537fda649e8e21559f82e9') in 0.0436427 seconds
Number of updated asset objects reloaded before import = 0Number of asset objects unloaded after import = 1

========================================================================
Received Import Request.
  Time since last request: 0.000049 seconds.
  path: Assets/Grass And Flowers Pack 1/Ground Textures/Materials/Groundplants 1_D 2309.mat
  artifactKey: Guid(4669bd7ab1ce2d64eb728d7bb590bede) Importer(2089858483,b0f066a214c2f5e87bad3c948f4d605d)
Start importing Assets/Grass And Flowers Pack 1/Ground Textures/Materials/Groundplants 1_D 2309.mat using Guid(4669bd7ab1ce2d64eb728d7bb590bede) Importer(2089858483,b0f066a214c2f5e87bad3c948f4d605d) (ScriptedImporter) -> (artifact id: '68cb3f2005b1de4876dec9ae7958a5dd') in 0.0401445 seconds
Number of updated asset objects reloaded before import = 0Number of asset objects unloaded after import = 1

========================================================================
Received Import Request.
  Time since last request: 0.000064 seconds.
  path: Assets/Grass And Flowers Pack 1/Ground Textures/Materials/Groundplants 1_D 2311.mat
  artifactKey: Guid(13bf8a9f4f8b11f42ae3b356803a3c9a) Importer(2089858483,b0f066a214c2f5e87bad3c948f4d605d)
Start importing Assets/Grass And Flowers Pack 1/Ground Textures/Materials/Groundplants 1_D 2311.mat using Guid(13bf8a9f4f8b11f42ae3b356803a3c9a) Importer(2089858483,b0f066a214c2f5e87bad3c948f4d605d) (ScriptedImporter) -> (artifact id: '4d5264592c4dbffeb54aab53342a11fd') in 0.122961 seconds
Number of updated asset objects reloaded before import = 0Number of asset objects unloaded after import = 1

========================================================================
Received Import Request.
  Time since last request: 0.000046 seconds.
  path: Assets/Grass And Flowers Pack 1/Ground Textures/Materials/Groundplants 1_D 2321.mat
  artifactKey: Guid(e3a3beef678cf344d9f36024d60ff097) Importer(2089858483,b0f066a214c2f5e87bad3c948f4d605d)
Start importing Assets/Grass And Flowers Pack 1/Ground Textures/Materials/Groundplants 1_D 2321.mat using Guid(e3a3beef678cf344d9f36024d60ff097) Importer(2089858483,b0f066a214c2f5e87bad3c948f4d605d) (ScriptedImporter) -> (artifact id: 'c848100fd2ae47feaf2d54c9610f46ef') in 0.220614 seconds
Number of updated asset objects reloaded before import = 0Number of asset objects unloaded after import = 1

========================================================================
Received Import Request.
  Time since last request: 0.000069 seconds.
  path: Assets/Grass And Flowers Pack 1/Ground Textures/Materials/Groundplants 1_D 2316.mat
  artifactKey: Guid(21b4ed65400da2a46b53f966a504a7ee) Importer(2089858483,b0f066a214c2f5e87bad3c948f4d605d)
Start importing Assets/Grass And Flowers Pack 1/Ground Textures/Materials/Groundplants 1_D 2316.mat using Guid(21b4ed65400da2a46b53f966a504a7ee) Importer(2089858483,b0f066a214c2f5e87bad3c948f4d605d) (ScriptedImporter) -> (artifact id: '5887287e3aaeaf059270597986789eb7') in 0.0513224 seconds
Number of updated asset objects reloaded before import = 0Number of asset objects unloaded after import = 1

========================================================================
Received Import Request.
  Time since last request: 0.000342 seconds.
  path: Assets/Grass And Flowers Pack 1/Ground Textures/Materials/Groundplants 1_D 2327.mat
  artifactKey: Guid(c6b7b8ed7a10cc14f84e5389ae036d80) Importer(2089858483,b0f066a214c2f5e87bad3c948f4d605d)
Start importing Assets/Grass And Flowers Pack 1/Ground Textures/Materials/Groundplants 1_D 2327.mat using Guid(c6b7b8ed7a10cc14f84e5389ae036d80) Importer(2089858483,b0f066a214c2f5e87bad3c948f4d605d) (ScriptedImporter) -> (artifact id: '442ee2da05edc9ddefa6280f2b1a5bac') in 0.0614694 seconds
Number of updated asset objects reloaded before import = 0Number of asset objects unloaded after import = 1

========================================================================
Received Import Request.
  Time since last request: 0.000075 seconds.
  path: Assets/Grass And Flowers Pack 1/Ground Textures/Materials/Groundplants 1_D 2302.mat
  artifactKey: Guid(c0d93768413df8546afac63a99d112f9) Importer(2089858483,b0f066a214c2f5e87bad3c948f4d605d)
Start importing Assets/Grass And Flowers Pack 1/Ground Textures/Materials/Groundplants 1_D 2302.mat using Guid(c0d93768413df8546afac63a99d112f9) Importer(2089858483,b0f066a214c2f5e87bad3c948f4d605d) (ScriptedImporter) -> (artifact id: '03ab499f0065f8feecbb8a02f9f38cee') in 0.0515232 seconds
Number of updated asset objects reloaded before import = 0Number of asset objects unloaded after import = 1

========================================================================
Received Import Request.
  Time since last request: 0.000058 seconds.
  path: Assets/Grass And Flowers Pack 1/Ground Textures/Materials/Groundplants 1_D 2337.mat
  artifactKey: Guid(7441fbaa31baad44d9a04c98b4183968) Importer(2089858483,b0f066a214c2f5e87bad3c948f4d605d)
Start importing Assets/Grass And Flowers Pack 1/Ground Textures/Materials/Groundplants 1_D 2337.mat using Guid(7441fbaa31baad44d9a04c98b4183968) Importer(2089858483,b0f066a214c2f5e87bad3c948f4d605d) (ScriptedImporter) -> (artifact id: '738b3e39fc583d1c0e8c1acf8e9127b4') in 0.05056 seconds
Number of updated asset objects reloaded before import = 0Number of asset objects unloaded after import = 1

========================================================================
Received Import Request.
  Time since last request: 0.000112 seconds.
  path: Assets/Grass And Flowers Pack 1/Ground Textures/Materials/Groundplants 1_D 2331.mat
  artifactKey: Guid(83add7212969a2240bdb848dd52062cc) Importer(2089858483,b0f066a214c2f5e87bad3c948f4d605d)
Start importing Assets/Grass And Flowers Pack 1/Ground Textures/Materials/Groundplants 1_D 2331.mat using Guid(83add7212969a2240bdb848dd52062cc) Importer(2089858483,b0f066a214c2f5e87bad3c948f4d605d) (ScriptedImporter) -> (artifact id: '70d5615791b0edb243c477e19a319599') in 0.0429853 seconds
Number of updated asset objects reloaded before import = 0Number of asset objects unloaded after import = 1

========================================================================
Received Import Request.
  Time since last request: 0.000059 seconds.
  path: Assets/Grass And Flowers Pack 1/Ground Textures/Materials/Groundplants 1_D 2230.mat
  artifactKey: Guid(381ab69d9ff4b2e47baacc169d0188e9) Importer(2089858483,b0f066a214c2f5e87bad3c948f4d605d)
Start importing Assets/Grass And Flowers Pack 1/Ground Textures/Materials/Groundplants 1_D 2230.mat using Guid(381ab69d9ff4b2e47baacc169d0188e9) Importer(2089858483,b0f066a214c2f5e87bad3c948f4d605d) (ScriptedImporter) -> (artifact id: '56fe9b5264dc650d4767aa045e472204') in 0.0420284 seconds
Number of updated asset objects reloaded before import = 0Number of asset objects unloaded after import = 1

========================================================================
Received Import Request.
  Time since last request: 0.000065 seconds.
  path: Assets/Grass And Flowers Pack 1/Ground Textures/Materials/Groundplants 1_D 2347.mat
  artifactKey: Guid(42321023d700c4d4f8e711d12f6d9340) Importer(2089858483,b0f066a214c2f5e87bad3c948f4d605d)
Start importing Assets/Grass And Flowers Pack 1/Ground Textures/Materials/Groundplants 1_D 2347.mat using Guid(42321023d700c4d4f8e711d12f6d9340) Importer(2089858483,b0f066a214c2f5e87bad3c948f4d605d) (ScriptedImporter) -> (artifact id: 'e6cb9a4ccbd4108fa6cf20b34a9513c5') in 0.0599847 seconds
Number of updated asset objects reloaded before import = 0Number of asset objects unloaded after import = 1

========================================================================
Received Import Request.
  Time since last request: 0.000054 seconds.
  path: Assets/Grass And Flowers Pack 1/Ground Textures/Materials/Groundplants 1_D 2356.mat
  artifactKey: Guid(1c77d503d4e9a574983b286eb8f43d31) Importer(2089858483,b0f066a214c2f5e87bad3c948f4d605d)
Start importing Assets/Grass And Flowers Pack 1/Ground Textures/Materials/Groundplants 1_D 2356.mat using Guid(1c77d503d4e9a574983b286eb8f43d31) Importer(2089858483,b0f066a214c2f5e87bad3c948f4d605d) (ScriptedImporter) -> (artifact id: '6b2dcddbf1b42deb99029ccf15af6334') in 0.1064191 seconds
Number of updated asset objects reloaded before import = 0Number of asset objects unloaded after import = 1

========================================================================
Received Import Request.
  Time since last request: 0.000050 seconds.
  path: Assets/Grass And Flowers Pack 1/Ground Textures/Materials/Groundplants 1_D 2360.mat
  artifactKey: Guid(10eca0ce29707f343af3c0e9f466421d) Importer(2089858483,b0f066a214c2f5e87bad3c948f4d605d)
Start importing Assets/Grass And Flowers Pack 1/Ground Textures/Materials/Groundplants 1_D 2360.mat using Guid(10eca0ce29707f343af3c0e9f466421d) Importer(2089858483,b0f066a214c2f5e87bad3c948f4d605d) (ScriptedImporter) -> (artifact id: '58bfd7576ef59c4d2d19960e095ad6c0') in 0.0478655 seconds
Number of updated asset objects reloaded before import = 0Number of asset objects unloaded after import = 1

========================================================================
Received Import Request.
  Time since last request: 0.000059 seconds.
  path: Assets/Grass And Flowers Pack 1/Ground Textures/Materials/Groundplants 1_D 2363.mat
  artifactKey: Guid(7989bed2bdeaae044b3cecfb4226af19) Importer(2089858483,b0f066a214c2f5e87bad3c948f4d605d)
Start importing Assets/Grass And Flowers Pack 1/Ground Textures/Materials/Groundplants 1_D 2363.mat using Guid(7989bed2bdeaae044b3cecfb4226af19) Importer(2089858483,b0f066a214c2f5e87bad3c948f4d605d) (ScriptedImporter) -> (artifact id: '27c6019bf4c25da86775c2bbd5a0561e') in 0.0465026 seconds
Number of updated asset objects reloaded before import = 0Number of asset objects unloaded after import = 1

========================================================================
Received Import Request.
  Time since last request: 0.000051 seconds.
  path: Assets/Grass And Flowers Pack 1/Ground Textures/Materials/Groundplants 1_D 2377.mat
  artifactKey: Guid(3f73f8ff04231974cac7920d2afad18e) Importer(2089858483,b0f066a214c2f5e87bad3c948f4d605d)
Start importing Assets/Grass And Flowers Pack 1/Ground Textures/Materials/Groundplants 1_D 2377.mat using Guid(3f73f8ff04231974cac7920d2afad18e) Importer(2089858483,b0f066a214c2f5e87bad3c948f4d605d) (ScriptedImporter) -> (artifact id: 'b71660929ff6a54285229c5289dae750') in 0.0506943 seconds
Number of updated asset objects reloaded before import = 0Number of asset objects unloaded after import = 1

========================================================================
Received Import Request.
  Time since last request: 0.000068 seconds.
  path: Assets/Grass And Flowers Pack 1/Ground Textures/Materials/Groundplants 1_D 2372.mat
  artifactKey: Guid(756f8a2cc5fa5a64dba82e9b20b315cc) Importer(2089858483,b0f066a214c2f5e87bad3c948f4d605d)
Start importing Assets/Grass And Flowers Pack 1/Ground Textures/Materials/Groundplants 1_D 2372.mat using Guid(756f8a2cc5fa5a64dba82e9b20b315cc) Importer(2089858483,b0f066a214c2f5e87bad3c948f4d605d) (ScriptedImporter) -> (artifact id: '56f32e6a8cf20a9e1e123040019d8378') in 0.0461332 seconds
Number of updated asset objects reloaded before import = 0Number of asset objects unloaded after import = 1

========================================================================
Received Import Request.
  Time since last request: 0.000069 seconds.
  path: Assets/Grass And Flowers Pack 1/Ground Textures/Materials/Groundplants 1_D 2014.mat
  artifactKey: Guid(ae1ab4abb69c93645a666b6fd89b70c9) Importer(2089858483,b0f066a214c2f5e87bad3c948f4d605d)
Start importing Assets/Grass And Flowers Pack 1/Ground Textures/Materials/Groundplants 1_D 2014.mat using Guid(ae1ab4abb69c93645a666b6fd89b70c9) Importer(2089858483,b0f066a214c2f5e87bad3c948f4d605d) (ScriptedImporter) -> (artifact id: '6ee1ef9b0b07c9538876bb8f8e1b224b') in 0.0471243 seconds
Number of updated asset objects reloaded before import = 0Number of asset objects unloaded after import = 1

========================================================================
Received Import Request.
  Time since last request: 0.000184 seconds.
  path: Assets/Grass And Flowers Pack 1/Ground Textures/Materials/Groundplants 1_D 2388.mat
  artifactKey: Guid(509ad1fe85d16724c983ab22ed0d92d5) Importer(2089858483,b0f066a214c2f5e87bad3c948f4d605d)
Start importing Assets/Grass And Flowers Pack 1/Ground Textures/Materials/Groundplants 1_D 2388.mat using Guid(509ad1fe85d16724c983ab22ed0d92d5) Importer(2089858483,b0f066a214c2f5e87bad3c948f4d605d) (ScriptedImporter) -> (artifact id: '039e21f7078446bdd132fbacce652c6e') in 0.0570686 seconds
Number of updated asset objects reloaded before import = 0Number of asset objects unloaded after import = 1

========================================================================
Received Import Request.
  Time since last request: 0.000052 seconds.
  path: Assets/Grass And Flowers Pack 1/Ground Textures/Materials/Groundplants 1_D 2380.mat
  artifactKey: Guid(fa2321308d99a7f47ba9c22fffa679b1) Importer(2089858483,b0f066a214c2f5e87bad3c948f4d605d)
Start importing Assets/Grass And Flowers Pack 1/Ground Textures/Materials/Groundplants 1_D 2380.mat using Guid(fa2321308d99a7f47ba9c22fffa679b1) Importer(2089858483,b0f066a214c2f5e87bad3c948f4d605d) (ScriptedImporter) -> (artifact id: 'fa41195a5d6de314c6dfd92617d60a31') in 0.0453127 seconds
Number of updated asset objects reloaded before import = 0Number of asset objects unloaded after import = 1

========================================================================
Received Import Request.
  Time since last request: 0.000059 seconds.
  path: Assets/Grass And Flowers Pack 1/Ground Textures/Materials/Groundplants 1_D 2396.mat
  artifactKey: Guid(63deb21c99fa08c4e8e13c5d6b190416) Importer(2089858483,b0f066a214c2f5e87bad3c948f4d605d)
Start importing Assets/Grass And Flowers Pack 1/Ground Textures/Materials/Groundplants 1_D 2396.mat using Guid(63deb21c99fa08c4e8e13c5d6b190416) Importer(2089858483,b0f066a214c2f5e87bad3c948f4d605d) (ScriptedImporter) -> (artifact id: '4af8d471c1cb9a8ecc2c5b3bc19e95a8') in 0.038285 seconds
Number of updated asset objects reloaded before import = 0Number of asset objects unloaded after import = 1

========================================================================
Received Import Request.
  Time since last request: 0.000049 seconds.
  path: Assets/Grass And Flowers Pack 1/Ground Textures/Materials/Groundplants 1_D 2386.mat
  artifactKey: Guid(861a72989bbf9ea47bfadb66e21dde7a) Importer(2089858483,b0f066a214c2f5e87bad3c948f4d605d)
Start importing Assets/Grass And Flowers Pack 1/Ground Textures/Materials/Groundplants 1_D 2386.mat using Guid(861a72989bbf9ea47bfadb66e21dde7a) Importer(2089858483,b0f066a214c2f5e87bad3c948f4d605d) (ScriptedImporter) -> (artifact id: '14c12038d8ac881c888d8acb35bfa423') in 0.0474231 seconds
Number of updated asset objects reloaded before import = 0Number of asset objects unloaded after import = 1

========================================================================
Received Import Request.
  Time since last request: 0.000050 seconds.
  path: Assets/Grass And Flowers Pack 1/Ground Textures/Materials/Groundplants 1_D 2349.mat
  artifactKey: Guid(bd7eb4a71c484034b8934f793fb78312) Importer(2089858483,b0f066a214c2f5e87bad3c948f4d605d)
Start importing Assets/Grass And Flowers Pack 1/Ground Textures/Materials/Groundplants 1_D 2349.mat using Guid(bd7eb4a71c484034b8934f793fb78312) Importer(2089858483,b0f066a214c2f5e87bad3c948f4d605d) (ScriptedImporter) -> (artifact id: 'cad904c69d8e2e3749d22125b849b7eb') in 0.0604838 seconds
Number of updated asset objects reloaded before import = 0Number of asset objects unloaded after import = 1

========================================================================
Received Import Request.
  Time since last request: 0.000064 seconds.
  path: Assets/Grass And Flowers Pack 1/Ground Textures/Materials/Groundplants 1_D 2412.mat
  artifactKey: Guid(aa883aa86ec21a64891b48acfd3c7c2d) Importer(2089858483,b0f066a214c2f5e87bad3c948f4d605d)
Start importing Assets/Grass And Flowers Pack 1/Ground Textures/Materials/Groundplants 1_D 2412.mat using Guid(aa883aa86ec21a64891b48acfd3c7c2d) Importer(2089858483,b0f066a214c2f5e87bad3c948f4d605d) (ScriptedImporter) -> (artifact id: '914a1c1fc504666f8d2526e4cf148197') in 0.0446189 seconds
Number of updated asset objects reloaded before import = 0Number of asset objects unloaded after import = 1

========================================================================
Received Import Request.
  Time since last request: 0.000036 seconds.
  path: Assets/Grass And Flowers Pack 1/Ground Textures/Materials/Groundplants 1_D 2417.mat
  artifactKey: Guid(c94af5dce1a27ea42b7b6fe8a853310c) Importer(2089858483,b0f066a214c2f5e87bad3c948f4d605d)
Start importing Assets/Grass And Flowers Pack 1/Ground Textures/Materials/Groundplants 1_D 2417.mat using Guid(c94af5dce1a27ea42b7b6fe8a853310c) Importer(2089858483,b0f066a214c2f5e87bad3c948f4d605d) (ScriptedImporter) -> (artifact id: '46d33266134a8936d7a6bade6a5b3d00') in 0.0465294 seconds
Number of updated asset objects reloaded before import = 0Number of asset objects unloaded after import = 1

========================================================================
Received Import Request.
  Time since last request: 0.000044 seconds.
  path: Assets/Grass And Flowers Pack 1/Ground Textures/Materials/Groundplants 1_D 2426.mat
  artifactKey: Guid(677a14571a3803249a458f0764b00d6a) Importer(2089858483,b0f066a214c2f5e87bad3c948f4d605d)
Start importing Assets/Grass And Flowers Pack 1/Ground Textures/Materials/Groundplants 1_D 2426.mat using Guid(677a14571a3803249a458f0764b00d6a) Importer(2089858483,b0f066a214c2f5e87bad3c948f4d605d) (ScriptedImporter) -> (artifact id: '41fd824113f21b58798d1ef172e9f04c') in 0.0416992 seconds
Number of updated asset objects reloaded before import = 0Number of asset objects unloaded after import = 1

========================================================================
Received Import Request.
  Time since last request: 0.000072 seconds.
  path: Assets/Grass And Flowers Pack 1/Ground Textures/Materials/Groundplants 1_D 2422.mat
  artifactKey: Guid(dc57b05f96984d84fbc2fefbcc5ef7d7) Importer(2089858483,b0f066a214c2f5e87bad3c948f4d605d)
Start importing Assets/Grass And Flowers Pack 1/Ground Textures/Materials/Groundplants 1_D 2422.mat using Guid(dc57b05f96984d84fbc2fefbcc5ef7d7) Importer(2089858483,b0f066a214c2f5e87bad3c948f4d605d) (ScriptedImporter) -> (artifact id: 'de588f5f20a76a212ff0cb2f5d6c859d') in 0.0434353 seconds
Number of updated asset objects reloaded before import = 0Number of asset objects unloaded after import = 1

========================================================================
Received Import Request.
  Time since last request: 0.000041 seconds.
  path: Assets/Grass And Flowers Pack 1/Ground Textures/Materials/Groundplants 1_D 2084.mat
  artifactKey: Guid(e74fe2eb074a6b2499167cef931f44be) Importer(2089858483,b0f066a214c2f5e87bad3c948f4d605d)
Start importing Assets/Grass And Flowers Pack 1/Ground Textures/Materials/Groundplants 1_D 2084.mat using Guid(e74fe2eb074a6b2499167cef931f44be) Importer(2089858483,b0f066a214c2f5e87bad3c948f4d605d) (ScriptedImporter) -> (artifact id: '4cbbd9a83b07ec9997bba2ff8a1c1953') in 0.057277 seconds
Number of updated asset objects reloaded before import = 0Number of asset objects unloaded after import = 1

========================================================================
Received Import Request.
  Time since last request: 0.000052 seconds.
  path: Assets/Grass And Flowers Pack 1/Ground Textures/Materials/Groundplants 1_D 2436.mat
  artifactKey: Guid(78bc6e5e106a88d4ca4218fc48919b15) Importer(2089858483,b0f066a214c2f5e87bad3c948f4d605d)
Start importing Assets/Grass And Flowers Pack 1/Ground Textures/Materials/Groundplants 1_D 2436.mat using Guid(78bc6e5e106a88d4ca4218fc48919b15) Importer(2089858483,b0f066a214c2f5e87bad3c948f4d605d) (ScriptedImporter) -> (artifact id: '0573a981f1357dfd05d0b79bce358509') in 0.0419469 seconds
Number of updated asset objects reloaded before import = 0Number of asset objects unloaded after import = 1

========================================================================
Received Import Request.
  Time since last request: 0.000072 seconds.
  path: Assets/Grass And Flowers Pack 1/Ground Textures/Materials/Groundplants 1_D 2440.mat
  artifactKey: Guid(acfa233f2fd803d4f8bd59bd3127a095) Importer(2089858483,b0f066a214c2f5e87bad3c948f4d605d)
Start importing Assets/Grass And Flowers Pack 1/Ground Textures/Materials/Groundplants 1_D 2440.mat using Guid(acfa233f2fd803d4f8bd59bd3127a095) Importer(2089858483,b0f066a214c2f5e87bad3c948f4d605d) (ScriptedImporter) -> (artifact id: 'b253984bb0708b3d32d0d33ff90c226d') in 0.0375908 seconds
Number of updated asset objects reloaded before import = 0Number of asset objects unloaded after import = 1

========================================================================
Received Import Request.
  Time since last request: 0.000032 seconds.
  path: Assets/Grass And Flowers Pack 1/Ground Textures/Materials/Groundplants 1_D 2445.mat
  artifactKey: Guid(c0731507090c6fb4485a1f7dec269668) Importer(2089858483,b0f066a214c2f5e87bad3c948f4d605d)
Start importing Assets/Grass And Flowers Pack 1/Ground Textures/Materials/Groundplants 1_D 2445.mat using Guid(c0731507090c6fb4485a1f7dec269668) Importer(2089858483,b0f066a214c2f5e87bad3c948f4d605d) (ScriptedImporter) -> (artifact id: '51f93c82559d49cae113a7e5f9f2c237') in 0.0374471 seconds
Number of updated asset objects reloaded before import = 0Number of asset objects unloaded after import = 1

========================================================================
Received Import Request.
  Time since last request: 0.000041 seconds.
  path: Assets/Grass And Flowers Pack 1/Ground Textures/Materials/Groundplants 1_D 2446.mat
  artifactKey: Guid(e384fc236cf2c1447963478f60ff1165) Importer(2089858483,b0f066a214c2f5e87bad3c948f4d605d)
Start importing Assets/Grass And Flowers Pack 1/Ground Textures/Materials/Groundplants 1_D 2446.mat using Guid(e384fc236cf2c1447963478f60ff1165) Importer(2089858483,b0f066a214c2f5e87bad3c948f4d605d) (ScriptedImporter) -> (artifact id: '821fe3f898ddab24797d760fde2de3cd') in 0.0496462 seconds
Number of updated asset objects reloaded before import = 0Number of asset objects unloaded after import = 1

========================================================================
Received Import Request.
  Time since last request: 0.000071 seconds.
  path: Assets/Grass And Flowers Pack 1/Ground Textures/Materials/Groundplants 1_D 2060.mat
  artifactKey: Guid(c056fe4d1bfd34e45a7c4782d6e12072) Importer(2089858483,b0f066a214c2f5e87bad3c948f4d605d)
Start importing Assets/Grass And Flowers Pack 1/Ground Textures/Materials/Groundplants 1_D 2060.mat using Guid(c056fe4d1bfd34e45a7c4782d6e12072) Importer(2089858483,b0f066a214c2f5e87bad3c948f4d605d) (ScriptedImporter) -> (artifact id: 'b0717f788d9a059db7002911dd928980') in 0.038011 seconds
Number of updated asset objects reloaded before import = 0Number of asset objects unloaded after import = 1

========================================================================
Received Import Request.
  Time since last request: 0.000047 seconds.
  path: Assets/Grass And Flowers Pack 1/Ground Textures/Materials/Groundplants 1_D 2464.mat
  artifactKey: Guid(0571bb6ca437f4b4294914561622b369) Importer(2089858483,b0f066a214c2f5e87bad3c948f4d605d)
Start importing Assets/Grass And Flowers Pack 1/Ground Textures/Materials/Groundplants 1_D 2464.mat using Guid(0571bb6ca437f4b4294914561622b369) Importer(2089858483,b0f066a214c2f5e87bad3c948f4d605d) (ScriptedImporter) -> (artifact id: 'eda34f688cf0d65c21dbc1d8af356619') in 0.0931809 seconds
Number of updated asset objects reloaded before import = 0Number of asset objects unloaded after import = 1

========================================================================
Received Import Request.
  Time since last request: 0.000047 seconds.
  path: Assets/Grass And Flowers Pack 1/Ground Textures/Materials/Groundplants 1_D 2460.mat
  artifactKey: Guid(a061d4f4e77d91c41af92baa14782b77) Importer(2089858483,b0f066a214c2f5e87bad3c948f4d605d)
Start importing Assets/Grass And Flowers Pack 1/Ground Textures/Materials/Groundplants 1_D 2460.mat using Guid(a061d4f4e77d91c41af92baa14782b77) Importer(2089858483,b0f066a214c2f5e87bad3c948f4d605d) (ScriptedImporter) -> (artifact id: '4fc2ab9130cd7059730c335039e16593') in 0.0477254 seconds
Number of updated asset objects reloaded before import = 0Number of asset objects unloaded after import = 1

========================================================================
Received Import Request.
  Time since last request: 0.000065 seconds.
  path: Assets/Grass And Flowers Pack 1/Ground Textures/Materials/Groundplants 1_D 2466.mat
  artifactKey: Guid(da57bd1eb99b6014881315812886c0a1) Importer(2089858483,b0f066a214c2f5e87bad3c948f4d605d)
Start importing Assets/Grass And Flowers Pack 1/Ground Textures/Materials/Groundplants 1_D 2466.mat using Guid(da57bd1eb99b6014881315812886c0a1) Importer(2089858483,b0f066a214c2f5e87bad3c948f4d605d) (ScriptedImporter) -> (artifact id: 'fc792bc8bf0346b8a74183573528e43c') in 0.0456833 seconds
Number of updated asset objects reloaded before import = 0Number of asset objects unloaded after import = 1

========================================================================
Received Import Request.
  Time since last request: 0.000039 seconds.
  path: Assets/Grass And Flowers Pack 1/Ground Textures/Materials/Groundplants 1_D 2176.mat
  artifactKey: Guid(a0267c113d959da4f9d65bb52e1fd815) Importer(2089858483,b0f066a214c2f5e87bad3c948f4d605d)
Start importing Assets/Grass And Flowers Pack 1/Ground Textures/Materials/Groundplants 1_D 2176.mat using Guid(a0267c113d959da4f9d65bb52e1fd815) Importer(2089858483,b0f066a214c2f5e87bad3c948f4d605d) (ScriptedImporter) -> (artifact id: '5a93aa20d84ba312dea3ae34426130ec') in 0.0473454 seconds
Number of updated asset objects reloaded before import = 0Number of asset objects unloaded after import = 1

========================================================================
Received Import Request.
  Time since last request: 0.000050 seconds.
  path: Assets/Grass And Flowers Pack 1/Ground Textures/Materials/Groundplants 1_D 2048.mat
  artifactKey: Guid(d8cf8076988f99a4892c4346e82e372a) Importer(2089858483,b0f066a214c2f5e87bad3c948f4d605d)
Start importing Assets/Grass And Flowers Pack 1/Ground Textures/Materials/Groundplants 1_D 2048.mat using Guid(d8cf8076988f99a4892c4346e82e372a) Importer(2089858483,b0f066a214c2f5e87bad3c948f4d605d) (ScriptedImporter) -> (artifact id: 'dd6a22618f1bc900280e6b964ccd07fd') in 0.0484672 seconds
Number of updated asset objects reloaded before import = 0Number of asset objects unloaded after import = 1

========================================================================
Received Import Request.
  Time since last request: 0.000074 seconds.
  path: Assets/Grass And Flowers Pack 1/Ground Textures/Materials/Groundplants 1_D 2199.mat
  artifactKey: Guid(37898fd9117dc414b906b3ac165c2175) Importer(2089858483,b0f066a214c2f5e87bad3c948f4d605d)
Start importing Assets/Grass And Flowers Pack 1/Ground Textures/Materials/Groundplants 1_D 2199.mat using Guid(37898fd9117dc414b906b3ac165c2175) Importer(2089858483,b0f066a214c2f5e87bad3c948f4d605d) (ScriptedImporter) -> (artifact id: '569bf6bb9eed98cd193e64397176c91e') in 0.0451818 seconds
Number of updated asset objects reloaded before import = 0Number of asset objects unloaded after import = 1

========================================================================
Received Import Request.
  Time since last request: 0.000045 seconds.
  path: Assets/Grass And Flowers Pack 1/Ground Textures/Materials/Groundplants 1_D 2233.mat
  artifactKey: Guid(7c4199b529dadb541ab287055e9d65a9) Importer(2089858483,b0f066a214c2f5e87bad3c948f4d605d)
Start importing Assets/Grass And Flowers Pack 1/Ground Textures/Materials/Groundplants 1_D 2233.mat using Guid(7c4199b529dadb541ab287055e9d65a9) Importer(2089858483,b0f066a214c2f5e87bad3c948f4d605d) (ScriptedImporter) -> (artifact id: 'df7a04aaf58ac61b352f7fadb9639001') in 0.0546309 seconds
Number of updated asset objects reloaded before import = 0Number of asset objects unloaded after import = 1

========================================================================
Received Import Request.
  Time since last request: 0.000047 seconds.
  path: Assets/Grass And Flowers Pack 1/Ground Textures/Materials/Groundplants 1_D 2323.mat
  artifactKey: Guid(127568ac18b4c364d90ab6015bf6d449) Importer(2089858483,b0f066a214c2f5e87bad3c948f4d605d)
Start importing Assets/Grass And Flowers Pack 1/Ground Textures/Materials/Groundplants 1_D 2323.mat using Guid(127568ac18b4c364d90ab6015bf6d449) Importer(2089858483,b0f066a214c2f5e87bad3c948f4d605d) (ScriptedImporter) -> (artifact id: '7b43499260cf478cb967edb132a211f6') in 0.0424173 seconds
Number of updated asset objects reloaded before import = 0Number of asset objects unloaded after import = 1

========================================================================
Received Import Request.
  Time since last request: 0.000072 seconds.
  path: Assets/Grass And Flowers Pack 1/Ground Textures/Materials/Groundplants 1_D 2322.mat
  artifactKey: Guid(6acf868cf3c45534b907772e9d622014) Importer(2089858483,b0f066a214c2f5e87bad3c948f4d605d)
Start importing Assets/Grass And Flowers Pack 1/Ground Textures/Materials/Groundplants 1_D 2322.mat using Guid(6acf868cf3c45534b907772e9d622014) Importer(2089858483,b0f066a214c2f5e87bad3c948f4d605d) (ScriptedImporter) -> (artifact id: 'b15a76e4eac76eb28c40aa9372973569') in 0.0454749 seconds
Number of updated asset objects reloaded before import = 0Number of asset objects unloaded after import = 1

========================================================================
Received Import Request.
  Time since last request: 0.000043 seconds.
  path: Assets/Grass And Flowers Pack 1/Ground Textures/Materials/Groundplants 1_D 2106.mat
  artifactKey: Guid(49d609ed51960ce4fba0504f58e7b2aa) Importer(2089858483,b0f066a214c2f5e87bad3c948f4d605d)
Start importing Assets/Grass And Flowers Pack 1/Ground Textures/Materials/Groundplants 1_D 2106.mat using Guid(49d609ed51960ce4fba0504f58e7b2aa) Importer(2089858483,b0f066a214c2f5e87bad3c948f4d605d) (ScriptedImporter) -> (artifact id: 'ea78aa67102613a3864aec2e9ea29753') in 0.0573927 seconds
Number of updated asset objects reloaded before import = 0Number of asset objects unloaded after import = 1

========================================================================
Received Import Request.
  Time since last request: 0.000043 seconds.
  path: Assets/Grass And Flowers Pack 1/Ground Textures/Materials/Groundplants 1_D 1992.mat
  artifactKey: Guid(9b57b884838aca24f92e4389a86e9661) Importer(2089858483,b0f066a214c2f5e87bad3c948f4d605d)
Start importing Assets/Grass And Flowers Pack 1/Ground Textures/Materials/Groundplants 1_D 1992.mat using Guid(9b57b884838aca24f92e4389a86e9661) Importer(2089858483,b0f066a214c2f5e87bad3c948f4d605d) (ScriptedImporter) -> (artifact id: '489bca65050beb9617b2da6b2872283e') in 0.0524468 seconds
Number of updated asset objects reloaded before import = 0Number of asset objects unloaded after import = 1

========================================================================
Received Import Request.
  Time since last request: 0.000056 seconds.
  path: Assets/Grass And Flowers Pack 1/Ground Textures/Materials/Groundplants 1_D 2255.mat
  artifactKey: Guid(9b61b771eb317d340926e76141257f38) Importer(2089858483,b0f066a214c2f5e87bad3c948f4d605d)
Start importing Assets/Grass And Flowers Pack 1/Ground Textures/Materials/Groundplants 1_D 2255.mat using Guid(9b61b771eb317d340926e76141257f38) Importer(2089858483,b0f066a214c2f5e87bad3c948f4d605d) (ScriptedImporter) -> (artifact id: 'f96572d12ee516cc9979956926e6c4ff') in 0.1088103 seconds
Number of updated asset objects reloaded before import = 0Number of asset objects unloaded after import = 1

========================================================================
Received Import Request.
  Time since last request: 0.000053 seconds.
  path: Assets/Grass And Flowers Pack 1/Ground Textures/Materials/Groundplants 1_D 2185.mat
  artifactKey: Guid(21ccf7261260cc74c9db82c6520c97ff) Importer(2089858483,b0f066a214c2f5e87bad3c948f4d605d)
Start importing Assets/Grass And Flowers Pack 1/Ground Textures/Materials/Groundplants 1_D 2185.mat using Guid(21ccf7261260cc74c9db82c6520c97ff) Importer(2089858483,b0f066a214c2f5e87bad3c948f4d605d) (ScriptedImporter) -> (artifact id: 'a7fc299fc254f891e04e94340eb88e24') in 0.0508493 seconds
Number of updated asset objects reloaded before import = 0Number of asset objects unloaded after import = 1

========================================================================
Received Import Request.
  Time since last request: 0.000060 seconds.
  path: Assets/Grass And Flowers Pack 1/Ground Textures/Materials/Groundplants 1_D 2451.mat
  artifactKey: Guid(a139d154fd520554882b7cf317e44955) Importer(2089858483,b0f066a214c2f5e87bad3c948f4d605d)
Start importing Assets/Grass And Flowers Pack 1/Ground Textures/Materials/Groundplants 1_D 2451.mat using Guid(a139d154fd520554882b7cf317e44955) Importer(2089858483,b0f066a214c2f5e87bad3c948f4d605d) (ScriptedImporter) -> (artifact id: '237d3104b22cfd29523841bb33594dfc') in 0.0388591 seconds
Number of updated asset objects reloaded before import = 0Number of asset objects unloaded after import = 1

========================================================================
Received Import Request.
  Time since last request: 0.000046 seconds.
  path: Assets/Grass And Flowers Pack 1/Ground Textures/Materials/Groundplants 1_D 2307.mat
  artifactKey: Guid(de5040147ba0b6c498984cb4efbb1e62) Importer(2089858483,b0f066a214c2f5e87bad3c948f4d605d)
Start importing Assets/Grass And Flowers Pack 1/Ground Textures/Materials/Groundplants 1_D 2307.mat using Guid(de5040147ba0b6c498984cb4efbb1e62) Importer(2089858483,b0f066a214c2f5e87bad3c948f4d605d) (ScriptedImporter) -> (artifact id: 'bf0054fac9c1cd8ab69b13d37b2fb7d3') in 0.0387096 seconds
Number of updated asset objects reloaded before import = 0Number of asset objects unloaded after import = 1

========================================================================
Received Import Request.
  Time since last request: 0.000073 seconds.
  path: Assets/Grass And Flowers Pack 1/Ground Textures/Materials/Groundplants 1_D 1993.mat
  artifactKey: Guid(b8996cf7629356448bd64d7a3a15dc50) Importer(2089858483,b0f066a214c2f5e87bad3c948f4d605d)
Start importing Assets/Grass And Flowers Pack 1/Ground Textures/Materials/Groundplants 1_D 1993.mat using Guid(b8996cf7629356448bd64d7a3a15dc50) Importer(2089858483,b0f066a214c2f5e87bad3c948f4d605d) (ScriptedImporter) -> (artifact id: 'b6c384fe6894f48ec60a1777f6a61d0d') in 0.0409276 seconds
Number of updated asset objects reloaded before import = 0Number of asset objects unloaded after import = 1

========================================================================
Received Import Request.
  Time since last request: 0.000117 seconds.
  path: Assets/Grass And Flowers Pack 1/Ground Textures/Materials/Groundplants 1_D 2113.mat
  artifactKey: Guid(e2dcaac55e0c44b4da92fac2817a7e69) Importer(2089858483,b0f066a214c2f5e87bad3c948f4d605d)
Start importing Assets/Grass And Flowers Pack 1/Ground Textures/Materials/Groundplants 1_D 2113.mat using Guid(e2dcaac55e0c44b4da92fac2817a7e69) Importer(2089858483,b0f066a214c2f5e87bad3c948f4d605d) (ScriptedImporter) -> (artifact id: 'f61ad109a0a556917ce00aa2ee41f3e8') in 0.044824 seconds
Number of updated asset objects reloaded before import = 0Number of asset objects unloaded after import = 1

========================================================================
Received Import Request.
  Time since last request: 0.000051 seconds.
  path: Assets/Grass And Flowers Pack 1/Ground Textures/Materials/Groundplants 1_D 2299.mat
  artifactKey: Guid(08092e37f41ec164aac89f56900a32d4) Importer(2089858483,b0f066a214c2f5e87bad3c948f4d605d)
Start importing Assets/Grass And Flowers Pack 1/Ground Textures/Materials/Groundplants 1_D 2299.mat using Guid(08092e37f41ec164aac89f56900a32d4) Importer(2089858483,b0f066a214c2f5e87bad3c948f4d605d) (ScriptedImporter) -> (artifact id: '096d5ddffb353ce2ff524e6f36929598') in 0.0381856 seconds
Number of updated asset objects reloaded before import = 0Number of asset objects unloaded after import = 1

========================================================================
Received Import Request.
  Time since last request: 0.000089 seconds.
  path: Assets/Grass And Flowers Pack 1/Ground Textures/Materials/Groundplants 1_D 2383.mat
  artifactKey: Guid(4540ccc9a26c56142a70bc776ca58111) Importer(2089858483,b0f066a214c2f5e87bad3c948f4d605d)
Start importing Assets/Grass And Flowers Pack 1/Ground Textures/Materials/Groundplants 1_D 2383.mat using Guid(4540ccc9a26c56142a70bc776ca58111) Importer(2089858483,b0f066a214c2f5e87bad3c948f4d605d) (ScriptedImporter) -> (artifact id: '5219eb444e14db5c658915fa5749d2dc') in 0.0434116 seconds
Number of updated asset objects reloaded before import = 0Number of asset objects unloaded after import = 1

========================================================================
Received Import Request.
  Time since last request: 0.000043 seconds.
  path: Assets/Grass And Flowers Pack 1/Ground Textures/Materials/Groundplants 1_D 2131.mat
  artifactKey: Guid(68e3f558b22355249ab7d3ad561c0eee) Importer(2089858483,b0f066a214c2f5e87bad3c948f4d605d)
Start importing Assets/Grass And Flowers Pack 1/Ground Textures/Materials/Groundplants 1_D 2131.mat using Guid(68e3f558b22355249ab7d3ad561c0eee) Importer(2089858483,b0f066a214c2f5e87bad3c948f4d605d) (ScriptedImporter) -> (artifact id: 'b22cabdeee0c9d5fd6bf1ced51cdbd28') in 0.0533097 seconds
Number of updated asset objects reloaded before import = 0Number of asset objects unloaded after import = 1

Editor requested this worker to shutdown with reason: Scaling down because of idle timeout
AssetImportWorker is now disconnected from the server
Process exiting
Exiting without the bug reporter. Application will terminate with return code 0