[Licensing::Module] Trying to connect to existing licensing client channel...
Built from '6000.3/staging' branch; Version is '6000.3.11f1 (3000ef702840) revision 3145967'; Using compiler version '194234433'; Build Type 'Release'
[Licensing::IpcConnector] Successfully connected to: "LicenseClient-hafiza" at "2026-09-14T21:53:37.2188478Z"
OS: 'Windows 11  (10.0.26200) Core' Language: 'en' Physical Memory: 15991 MB
BatchMode: 1, IsHumanControllingUs: 0, StartBugReporterOnCrash: 0, Is64bit: 1
System  architecture: x64
Process architecture: x64
Date: 2026-09-14T21:53:37Z

COMMAND LINE ARGUMENTS:
C:\Program Files\Unity\Hub\Editor\6000.3.11f1\Editor\Unity.exe
-adb2
-batchMode
-noUpm
-name
AssetImportWorker14
-projectPath
C:/Users/hafiz/OneDrive/Documents/InterfacePrototype2026/InterfacePrototype2026
-logFile
Logs/AssetImportWorker14.log
-srvPort
54325
-licensingIpc
LicenseClient-hafiza
-job-worker-count
9
-background-job-worker-count
8
-gc-helper-count
1
-name
AssetImport
Successfully changed project path to: C:/Users/hafiz/OneDrive/Documents/InterfacePrototype2026/InterfacePrototype2026
C:/Users/hafiz/OneDrive/Documents/InterfacePrototype2026/InterfacePrototype2026
[UnityMemory] Configuration Parameters - Can be set up in boot.config
    "memorysetup-temp-allocator-size-nav-mesh-worker=65536"
    "memorysetup-temp-allocator-size-audio-worker=65536"
    "memorysetup-temp-allocator-size-gfx=262144"
    "memorysetup-allocator-temp-initial-block-size-main=262144"
    "memorysetup-allocator-temp-initial-block-size-worker=262144"
    "memorysetup-temp-allocator-size-background-worker=32768"
    "memorysetup-temp-allocator-size-job-worker=262144"
    "memorysetup-temp-allocator-size-preload-manager=33554432"
    "memorysetup-temp-allocator-size-gi-baking-worker=262144"
    "memorysetup-temp-allocator-size-gi-baking-worker=262144"
    "memorysetup-temp-allocator-size-gi-baking-worker=262144"
    "memorysetup-temp-allocator-size-gi-baking-worker=262144"
    "memorysetup-temp-allocator-size-gi-baking-worker=262144"
    "memorysetup-bucket-allocator-granularity=16"
    "memorysetup-bucket-allocator-bucket-count=8"
    "memorysetup-bucket-allocator-block-size=33554432"
    "memorysetup-bucket-allocator-block-count=8"
    "memorysetup-main-allocator-block-size=16777216"
    "memorysetup-thread-allocator-block-size=16777216"
    "memorysetup-gfx-main-allocator-block-size=16777216"
    "memorysetup-gfx-thread-allocator-block-size=16777216"
    "memorysetup-cache-allocator-block-size=4194304"
    "memorysetup-typetree-allocator-block-size=2097152"
    "memorysetup-profiler-bucket-allocator-granularity=16"
    "memorysetup-profiler-bucket-allocator-bucket-count=8"
    "memorysetup-profiler-bucket-allocator-block-size=33554432"
    "memorysetup-profiler-bucket-allocator-block-count=8"
    "memorysetup-profiler-allocator-block-size=16777216"
    "memorysetup-profiler-editor-allocator-block-size=1048576"
    "memorysetup-temp-allocator-size-main=16777216"
    "memorysetup-job-temp-allocator-block-size=2097152"
    "memorysetup-job-temp-allocator-block-size-background=1048576"
    "memorysetup-job-temp-allocator-reduction-small-platforms=262144"
    "memorysetup-temp-allocator-size-cloud-worker=32768"
Player connection [34068]  Target information:

Player connection [34068]  * "[IP] 192.168.0.15 [Port] 0 [Flags] 2 [Guid] 2063712358 [EditorId] 2063712358 [Version] 1048832 [Id] WindowsEditor(7,_H_Rahman_) [Debug] 1 [PackageName] WindowsEditor [ProjectName] Editor" 

Player connection [34068] Host joined multi-casting on [225.0.0.222:54997]...
Player connection [34068] Host joined alternative multi-casting on [225.0.0.222:34997]...
JobSystem: Creating JobQueue using job-worker-count value 9
Input System module state changed to: Initialized.
[Physics::Module] Initialized fallback backend.
[Physics::Module] Id: 0xdecafbad
Library Redirect Path: Library/
[Physics::Module] Selected backend.
[Physics::Module] Name: PhysX
[Physics::Module] Id: 0xf2b8ea05
[Physics::Module] SDK Version: 4.1.2
[Physics::Module] Integration Version: 1.0.0
[Physics::Module] Threading Mode: Multi-Threaded
Refreshing native plugins compatible for Editor in 15.59 ms, found 3 plugins.
Preloading 0 native plugins for Editor in 0.00 ms.
Initialize engine version: 6000.3.11f1 (3000ef702840)
[Subsystems] Discovering subsystems at path C:/Program Files/Unity/Hub/Editor/6000.3.11f1/Editor/Data/Resources/UnitySubsystems
[Subsystems] Discovering subsystems at path C:/Users/hafiz/OneDrive/Documents/InterfacePrototype2026/InterfacePrototype2026/Assets
GfxDevice: creating device client; kGfxThreadingModeNonThreaded
Direct3D:
    Version:  Direct3D 11.0 [level 11.1]
    Renderer: Intel(R) Iris(R) Xe Graphics (ID=0xa7a0)
    Vendor:   Intel
    VRAM:     7995 MB
    Driver:   31.0.101.4255
Initialize mono
Mono path[0] = 'C:/Program Files/Unity/Hub/Editor/6000.3.11f1/Editor/Data/Managed'
Mono path[1] = 'C:/Program Files/Unity/Hub/Editor/6000.3.11f1/Editor/Data/MonoBleedingEdge/lib/mono/unityjit-win32'
Mono config path = 'C:/Program Files/Unity/Hub/Editor/6000.3.11f1/Editor/Data/MonoBleedingEdge/etc'
Using monoOptions --debugger-agent=transport=dt_socket,embedding=1,server=y,suspend=n,address=127.0.0.1:56764
Begin MonoManager ReloadAssembly
Registering precompiled unity dll's ...
Register platform support module: C:/Program Files/Unity/Hub/Editor/6000.3.11f1/Editor/Data/PlaybackEngines/WebGLSupport/UnityEditor.WebGL.Extensions.dll
Register platform support module: C:/Program Files/Unity/Hub/Editor/6000.3.11f1/Editor/Data/PlaybackEngines/WindowsStandaloneSupport/UnityEditor.WindowsStandalone.Extensions.dll
Registered in 0.007104 seconds.
[Licensing::Client] Error: HandshakeResponse reported an error:
	ResponseCode: 505
	ResponseStatus: Unsupported protocol version '1.18.0'.
[Licensing::Module] Error: Failed to handshake to channel: "LicenseClient-hafiza"
[Licensing::IpcConnector] LicenseClient-hafiza channel disconnected successfully.
[Licensing::IpcConnector] Successfully connected to: "LicenseClient-hafiza-6000.3.11" at "2026-09-14T21:53:41.2627223Z"
- Loaded All Assemblies, in  1.544 seconds
Native extension for WindowsStandalone target not found
Native extension for WebGL target not found
[Licensing::Client] Handshaking with LicensingClient:
  Version:                 1.18.0+23225a6
  Session Id:              9acb9c59fb5e4f2f8a0fa52bc2d5af85
  Correlation Id:          5ce078cdaeeff014a621325577cdbfb1
  External correlation Id: 5142096373050226042
  Machine Id:              IYw+UpfriCb3QdPui4rZhOquAz8=
[Licensing::Module] Successfully connected to LicensingClient on channel: "LicenseClient-hafiza-6000.3.11" (connect: 0.00s, validation: 0.01s, handshake: 0.51s)
[Licensing::IpcConnector] Successfully connected to: "LicenseClient-hafiza-6000.3.11-notifications" at "2026-09-14T21:53:41.7737926Z"
[Licensing::Module] Licensing Background thread has ended after 4.56s
Package Manager log level set to [2]
[Package Manager] Failed to launch server process. Reason: Unity was launched with the -noUpm command-line argument
[Package Manager] Unable to send message (not connected to server process).
[Package Manager] Cannot connect to Unity Package Manager local server
ScheduleIndexationOnStartup MainProcess:False IndexOnStartup:True
Mono: successfully reloaded assembly
- Finished resetting the current domain, in  1.537 seconds
Domain Reload Profiling: 3075ms
	BeginReloadAssembly (608ms)
		ExecutionOrderSort (0ms)
		DisableScriptedObjects (0ms)
		BackupInstance (0ms)
		ReleaseScriptingObjects (0ms)
		CreateAndSetChildDomain (2ms)
	RebuildCommonClasses (120ms)
	RebuildNativeTypeToScriptingClass (36ms)
	initialDomainReloadingComplete (163ms)
	LoadAllAssembliesAndSetupDomain (608ms)
		LoadAssemblies (602ms)
		RebuildTransferFunctionScriptingTraits (0ms)
		AnalyzeDomain (597ms)
			TypeCache.Refresh (592ms)
				TypeCache.ScanAssembly (555ms)
			BuildScriptInfoCaches (0ms)
			ResolveRequiredComponents (1ms)
	FinalizeReload (1539ms)
		ReleaseScriptCaches (0ms)
		RebuildScriptCaches (0ms)
		SetupLoadedEditorAssemblies (1346ms)
			LogAssemblyErrors (0ms)
			InitializePlatformSupportModulesInManaged (208ms)
			SetLoadedEditorAssemblies (15ms)
			BeforeProcessingInitializeOnLoad (301ms)
			ProcessInitializeOnLoadAttributes (517ms)
			ProcessInitializeOnLoadMethodAttributes (305ms)
			AfterProcessingInitializeOnLoad (0ms)
			EditorAssembliesLoaded (0ms)
		ExecutionOrderSort2 (0ms)
		AwakeInstancesAfterBackupRestoration (0ms)
========================================================================
Worker process is ready to serve import requests
Import Worker Mode flag is 0x00
Begin MonoManager ReloadAssembly
[Licensing::Client] Successfully resolved entitlement details
[Licensing::Module] License group:
  Id: F4-9Y4C-3YWY-AHYA-9WWZ-XXXX
  Product: Unity Personal
  Type: ULF
  Expiration: Unlimited
[Licensing::Module] License group:
  Id: 5773043619592-UnityPersXXXX
  Product: Unity Personal
  Type: Assigned
  Expiration: Unlimited
- Loaded All Assemblies, in  3.124 seconds
Refreshing native plugins compatible for Editor in 3.11 ms, found 3 plugins.
Native extension for WindowsStandalone target not found
Native extension for WebGL target not found
[Package Manager] Failed to launch server process. Reason: Unity was launched with the -noUpm command-line argument
[Package Manager] Unable to send message (not connected to server process).
[Package Manager] Cannot connect to Unity Package Manager local server
[Package Manager] Failed to launch server process. Reason: Unity was launched with the -noUpm command-line argument
[Package Manager] Unable to send message (not connected to server process).
[Package Manager] Cannot connect to Unity Package Manager local server
ScheduleIndexationOnStartup MainProcess:False IndexOnStartup:True
Mono: successfully reloaded assembly
- Finished resetting the current domain, in  2.972 seconds
Domain Reload Profiling: 6087ms
	BeginReloadAssembly (644ms)
		ExecutionOrderSort (0ms)
		DisableScriptedObjects (27ms)
		BackupInstance (0ms)
		ReleaseScriptingObjects (0ms)
		CreateAndSetChildDomain (66ms)
	RebuildCommonClasses (124ms)
	RebuildNativeTypeToScriptingClass (67ms)
	initialDomainReloadingComplete (130ms)
	LoadAllAssembliesAndSetupDomain (2148ms)
		LoadAssemblies (1528ms)
		RebuildTransferFunctionScriptingTraits (0ms)
		AnalyzeDomain (996ms)
			TypeCache.Refresh (630ms)
				TypeCache.ScanAssembly (593ms)
			BuildScriptInfoCaches (304ms)
			ResolveRequiredComponents (47ms)
	FinalizeReload (2974ms)
		ReleaseScriptCaches (0ms)
		RebuildScriptCaches (0ms)
		SetupLoadedEditorAssemblies (2222ms)
			LogAssemblyErrors (0ms)
			InitializePlatformSupportModulesInManaged (9ms)
			SetLoadedEditorAssemblies (15ms)
			BeforeProcessingInitializeOnLoad (410ms)
			ProcessInitializeOnLoadAttributes (1480ms)
			ProcessInitializeOnLoadMethodAttributes (290ms)
			AfterProcessingInitializeOnLoad (17ms)
			EditorAssembliesLoaded (1ms)
		ExecutionOrderSort2 (0ms)
		AwakeInstancesAfterBackupRestoration (32ms)
Launched and connected shader compiler UnityShaderCompiler.exe after 0.04 seconds
Refreshing native plugins compatible for Editor in 3.76 ms, found 3 plugins.
Preloading 0 native plugins for Editor in 0.00 ms.
Unloading 28 Unused Serialized files (Serialized files now loaded: 0)
Unloading 6422 unused Assets / (6.4 MB). Loaded Objects now: 7272.
Memory consumption went from 170.1 MB to 163.6 MB.
Total: 23.006800 ms (FindLiveObjects: 1.109800 ms CreateObjectMapping: 1.157900 ms MarkObjects: 14.163600 ms  DeleteObjects: 6.571700 ms)

========================================================================
Received Import Request.
  Time since last request: 178395.066778 seconds.
  path: Assets/Grass And Flowers Pack 1/Ground Textures/Materials/Groundplants 1_D 1004.mat
  artifactKey: Guid(1b81dd9d8ab6809409b7cd83bae870cb) Importer(2089858483,b0f066a214c2f5e87bad3c948f4d605d)
Start importing Assets/Grass And Flowers Pack 1/Ground Textures/Materials/Groundplants 1_D 1004.mat using Guid(1b81dd9d8ab6809409b7cd83bae870cb) Importer(2089858483,b0f066a214c2f5e87bad3c948f4d605d) (ScriptedImporter) -> (artifact id: '92e463d3ee2ba2e8d0fc0833c3bba5d9') in 0.4669255 seconds
Number of updated asset objects reloaded before import = 0Number of asset objects unloaded after import = 1

========================================================================
Received Import Request.
  Time since last request: 0.000063 seconds.
  path: Assets/Grass And Flowers Pack 1/Ground Textures/Materials/Groundplants 1_D 1081.mat
  artifactKey: Guid(4a57b2610ca7ee949bac10872c44e14f) Importer(2089858483,b0f066a214c2f5e87bad3c948f4d605d)
Start importing Assets/Grass And Flowers Pack 1/Ground Textures/Materials/Groundplants 1_D 1081.mat using Guid(4a57b2610ca7ee949bac10872c44e14f) Importer(2089858483,b0f066a214c2f5e87bad3c948f4d605d) (ScriptedImporter) -> (artifact id: '6c56eafb59ae50de29faa49ec6fe8a4c') in 0.0560033 seconds
Number of updated asset objects reloaded before import = 0Number of asset objects unloaded after import = 1

========================================================================
Received Import Request.
  Time since last request: 0.000056 seconds.
  path: Assets/Grass And Flowers Pack 1/Ground Textures/Materials/Groundplants 1_D 1047.mat
  artifactKey: Guid(9c5cafb757ebdc748ace5a3a28be7b78) Importer(2089858483,b0f066a214c2f5e87bad3c948f4d605d)
Start importing Assets/Grass And Flowers Pack 1/Ground Textures/Materials/Groundplants 1_D 1047.mat using Guid(9c5cafb757ebdc748ace5a3a28be7b78) Importer(2089858483,b0f066a214c2f5e87bad3c948f4d605d) (ScriptedImporter) -> (artifact id: '09a1ee3f5268554eda8fd5a6452f6cdf') in 0.0657658 seconds
Number of updated asset objects reloaded before import = 0Number of asset objects unloaded after import = 1

========================================================================
Received Import Request.
  Time since last request: 0.000045 seconds.
  path: Assets/Grass And Flowers Pack 1/Ground Textures/Materials/Groundplants 1_D 1128.mat
  artifactKey: Guid(fd38df5b8e818324ca9c54f73f34e30e) Importer(2089858483,b0f066a214c2f5e87bad3c948f4d605d)
Start importing Assets/Grass And Flowers Pack 1/Ground Textures/Materials/Groundplants 1_D 1128.mat using Guid(fd38df5b8e818324ca9c54f73f34e30e) Importer(2089858483,b0f066a214c2f5e87bad3c948f4d605d) (ScriptedImporter) -> (artifact id: 'cc4ef64051b2739125abe8b1f84a28b6') in 0.0780024 seconds
Number of updated asset objects reloaded before import = 0Number of asset objects unloaded after import = 1

========================================================================
Received Import Request.
  Time since last request: 0.000079 seconds.
  path: Assets/Grass And Flowers Pack 1/Ground Textures/Materials/Groundplants 1_D 1141.mat
  artifactKey: Guid(21726e15b785b024fb490b670a3340c0) Importer(2089858483,b0f066a214c2f5e87bad3c948f4d605d)
Start importing Assets/Grass And Flowers Pack 1/Ground Textures/Materials/Groundplants 1_D 1141.mat using Guid(21726e15b785b024fb490b670a3340c0) Importer(2089858483,b0f066a214c2f5e87bad3c948f4d605d) (ScriptedImporter) -> (artifact id: 'd208e121b6dafe4173bde23a9d9884ae') in 0.0856943 seconds
Number of updated asset objects reloaded before import = 0Number of asset objects unloaded after import = 1

========================================================================
Received Import Request.
  Time since last request: 0.000039 seconds.
  path: Assets/Grass And Flowers Pack 1/Ground Textures/Materials/Groundplants 1_D 1168.mat
  artifactKey: Guid(5f4f3845d11406d4eb0a58cf68c8b7a4) Importer(2089858483,b0f066a214c2f5e87bad3c948f4d605d)
Start importing Assets/Grass And Flowers Pack 1/Ground Textures/Materials/Groundplants 1_D 1168.mat using Guid(5f4f3845d11406d4eb0a58cf68c8b7a4) Importer(2089858483,b0f066a214c2f5e87bad3c948f4d605d) (ScriptedImporter) -> (artifact id: 'cd9a53590707385f56fc0014921ece4a') in 0.0808943 seconds
Number of updated asset objects reloaded before import = 0Number of asset objects unloaded after import = 1

========================================================================
Received Import Request.
  Time since last request: 0.000082 seconds.
  path: Assets/Grass And Flowers Pack 1/Ground Textures/Materials/Groundplants 1_D 1167.mat
  artifactKey: Guid(2fa6caa1921836a4a935a79cb1e65f31) Importer(2089858483,b0f066a214c2f5e87bad3c948f4d605d)
Start importing Assets/Grass And Flowers Pack 1/Ground Textures/Materials/Groundplants 1_D 1167.mat using Guid(2fa6caa1921836a4a935a79cb1e65f31) Importer(2089858483,b0f066a214c2f5e87bad3c948f4d605d) (ScriptedImporter) -> (artifact id: '152d3f8cd7fbc74a5b9bd88f1736e1aa') in 0.0481902 seconds
Number of updated asset objects reloaded before import = 0Number of asset objects unloaded after import = 1

========================================================================
Received Import Request.
  Time since last request: 0.000048 seconds.
  path: Assets/Grass And Flowers Pack 1/Ground Textures/Materials/Groundplants 1_D 1178.mat
  artifactKey: Guid(504df0bc4b253f14b8293b2f04571d1a) Importer(2089858483,b0f066a214c2f5e87bad3c948f4d605d)
Start importing Assets/Grass And Flowers Pack 1/Ground Textures/Materials/Groundplants 1_D 1178.mat using Guid(504df0bc4b253f14b8293b2f04571d1a) Importer(2089858483,b0f066a214c2f5e87bad3c948f4d605d) (ScriptedImporter) -> (artifact id: '8b2477dfad71bedb2b40f95dc7383d5a') in 0.172971 seconds
Number of updated asset objects reloaded before import = 0Number of asset objects unloaded after import = 1

========================================================================
Received Import Request.
  Time since last request: 0.000053 seconds.
  path: Assets/Grass And Flowers Pack 1/Ground Textures/Materials/Groundplants 1_D 1187.mat
  artifactKey: Guid(efc965d042f81c149b24df3248b9b0f7) Importer(2089858483,b0f066a214c2f5e87bad3c948f4d605d)
Start importing Assets/Grass And Flowers Pack 1/Ground Textures/Materials/Groundplants 1_D 1187.mat using Guid(efc965d042f81c149b24df3248b9b0f7) Importer(2089858483,b0f066a214c2f5e87bad3c948f4d605d) (ScriptedImporter) -> (artifact id: 'cb1835ed10ded4340ddeb82ed2bd77f9') in 0.1143172 seconds
Number of updated asset objects reloaded before import = 0Number of asset objects unloaded after import = 1

========================================================================
Received Import Request.
  Time since last request: 0.000045 seconds.
  path: Assets/Grass And Flowers Pack 1/Ground Textures/Materials/Groundplants 1_D 1179.mat
  artifactKey: Guid(b4c87b2275cb15641b723bd736aa310d) Importer(2089858483,b0f066a214c2f5e87bad3c948f4d605d)
Start importing Assets/Grass And Flowers Pack 1/Ground Textures/Materials/Groundplants 1_D 1179.mat using Guid(b4c87b2275cb15641b723bd736aa310d) Importer(2089858483,b0f066a214c2f5e87bad3c948f4d605d) (ScriptedImporter) -> (artifact id: 'a2a0bca75aaa8e98bc479c7c3f1e329c') in 0.1997116 seconds
Number of updated asset objects reloaded before import = 0Number of asset objects unloaded after import = 1

========================================================================
Received Import Request.
  Time since last request: 0.000061 seconds.
  path: Assets/Grass And Flowers Pack 1/Ground Textures/Materials/Groundplants 1_D 1196.mat
  artifactKey: Guid(d6182d0740d795442969817bbc8c1f1d) Importer(2089858483,b0f066a214c2f5e87bad3c948f4d605d)
Start importing Assets/Grass And Flowers Pack 1/Ground Textures/Materials/Groundplants 1_D 1196.mat using Guid(d6182d0740d795442969817bbc8c1f1d) Importer(2089858483,b0f066a214c2f5e87bad3c948f4d605d) (ScriptedImporter) -> (artifact id: '1099609d95cbef3bfd1dfcc54b9d7236') in 0.1739819 seconds
Number of updated asset objects reloaded before import = 0Number of asset objects unloaded after import = 1

========================================================================
Received Import Request.
  Time since last request: 0.000049 seconds.
  path: Assets/Grass And Flowers Pack 1/Ground Textures/Materials/Groundplants 1_D 1096.mat
  artifactKey: Guid(a1b2623939b92124f950c1e5aa9a4c50) Importer(2089858483,b0f066a214c2f5e87bad3c948f4d605d)
Start importing Assets/Grass And Flowers Pack 1/Ground Textures/Materials/Groundplants 1_D 1096.mat using Guid(a1b2623939b92124f950c1e5aa9a4c50) Importer(2089858483,b0f066a214c2f5e87bad3c948f4d605d) (ScriptedImporter) -> (artifact id: 'c74799e5ee53fa3da7e579e77756024c') in 0.2016496 seconds
Number of updated asset objects reloaded before import = 0Number of asset objects unloaded after import = 1

========================================================================
Received Import Request.
  Time since last request: 0.000073 seconds.
  path: Assets/Grass And Flowers Pack 1/Ground Textures/Materials/Groundplants 1_D 1206.mat
  artifactKey: Guid(bf016e0403d355546b0723790d679f7f) Importer(2089858483,b0f066a214c2f5e87bad3c948f4d605d)
Start importing Assets/Grass And Flowers Pack 1/Ground Textures/Materials/Groundplants 1_D 1206.mat using Guid(bf016e0403d355546b0723790d679f7f) Importer(2089858483,b0f066a214c2f5e87bad3c948f4d605d) (ScriptedImporter) -> (artifact id: '3b117a062b87cc52b6f315f6e9329c64') in 0.050061 seconds
Number of updated asset objects reloaded before import = 0Number of asset objects unloaded after import = 1

========================================================================
Received Import Request.
  Time since last request: 0.000047 seconds.
  path: Assets/Grass And Flowers Pack 1/Ground Textures/Materials/Groundplants 1_D 1171.mat
  artifactKey: Guid(db87ddecac570244aaa4fa247407bb18) Importer(2089858483,b0f066a214c2f5e87bad3c948f4d605d)
Start importing Assets/Grass And Flowers Pack 1/Ground Textures/Materials/Groundplants 1_D 1171.mat using Guid(db87ddecac570244aaa4fa247407bb18) Importer(2089858483,b0f066a214c2f5e87bad3c948f4d605d) (ScriptedImporter) -> (artifact id: '8bf048fb68f2869d9c52086dc6902c81') in 0.0484768 seconds
Number of updated asset objects reloaded before import = 0Number of asset objects unloaded after import = 1

========================================================================
Received Import Request.
  Time since last request: 0.000069 seconds.
  path: Assets/Grass And Flowers Pack 1/Ground Textures/Materials/Groundplants 1_D 1219.mat
  artifactKey: Guid(cddc1cd47cba3fb448de97619a2c7f0c) Importer(2089858483,b0f066a214c2f5e87bad3c948f4d605d)
Start importing Assets/Grass And Flowers Pack 1/Ground Textures/Materials/Groundplants 1_D 1219.mat using Guid(cddc1cd47cba3fb448de97619a2c7f0c) Importer(2089858483,b0f066a214c2f5e87bad3c948f4d605d) (ScriptedImporter) -> (artifact id: '756c6cb608544cf7620b2a366fa38930') in 0.0441026 seconds
Number of updated asset objects reloaded before import = 0Number of asset objects unloaded after import = 1

========================================================================
Received Import Request.
  Time since last request: 0.000037 seconds.
  path: Assets/Grass And Flowers Pack 1/Ground Textures/Materials/Groundplants 1_D 1119.mat
  artifactKey: Guid(a97ec94a748470145aa076aab20d1592) Importer(2089858483,b0f066a214c2f5e87bad3c948f4d605d)
Start importing Assets/Grass And Flowers Pack 1/Ground Textures/Materials/Groundplants 1_D 1119.mat using Guid(a97ec94a748470145aa076aab20d1592) Importer(2089858483,b0f066a214c2f5e87bad3c948f4d605d) (ScriptedImporter) -> (artifact id: '7dbacac2abec1a9ade33664fe97c1ba5') in 0.0515679 seconds
Number of updated asset objects reloaded before import = 0Number of asset objects unloaded after import = 1

========================================================================
Received Import Request.
  Time since last request: 0.000050 seconds.
  path: Assets/Grass And Flowers Pack 1/Ground Textures/Materials/Groundplants 1_D 1230.mat
  artifactKey: Guid(92a71399031730f4e94f28ae7c5fe373) Importer(2089858483,b0f066a214c2f5e87bad3c948f4d605d)
Start importing Assets/Grass And Flowers Pack 1/Ground Textures/Materials/Groundplants 1_D 1230.mat using Guid(92a71399031730f4e94f28ae7c5fe373) Importer(2089858483,b0f066a214c2f5e87bad3c948f4d605d) (ScriptedImporter) -> (artifact id: 'b77b97f7d007b5aee7c0a2e821aa230f') in 0.1925746 seconds
Number of updated asset objects reloaded before import = 0Number of asset objects unloaded after import = 1

========================================================================
Received Import Request.
  Time since last request: 0.000085 seconds.
  path: Assets/Grass And Flowers Pack 1/Ground Textures/Materials/Groundplants 1_D 1011.mat
  artifactKey: Guid(c85d45fe6134774438d28838bf2896c8) Importer(2089858483,b0f066a214c2f5e87bad3c948f4d605d)
Start importing Assets/Grass And Flowers Pack 1/Ground Textures/Materials/Groundplants 1_D 1011.mat using Guid(c85d45fe6134774438d28838bf2896c8) Importer(2089858483,b0f066a214c2f5e87bad3c948f4d605d) (ScriptedImporter) -> (artifact id: 'a9c5a3345b0d781d90813fa9fc0080ad') in 0.0697559 seconds
Number of updated asset objects reloaded before import = 0Number of asset objects unloaded after import = 1

========================================================================
Received Import Request.
  Time since last request: 0.000052 seconds.
  path: Assets/Grass And Flowers Pack 1/Ground Textures/Materials/Groundplants 1_D 1240.mat
  artifactKey: Guid(9c15996e75ab8824e9c6f37054459d6d) Importer(2089858483,b0f066a214c2f5e87bad3c948f4d605d)
Start importing Assets/Grass And Flowers Pack 1/Ground Textures/Materials/Groundplants 1_D 1240.mat using Guid(9c15996e75ab8824e9c6f37054459d6d) Importer(2089858483,b0f066a214c2f5e87bad3c948f4d605d) (ScriptedImporter) -> (artifact id: 'bfae70eb61bac5f7f8f1ba734017c276') in 0.0504074 seconds
Number of updated asset objects reloaded before import = 0Number of asset objects unloaded after import = 1

========================================================================
Received Import Request.
  Time since last request: 0.000081 seconds.
  path: Assets/Grass And Flowers Pack 1/Ground Textures/Materials/Groundplants 1_D 1028.mat
  artifactKey: Guid(75e541acb10bf904ca283a9b8d9b5821) Importer(2089858483,b0f066a214c2f5e87bad3c948f4d605d)
Start importing Assets/Grass And Flowers Pack 1/Ground Textures/Materials/Groundplants 1_D 1028.mat using Guid(75e541acb10bf904ca283a9b8d9b5821) Importer(2089858483,b0f066a214c2f5e87bad3c948f4d605d) (ScriptedImporter) -> (artifact id: 'ce7f45985951f75ae37c924723cea02c') in 0.0521503 seconds
Number of updated asset objects reloaded before import = 0Number of asset objects unloaded after import = 1

========================================================================
Received Import Request.
  Time since last request: 0.000048 seconds.
  path: Assets/Grass And Flowers Pack 1/Ground Textures/Materials/Groundplants 1_D 1250.mat
  artifactKey: Guid(b008a44240c563b47a8e8ade56053770) Importer(2089858483,b0f066a214c2f5e87bad3c948f4d605d)
Start importing Assets/Grass And Flowers Pack 1/Ground Textures/Materials/Groundplants 1_D 1250.mat using Guid(b008a44240c563b47a8e8ade56053770) Importer(2089858483,b0f066a214c2f5e87bad3c948f4d605d) (ScriptedImporter) -> (artifact id: '09ee87ff50d9c307d1c98a6f7134e087') in 0.0551085 seconds
Number of updated asset objects reloaded before import = 0Number of asset objects unloaded after import = 1

========================================================================
Received Import Request.
  Time since last request: 0.000079 seconds.
  path: Assets/Grass And Flowers Pack 1/Ground Textures/Materials/Groundplants 1_D 1245.mat
  artifactKey: Guid(1cee5e87e6a293740ac6f1937bcec5ca) Importer(2089858483,b0f066a214c2f5e87bad3c948f4d605d)
Start importing Assets/Grass And Flowers Pack 1/Ground Textures/Materials/Groundplants 1_D 1245.mat using Guid(1cee5e87e6a293740ac6f1937bcec5ca) Importer(2089858483,b0f066a214c2f5e87bad3c948f4d605d) (ScriptedImporter) -> (artifact id: '750f0b55a3d23c2cdb6bf47d44066369') in 0.1551842 seconds
Number of updated asset objects reloaded before import = 0Number of asset objects unloaded after import = 1

========================================================================
Received Import Request.
  Time since last request: 0.000064 seconds.
  path: Assets/Grass And Flowers Pack 1/Ground Textures/Materials/Groundplants 1_D 1255.mat
  artifactKey: Guid(496bbe89d29ae39458e8e2da774f3674) Importer(2089858483,b0f066a214c2f5e87bad3c948f4d605d)
Start importing Assets/Grass And Flowers Pack 1/Ground Textures/Materials/Groundplants 1_D 1255.mat using Guid(496bbe89d29ae39458e8e2da774f3674) Importer(2089858483,b0f066a214c2f5e87bad3c948f4d605d) (ScriptedImporter) -> (artifact id: 'f3791efebef118b0ad0edb09e975d2f0') in 0.0875693 seconds
Number of updated asset objects reloaded before import = 0Number of asset objects unloaded after import = 1

========================================================================
Received Import Request.
  Time since last request: 0.000068 seconds.
  path: Assets/Grass And Flowers Pack 1/Ground Textures/Materials/Groundplants 1_D 1056.mat
  artifactKey: Guid(36468d5748005d54891d507ca928196f) Importer(2089858483,b0f066a214c2f5e87bad3c948f4d605d)
Start importing Assets/Grass And Flowers Pack 1/Ground Textures/Materials/Groundplants 1_D 1056.mat using Guid(36468d5748005d54891d507ca928196f) Importer(2089858483,b0f066a214c2f5e87bad3c948f4d605d) (ScriptedImporter) -> (artifact id: '51a5b039a99a3109fdf76b804392b0ea') in 0.0477616 seconds
Number of updated asset objects reloaded before import = 0Number of asset objects unloaded after import = 1

========================================================================
Received Import Request.
  Time since last request: 0.000090 seconds.
  path: Assets/Grass And Flowers Pack 1/Ground Textures/Materials/Groundplants 1_D 1263.mat
  artifactKey: Guid(e94bed310a77e534bbe186695c5f5722) Importer(2089858483,b0f066a214c2f5e87bad3c948f4d605d)
Start importing Assets/Grass And Flowers Pack 1/Ground Textures/Materials/Groundplants 1_D 1263.mat using Guid(e94bed310a77e534bbe186695c5f5722) Importer(2089858483,b0f066a214c2f5e87bad3c948f4d605d) (ScriptedImporter) -> (artifact id: 'd9c9096d6530113a861b6c310d47f2d5') in 0.1555045 seconds
Number of updated asset objects reloaded before import = 0Number of asset objects unloaded after import = 1

========================================================================
Received Import Request.
  Time since last request: 0.000086 seconds.
  path: Assets/Grass And Flowers Pack 1/Ground Textures/Materials/Groundplants 1_D 1095.mat
  artifactKey: Guid(ccaff8194ead6dd439a36c9a06060f1d) Importer(2089858483,b0f066a214c2f5e87bad3c948f4d605d)
Start importing Assets/Grass And Flowers Pack 1/Ground Textures/Materials/Groundplants 1_D 1095.mat using Guid(ccaff8194ead6dd439a36c9a06060f1d) Importer(2089858483,b0f066a214c2f5e87bad3c948f4d605d) (ScriptedImporter) -> (artifact id: '7b4978afff26c9cfada313441df0731f') in 0.0543896 seconds
Number of updated asset objects reloaded before import = 0Number of asset objects unloaded after import = 1

========================================================================
Received Import Request.
  Time since last request: 0.000051 seconds.
  path: Assets/Grass And Flowers Pack 1/Ground Textures/Materials/Groundplants 1_D 1276.mat
  artifactKey: Guid(5b3197bc5e04b42408df142a1d2e94d5) Importer(2089858483,b0f066a214c2f5e87bad3c948f4d605d)
Start importing Assets/Grass And Flowers Pack 1/Ground Textures/Materials/Groundplants 1_D 1276.mat using Guid(5b3197bc5e04b42408df142a1d2e94d5) Importer(2089858483,b0f066a214c2f5e87bad3c948f4d605d) (ScriptedImporter) -> (artifact id: '1fd347afb311bbfd04e1864965b9e901') in 0.0390212 seconds
Number of updated asset objects reloaded before import = 0Number of asset objects unloaded after import = 1

========================================================================
Received Import Request.
  Time since last request: 0.000080 seconds.
  path: Assets/Grass And Flowers Pack 1/Ground Textures/Materials/Groundplants 1_D 1272.mat
  artifactKey: Guid(4aff7e82b2f9fc744a0952e6f0af4f82) Importer(2089858483,b0f066a214c2f5e87bad3c948f4d605d)
Start importing Assets/Grass And Flowers Pack 1/Ground Textures/Materials/Groundplants 1_D 1272.mat using Guid(4aff7e82b2f9fc744a0952e6f0af4f82) Importer(2089858483,b0f066a214c2f5e87bad3c948f4d605d) (ScriptedImporter) -> (artifact id: '1cab5560446a2af43be91b54cd63d423') in 0.1144869 seconds
Number of updated asset objects reloaded before import = 0Number of asset objects unloaded after import = 1

========================================================================
Received Import Request.
  Time since last request: 0.000042 seconds.
  path: Assets/Grass And Flowers Pack 1/Ground Textures/Materials/Groundplants 1_D 1287.mat
  artifactKey: Guid(fac08bae17abff34bbdb2697f277f410) Importer(2089858483,b0f066a214c2f5e87bad3c948f4d605d)
Start importing Assets/Grass And Flowers Pack 1/Ground Textures/Materials/Groundplants 1_D 1287.mat using Guid(fac08bae17abff34bbdb2697f277f410) Importer(2089858483,b0f066a214c2f5e87bad3c948f4d605d) (ScriptedImporter) -> (artifact id: 'a99dc3dd2d381744ff5018f0d18c63a3') in 0.1814341 seconds
Number of updated asset objects reloaded before import = 0Number of asset objects unloaded after import = 1

========================================================================
Received Import Request.
  Time since last request: 0.000090 seconds.
  path: Assets/Grass And Flowers Pack 1/Ground Textures/Materials/Groundplants 1_D 1295.mat
  artifactKey: Guid(b888f29134f58a74a9c011e09a878bcd) Importer(2089858483,b0f066a214c2f5e87bad3c948f4d605d)
Start importing Assets/Grass And Flowers Pack 1/Ground Textures/Materials/Groundplants 1_D 1295.mat using Guid(b888f29134f58a74a9c011e09a878bcd) Importer(2089858483,b0f066a214c2f5e87bad3c948f4d605d) (ScriptedImporter) -> (artifact id: 'd2c4181bb32b39daf50c1b648e897dd4') in 0.154329 seconds
Number of updated asset objects reloaded before import = 0Number of asset objects unloaded after import = 1

========================================================================
Received Import Request.
  Time since last request: 0.000038 seconds.
  path: Assets/Grass And Flowers Pack 1/Ground Textures/Materials/Groundplants 1_D 1111.mat
  artifactKey: Guid(a73698d36d16fc64ca970655b5119527) Importer(2089858483,b0f066a214c2f5e87bad3c948f4d605d)
Start importing Assets/Grass And Flowers Pack 1/Ground Textures/Materials/Groundplants 1_D 1111.mat using Guid(a73698d36d16fc64ca970655b5119527) Importer(2089858483,b0f066a214c2f5e87bad3c948f4d605d) (ScriptedImporter) -> (artifact id: '05d9f7a4ff2d4463640ef4286eba7973') in 0.2209741 seconds
Number of updated asset objects reloaded before import = 0Number of asset objects unloaded after import = 1

========================================================================
Received Import Request.
  Time since last request: 0.000113 seconds.
  path: Assets/Grass And Flowers Pack 1/Ground Textures/Materials/Groundplants 1_D 1298.mat
  artifactKey: Guid(5dcf19a3963511946b038f3bdfe192ec) Importer(2089858483,b0f066a214c2f5e87bad3c948f4d605d)
Start importing Assets/Grass And Flowers Pack 1/Ground Textures/Materials/Groundplants 1_D 1298.mat using Guid(5dcf19a3963511946b038f3bdfe192ec) Importer(2089858483,b0f066a214c2f5e87bad3c948f4d605d) (ScriptedImporter) -> (artifact id: '19b323f0013b19adb6b7841a82a7186f') in 0.0479365 seconds
Number of updated asset objects reloaded before import = 0Number of asset objects unloaded after import = 1

========================================================================
Received Import Request.
  Time since last request: 0.000039 seconds.
  path: Assets/Grass And Flowers Pack 1/Ground Textures/Materials/Groundplants 1_D 1300.mat
  artifactKey: Guid(b88b803a231f1dc4ca3c5f63a4fa93f8) Importer(2089858483,b0f066a214c2f5e87bad3c948f4d605d)
Start importing Assets/Grass And Flowers Pack 1/Ground Textures/Materials/Groundplants 1_D 1300.mat using Guid(b88b803a231f1dc4ca3c5f63a4fa93f8) Importer(2089858483,b0f066a214c2f5e87bad3c948f4d605d) (ScriptedImporter) -> (artifact id: 'd6adcbb3fdcd6400614bb6c459721329') in 0.0713708 seconds
Number of updated asset objects reloaded before import = 0Number of asset objects unloaded after import = 1

========================================================================
Received Import Request.
  Time since last request: 0.000054 seconds.
  path: Assets/Grass And Flowers Pack 1/Ground Textures/Materials/Groundplants 1_D 1308.mat
  artifactKey: Guid(fdf888f07b2b010419ddb3d821654956) Importer(2089858483,b0f066a214c2f5e87bad3c948f4d605d)
Start importing Assets/Grass And Flowers Pack 1/Ground Textures/Materials/Groundplants 1_D 1308.mat using Guid(fdf888f07b2b010419ddb3d821654956) Importer(2089858483,b0f066a214c2f5e87bad3c948f4d605d) (ScriptedImporter) -> (artifact id: '0be4a30dac3d7974a2816e62b8f43d04') in 0.0492089 seconds
Number of updated asset objects reloaded before import = 0Number of asset objects unloaded after import = 1

========================================================================
Received Import Request.
  Time since last request: 0.000062 seconds.
  path: Assets/Grass And Flowers Pack 1/Ground Textures/Materials/Groundplants 1_D 1310.mat
  artifactKey: Guid(0a23b63dd419b4645ae98e100aab4cc4) Importer(2089858483,b0f066a214c2f5e87bad3c948f4d605d)
Start importing Assets/Grass And Flowers Pack 1/Ground Textures/Materials/Groundplants 1_D 1310.mat using Guid(0a23b63dd419b4645ae98e100aab4cc4) Importer(2089858483,b0f066a214c2f5e87bad3c948f4d605d) (ScriptedImporter) -> (artifact id: '3ea56b34846f52c3ba0cc6e9c8d45c1c') in 0.1531924 seconds
Number of updated asset objects reloaded before import = 0Number of asset objects unloaded after import = 1

========================================================================
Received Import Request.
  Time since last request: 0.000106 seconds.
  path: Assets/Grass And Flowers Pack 1/Ground Textures/Materials/Groundplants 1_D 1320.mat
  artifactKey: Guid(de27a95b46614fa43ad3349d1276b7ca) Importer(2089858483,b0f066a214c2f5e87bad3c948f4d605d)
Start importing Assets/Grass And Flowers Pack 1/Ground Textures/Materials/Groundplants 1_D 1320.mat using Guid(de27a95b46614fa43ad3349d1276b7ca) Importer(2089858483,b0f066a214c2f5e87bad3c948f4d605d) (ScriptedImporter) -> (artifact id: '505be0c2a84a63d504621ca8bd6930ea') in 0.1270943 seconds
Number of updated asset objects reloaded before import = 0Number of asset objects unloaded after import = 1

========================================================================
Received Import Request.
  Time since last request: 0.000076 seconds.
  path: Assets/Grass And Flowers Pack 1/Ground Textures/Materials/Groundplants 1_D 1319.mat
  artifactKey: Guid(68d03ab2871cf074d82f35cfbde3a7da) Importer(2089858483,b0f066a214c2f5e87bad3c948f4d605d)
Start importing Assets/Grass And Flowers Pack 1/Ground Textures/Materials/Groundplants 1_D 1319.mat using Guid(68d03ab2871cf074d82f35cfbde3a7da) Importer(2089858483,b0f066a214c2f5e87bad3c948f4d605d) (ScriptedImporter) -> (artifact id: 'cc7d0b42fd158997d9c8ff85195c7404') in 0.1467942 seconds
Number of updated asset objects reloaded before import = 0Number of asset objects unloaded after import = 1

========================================================================
Received Import Request.
  Time since last request: 0.000060 seconds.
  path: Assets/Grass And Flowers Pack 1/Ground Textures/Materials/Groundplants 1_D 1329.mat
  artifactKey: Guid(dcf85da00098c974c971940d1b2ae524) Importer(2089858483,b0f066a214c2f5e87bad3c948f4d605d)
Start importing Assets/Grass And Flowers Pack 1/Ground Textures/Materials/Groundplants 1_D 1329.mat using Guid(dcf85da00098c974c971940d1b2ae524) Importer(2089858483,b0f066a214c2f5e87bad3c948f4d605d) (ScriptedImporter) -> (artifact id: '316dbcd53d529257ce2d5637705ce07d') in 0.2070398 seconds
Number of updated asset objects reloaded before import = 0Number of asset objects unloaded after import = 1

========================================================================
Received Import Request.
  Time since last request: 0.000087 seconds.
  path: Assets/Grass And Flowers Pack 1/Ground Textures/Materials/Groundplants 1_D 1050.mat
  artifactKey: Guid(aa14628d2e79ee04d94973055d4f386d) Importer(2089858483,b0f066a214c2f5e87bad3c948f4d605d)
Start importing Assets/Grass And Flowers Pack 1/Ground Textures/Materials/Groundplants 1_D 1050.mat using Guid(aa14628d2e79ee04d94973055d4f386d) Importer(2089858483,b0f066a214c2f5e87bad3c948f4d605d) (ScriptedImporter) -> (artifact id: 'd298991f053ad0dce8d4ed3ac4f1848b') in 0.0478062 seconds
Number of updated asset objects reloaded before import = 0Number of asset objects unloaded after import = 1

========================================================================
Received Import Request.
  Time since last request: 0.000042 seconds.
  path: Assets/Grass And Flowers Pack 1/Ground Textures/Materials/Groundplants 1_D 1344.mat
  artifactKey: Guid(d8e49f2fb9a392543b2dad0ab17c38c5) Importer(2089858483,b0f066a214c2f5e87bad3c948f4d605d)
Start importing Assets/Grass And Flowers Pack 1/Ground Textures/Materials/Groundplants 1_D 1344.mat using Guid(d8e49f2fb9a392543b2dad0ab17c38c5) Importer(2089858483,b0f066a214c2f5e87bad3c948f4d605d) (ScriptedImporter) -> (artifact id: 'fcdfbb676d88d56fac6f901e41f54cb4') in 0.3795233 seconds
Number of updated asset objects reloaded before import = 0Number of asset objects unloaded after import = 1

========================================================================
Received Import Request.
  Time since last request: 0.000057 seconds.
  path: Assets/Grass And Flowers Pack 1/Ground Textures/Materials/Groundplants 1_D 1349.mat
  artifactKey: Guid(f7119c47023cf9341ac7d7b14aa9652a) Importer(2089858483,b0f066a214c2f5e87bad3c948f4d605d)
Start importing Assets/Grass And Flowers Pack 1/Ground Textures/Materials/Groundplants 1_D 1349.mat using Guid(f7119c47023cf9341ac7d7b14aa9652a) Importer(2089858483,b0f066a214c2f5e87bad3c948f4d605d) (ScriptedImporter) -> (artifact id: 'a0d3fb0f573555314ef1be542e8146c2') in 0.0899788 seconds
Number of updated asset objects reloaded before import = 0Number of asset objects unloaded after import = 1

========================================================================
Received Import Request.
  Time since last request: 0.000036 seconds.
  path: Assets/Grass And Flowers Pack 1/Ground Textures/Materials/Groundplants 1_D 1066.mat
  artifactKey: Guid(7df3feb8d360a4f4fa48294c7d3c0c15) Importer(2089858483,b0f066a214c2f5e87bad3c948f4d605d)
Start importing Assets/Grass And Flowers Pack 1/Ground Textures/Materials/Groundplants 1_D 1066.mat using Guid(7df3feb8d360a4f4fa48294c7d3c0c15) Importer(2089858483,b0f066a214c2f5e87bad3c948f4d605d) (ScriptedImporter) -> (artifact id: 'd7d4fb36ece5709f2fe1c091bf1715be') in 0.1152476 seconds
Number of updated asset objects reloaded before import = 0Number of asset objects unloaded after import = 1

========================================================================
Received Import Request.
  Time since last request: 0.000077 seconds.
  path: Assets/Grass And Flowers Pack 1/Ground Textures/Materials/Groundplants 1_D 1360.mat
  artifactKey: Guid(0bd8e0fecedd2b84e8f28ada98327ed0) Importer(2089858483,b0f066a214c2f5e87bad3c948f4d605d)
Start importing Assets/Grass And Flowers Pack 1/Ground Textures/Materials/Groundplants 1_D 1360.mat using Guid(0bd8e0fecedd2b84e8f28ada98327ed0) Importer(2089858483,b0f066a214c2f5e87bad3c948f4d605d) (ScriptedImporter) -> (artifact id: '20a97d5300538fc7d1cbcfd9ff5eaa62') in 0.0616378 seconds
Number of updated asset objects reloaded before import = 0Number of asset objects unloaded after import = 1

========================================================================
Received Import Request.
  Time since last request: 0.000059 seconds.
  path: Assets/Grass And Flowers Pack 1/Ground Textures/Materials/Groundplants 1_D 1366.mat
  artifactKey: Guid(f3221428852e49440a0133f94ab5292b) Importer(2089858483,b0f066a214c2f5e87bad3c948f4d605d)
Start importing Assets/Grass And Flowers Pack 1/Ground Textures/Materials/Groundplants 1_D 1366.mat using Guid(f3221428852e49440a0133f94ab5292b) Importer(2089858483,b0f066a214c2f5e87bad3c948f4d605d) (ScriptedImporter) -> (artifact id: '2513f046013538043faa5a95368770bf') in 0.0546638 seconds
Number of updated asset objects reloaded before import = 0Number of asset objects unloaded after import = 1

========================================================================
Received Import Request.
  Time since last request: 0.000058 seconds.
  path: Assets/Grass And Flowers Pack 1/Ground Textures/Materials/Groundplants 1_D 1361.mat
  artifactKey: Guid(f4330445bef9efd40878ce773b6fbc7a) Importer(2089858483,b0f066a214c2f5e87bad3c948f4d605d)
Start importing Assets/Grass And Flowers Pack 1/Ground Textures/Materials/Groundplants 1_D 1361.mat using Guid(f4330445bef9efd40878ce773b6fbc7a) Importer(2089858483,b0f066a214c2f5e87bad3c948f4d605d) (ScriptedImporter) -> (artifact id: 'c0bca723539611a01c3adcd1eec566af') in 0.1610999 seconds
Number of updated asset objects reloaded before import = 0Number of asset objects unloaded after import = 1

========================================================================
Received Import Request.
  Time since last request: 0.000045 seconds.
  path: Assets/Grass And Flowers Pack 1/Ground Textures/Materials/Groundplants 1_D 1376.mat
  artifactKey: Guid(60a1217834875cd46ae9e1e3c9ddf534) Importer(2089858483,b0f066a214c2f5e87bad3c948f4d605d)
Start importing Assets/Grass And Flowers Pack 1/Ground Textures/Materials/Groundplants 1_D 1376.mat using Guid(60a1217834875cd46ae9e1e3c9ddf534) Importer(2089858483,b0f066a214c2f5e87bad3c948f4d605d) (ScriptedImporter) -> (artifact id: 'c1d2c55cd551604bd1c5e97543ca7dfa') in 0.0542401 seconds
Number of updated asset objects reloaded before import = 0Number of asset objects unloaded after import = 1

========================================================================
Received Import Request.
  Time since last request: 0.000175 seconds.
  path: Assets/Grass And Flowers Pack 1/Ground Textures/Materials/Groundplants 1_D 1372.mat
  artifactKey: Guid(d22ca1f0a8145b74dbfc57035aeea2a4) Importer(2089858483,b0f066a214c2f5e87bad3c948f4d605d)
Start importing Assets/Grass And Flowers Pack 1/Ground Textures/Materials/Groundplants 1_D 1372.mat using Guid(d22ca1f0a8145b74dbfc57035aeea2a4) Importer(2089858483,b0f066a214c2f5e87bad3c948f4d605d) (ScriptedImporter) -> (artifact id: 'fd0eeee29df78ebc85986b7378e4ba7c') in 0.2273992 seconds
Number of updated asset objects reloaded before import = 0Number of asset objects unloaded after import = 1

========================================================================
Received Import Request.
  Time since last request: 0.000077 seconds.
  path: Assets/Grass And Flowers Pack 1/Ground Textures/Materials/Groundplants 1_D 1379.mat
  artifactKey: Guid(06d9aad6a338e654fb89d27cfc9be439) Importer(2089858483,b0f066a214c2f5e87bad3c948f4d605d)
Start importing Assets/Grass And Flowers Pack 1/Ground Textures/Materials/Groundplants 1_D 1379.mat using Guid(06d9aad6a338e654fb89d27cfc9be439) Importer(2089858483,b0f066a214c2f5e87bad3c948f4d605d) (ScriptedImporter) -> (artifact id: '7e119cc0a5aa0351e662c53de2d94a52') in 0.1681719 seconds
Number of updated asset objects reloaded before import = 0Number of asset objects unloaded after import = 1

========================================================================
Received Import Request.
  Time since last request: 0.000063 seconds.
  path: Assets/Grass And Flowers Pack 1/Ground Textures/Materials/Groundplants 1_D 1384.mat
  artifactKey: Guid(5b96004321c1c044586fb3954f98e494) Importer(2089858483,b0f066a214c2f5e87bad3c948f4d605d)
Start importing Assets/Grass And Flowers Pack 1/Ground Textures/Materials/Groundplants 1_D 1384.mat using Guid(5b96004321c1c044586fb3954f98e494) Importer(2089858483,b0f066a214c2f5e87bad3c948f4d605d) (ScriptedImporter) -> (artifact id: 'c66a6b7d1d93cb700489e148adeb0374') in 0.1244897 seconds
Number of updated asset objects reloaded before import = 0Number of asset objects unloaded after import = 1

========================================================================
Received Import Request.
  Time since last request: 0.000036 seconds.
  path: Assets/Grass And Flowers Pack 1/Ground Textures/Materials/Groundplants 1_D 1387.mat
  artifactKey: Guid(d1efb44e3d96716439e99fa010123683) Importer(2089858483,b0f066a214c2f5e87bad3c948f4d605d)
Start importing Assets/Grass And Flowers Pack 1/Ground Textures/Materials/Groundplants 1_D 1387.mat using Guid(d1efb44e3d96716439e99fa010123683) Importer(2089858483,b0f066a214c2f5e87bad3c948f4d605d) (ScriptedImporter) -> (artifact id: '50d65e46a3b50e3d159e93609dc282b4') in 0.0547707 seconds
Number of updated asset objects reloaded before import = 0Number of asset objects unloaded after import = 1

========================================================================
Received Import Request.
  Time since last request: 0.000068 seconds.
  path: Assets/Grass And Flowers Pack 1/Ground Textures/Materials/Groundplants 1_D 1395.mat
  artifactKey: Guid(2284470ac894c0b4daffe5f799a2e9ec) Importer(2089858483,b0f066a214c2f5e87bad3c948f4d605d)
Start importing Assets/Grass And Flowers Pack 1/Ground Textures/Materials/Groundplants 1_D 1395.mat using Guid(2284470ac894c0b4daffe5f799a2e9ec) Importer(2089858483,b0f066a214c2f5e87bad3c948f4d605d) (ScriptedImporter) -> (artifact id: 'aeb085485ea14484ab1064d808b26bb9') in 0.0570902 seconds
Number of updated asset objects reloaded before import = 0Number of asset objects unloaded after import = 1

========================================================================
Received Import Request.
  Time since last request: 0.000037 seconds.
  path: Assets/Grass And Flowers Pack 1/Ground Textures/Materials/Groundplants 1_D 1392.mat
  artifactKey: Guid(180b14ce025f1e44193444d4a78785fc) Importer(2089858483,b0f066a214c2f5e87bad3c948f4d605d)
Start importing Assets/Grass And Flowers Pack 1/Ground Textures/Materials/Groundplants 1_D 1392.mat using Guid(180b14ce025f1e44193444d4a78785fc) Importer(2089858483,b0f066a214c2f5e87bad3c948f4d605d) (ScriptedImporter) -> (artifact id: 'caa505ac79c9c190db26551582b8d4c7') in 0.0590259 seconds
Number of updated asset objects reloaded before import = 0Number of asset objects unloaded after import = 1

========================================================================
Received Import Request.
  Time since last request: 0.000064 seconds.
  path: Assets/Grass And Flowers Pack 1/Ground Textures/Materials/Groundplants 1_D 1247.mat
  artifactKey: Guid(4cbaa412c3d965344b6462d7d6406d52) Importer(2089858483,b0f066a214c2f5e87bad3c948f4d605d)
Start importing Assets/Grass And Flowers Pack 1/Ground Textures/Materials/Groundplants 1_D 1247.mat using Guid(4cbaa412c3d965344b6462d7d6406d52) Importer(2089858483,b0f066a214c2f5e87bad3c948f4d605d) (ScriptedImporter) -> (artifact id: '05264be8a660ca18f593a84c18740271') in 0.1210074 seconds
Number of updated asset objects reloaded before import = 0Number of asset objects unloaded after import = 1

========================================================================
Received Import Request.
  Time since last request: 0.000054 seconds.
  path: Assets/Grass And Flowers Pack 1/Ground Textures/Materials/Groundplants 1_D 1405.mat
  artifactKey: Guid(9def4f9f2631ef2479f7527a9ac3b7d8) Importer(2089858483,b0f066a214c2f5e87bad3c948f4d605d)
Start importing Assets/Grass And Flowers Pack 1/Ground Textures/Materials/Groundplants 1_D 1405.mat using Guid(9def4f9f2631ef2479f7527a9ac3b7d8) Importer(2089858483,b0f066a214c2f5e87bad3c948f4d605d) (ScriptedImporter) -> (artifact id: '56ab528a12475999b59a45b2ba413465') in 0.1890206 seconds
Number of updated asset objects reloaded before import = 0Number of asset objects unloaded after import = 1

========================================================================
Received Import Request.
  Time since last request: 0.000051 seconds.
  path: Assets/Grass And Flowers Pack 1/Ground Textures/Materials/Groundplants 1_D 1414.mat
  artifactKey: Guid(6c336c92f307ef841bb3d00f7828e06e) Importer(2089858483,b0f066a214c2f5e87bad3c948f4d605d)
Start importing Assets/Grass And Flowers Pack 1/Ground Textures/Materials/Groundplants 1_D 1414.mat using Guid(6c336c92f307ef841bb3d00f7828e06e) Importer(2089858483,b0f066a214c2f5e87bad3c948f4d605d) (ScriptedImporter) -> (artifact id: '70f3997c952c8af686d56795e59dabab') in 0.1654586 seconds
Number of updated asset objects reloaded before import = 0Number of asset objects unloaded after import = 1

========================================================================
Received Import Request.
  Time since last request: 0.000048 seconds.
  path: Assets/Grass And Flowers Pack 1/Ground Textures/Materials/Groundplants 1_D 1412.mat
  artifactKey: Guid(dd793a17ef107354187968e4f6d32bf1) Importer(2089858483,b0f066a214c2f5e87bad3c948f4d605d)
Start importing Assets/Grass And Flowers Pack 1/Ground Textures/Materials/Groundplants 1_D 1412.mat using Guid(dd793a17ef107354187968e4f6d32bf1) Importer(2089858483,b0f066a214c2f5e87bad3c948f4d605d) (ScriptedImporter) -> (artifact id: 'b4340bde32baf9c974e7e1421ad3c593') in 0.1366017 seconds
Number of updated asset objects reloaded before import = 0Number of asset objects unloaded after import = 1

========================================================================
Received Import Request.
  Time since last request: 0.000068 seconds.
  path: Assets/Grass And Flowers Pack 1/Ground Textures/Materials/Groundplants 1_D 1421.mat
  artifactKey: Guid(5e3350b703305bc4b82ca8b5a86f9969) Importer(2089858483,b0f066a214c2f5e87bad3c948f4d605d)
Start importing Assets/Grass And Flowers Pack 1/Ground Textures/Materials/Groundplants 1_D 1421.mat using Guid(5e3350b703305bc4b82ca8b5a86f9969) Importer(2089858483,b0f066a214c2f5e87bad3c948f4d605d) (ScriptedImporter) -> (artifact id: 'd061165b654cc536598a134bf8c60fce') in 0.108224 seconds
Number of updated asset objects reloaded before import = 0Number of asset objects unloaded after import = 1

========================================================================
Received Import Request.
  Time since last request: 0.000045 seconds.
  path: Assets/Grass And Flowers Pack 1/Ground Textures/Materials/Groundplants 1_D 1406.mat
  artifactKey: Guid(dee1edfd9b14b9c44a4f96b67d6a3264) Importer(2089858483,b0f066a214c2f5e87bad3c948f4d605d)
Start importing Assets/Grass And Flowers Pack 1/Ground Textures/Materials/Groundplants 1_D 1406.mat using Guid(dee1edfd9b14b9c44a4f96b67d6a3264) Importer(2089858483,b0f066a214c2f5e87bad3c948f4d605d) (ScriptedImporter) -> (artifact id: 'c6a30659432807eee6a171260c5c5abc') in 0.105203 seconds
Number of updated asset objects reloaded before import = 0Number of asset objects unloaded after import = 1

========================================================================
Received Import Request.
  Time since last request: 0.000073 seconds.
  path: Assets/Grass And Flowers Pack 1/Ground Textures/Materials/Groundplants 1_D 1436.mat
  artifactKey: Guid(a41d89108ef6597499821111201e490b) Importer(2089858483,b0f066a214c2f5e87bad3c948f4d605d)
Start importing Assets/Grass And Flowers Pack 1/Ground Textures/Materials/Groundplants 1_D 1436.mat using Guid(a41d89108ef6597499821111201e490b) Importer(2089858483,b0f066a214c2f5e87bad3c948f4d605d) (ScriptedImporter) -> (artifact id: '2bf957115d9812ef96ceee8155e88cac') in 0.052294 seconds
Number of updated asset objects reloaded before import = 0Number of asset objects unloaded after import = 1

========================================================================
Received Import Request.
  Time since last request: 0.000039 seconds.
  path: Assets/Grass And Flowers Pack 1/Ground Textures/Materials/Groundplants 1_D 1437.mat
  artifactKey: Guid(ebef28665771a1342ab807229d7dbf91) Importer(2089858483,b0f066a214c2f5e87bad3c948f4d605d)
Start importing Assets/Grass And Flowers Pack 1/Ground Textures/Materials/Groundplants 1_D 1437.mat using Guid(ebef28665771a1342ab807229d7dbf91) Importer(2089858483,b0f066a214c2f5e87bad3c948f4d605d) (ScriptedImporter) -> (artifact id: '812ae633423f60fc004122b9859dfcdd') in 0.0621863 seconds
Number of updated asset objects reloaded before import = 0Number of asset objects unloaded after import = 1

========================================================================
Received Import Request.
  Time since last request: 0.000073 seconds.
  path: Assets/Grass And Flowers Pack 1/Ground Textures/Materials/Groundplants 1_D 1438.mat
  artifactKey: Guid(e944da4742609264eb5efbfe81025b6b) Importer(2089858483,b0f066a214c2f5e87bad3c948f4d605d)
Start importing Assets/Grass And Flowers Pack 1/Ground Textures/Materials/Groundplants 1_D 1438.mat using Guid(e944da4742609264eb5efbfe81025b6b) Importer(2089858483,b0f066a214c2f5e87bad3c948f4d605d) (ScriptedImporter) -> (artifact id: 'dd4cc51968ab147a24ba92af32ec6e37') in 0.1153248 seconds
Number of updated asset objects reloaded before import = 0Number of asset objects unloaded after import = 1

========================================================================
Received Import Request.
  Time since last request: 0.000082 seconds.
  path: Assets/Grass And Flowers Pack 1/Ground Textures/Materials/Groundplants 1_D 1441.mat
  artifactKey: Guid(b1607302a31ae0d4d970b17bc961b871) Importer(2089858483,b0f066a214c2f5e87bad3c948f4d605d)
Start importing Assets/Grass And Flowers Pack 1/Ground Textures/Materials/Groundplants 1_D 1441.mat using Guid(b1607302a31ae0d4d970b17bc961b871) Importer(2089858483,b0f066a214c2f5e87bad3c948f4d605d) (ScriptedImporter) -> (artifact id: 'd5ccde19140c48787fdfe89866fb3469') in 0.0481012 seconds
Number of updated asset objects reloaded before import = 0Number of asset objects unloaded after import = 1

========================================================================
Received Import Request.
  Time since last request: 0.000104 seconds.
  path: Assets/Grass And Flowers Pack 1/Ground Textures/Materials/Groundplants 1_D 1448.mat
  artifactKey: Guid(d9c338eab9e485144934c6aab8cccdfc) Importer(2089858483,b0f066a214c2f5e87bad3c948f4d605d)
Start importing Assets/Grass And Flowers Pack 1/Ground Textures/Materials/Groundplants 1_D 1448.mat using Guid(d9c338eab9e485144934c6aab8cccdfc) Importer(2089858483,b0f066a214c2f5e87bad3c948f4d605d) (ScriptedImporter) -> (artifact id: 'ce073ffa689ab65c358e1a5eb23004e9') in 0.1729541 seconds
Number of updated asset objects reloaded before import = 0Number of asset objects unloaded after import = 1

========================================================================
Received Import Request.
  Time since last request: 0.000048 seconds.
  path: Assets/Grass And Flowers Pack 1/Ground Textures/Materials/Groundplants 1_D 1453.mat
  artifactKey: Guid(fee91713ef4271b489e038f87f2ec009) Importer(2089858483,b0f066a214c2f5e87bad3c948f4d605d)
Start importing Assets/Grass And Flowers Pack 1/Ground Textures/Materials/Groundplants 1_D 1453.mat using Guid(fee91713ef4271b489e038f87f2ec009) Importer(2089858483,b0f066a214c2f5e87bad3c948f4d605d) (ScriptedImporter) -> (artifact id: 'd174c9f3eee7c6f48e6be6ea82abe53c') in 0.0889165 seconds
Number of updated asset objects reloaded before import = 0Number of asset objects unloaded after import = 1

========================================================================
Received Import Request.
  Time since last request: 0.000060 seconds.
  path: Assets/Grass And Flowers Pack 1/Ground Textures/Materials/Groundplants 1_D 1458.mat
  artifactKey: Guid(808dcd17f6b14ac4590cca7962965109) Importer(2089858483,b0f066a214c2f5e87bad3c948f4d605d)
Start importing Assets/Grass And Flowers Pack 1/Ground Textures/Materials/Groundplants 1_D 1458.mat using Guid(808dcd17f6b14ac4590cca7962965109) Importer(2089858483,b0f066a214c2f5e87bad3c948f4d605d) (ScriptedImporter) -> (artifact id: '7f41c5fa09291a60ee3ed87f25e77cbd') in 0.0384125 seconds
Number of updated asset objects reloaded before import = 0Number of asset objects unloaded after import = 1

========================================================================
Received Import Request.
  Time since last request: 0.000037 seconds.
  path: Assets/Grass And Flowers Pack 1/Ground Textures/Materials/Groundplants 1_D 1457.mat
  artifactKey: Guid(8b32cb1dbbd9b43499e7d9cc5b5379f6) Importer(2089858483,b0f066a214c2f5e87bad3c948f4d605d)
Start importing Assets/Grass And Flowers Pack 1/Ground Textures/Materials/Groundplants 1_D 1457.mat using Guid(8b32cb1dbbd9b43499e7d9cc5b5379f6) Importer(2089858483,b0f066a214c2f5e87bad3c948f4d605d) (ScriptedImporter) -> (artifact id: '3808384260a4bb1b4cd0d9f44b6b77f9') in 0.0760277 seconds
Number of updated asset objects reloaded before import = 0Number of asset objects unloaded after import = 1

========================================================================
Received Import Request.
  Time since last request: 0.000043 seconds.
  path: Assets/Grass And Flowers Pack 1/Ground Textures/Materials/Groundplants 1_D 1473.mat
  artifactKey: Guid(00d3068b8930d484690cfc9f1a457fa5) Importer(2089858483,b0f066a214c2f5e87bad3c948f4d605d)
Start importing Assets/Grass And Flowers Pack 1/Ground Textures/Materials/Groundplants 1_D 1473.mat using Guid(00d3068b8930d484690cfc9f1a457fa5) Importer(2089858483,b0f066a214c2f5e87bad3c948f4d605d) (ScriptedImporter) -> (artifact id: '9e0273ddb135d052f1f746c47c562f4c') in 0.1924038 seconds
Number of updated asset objects reloaded before import = 0Number of asset objects unloaded after import = 1

========================================================================
Received Import Request.
  Time since last request: 0.000061 seconds.
  path: Assets/Grass And Flowers Pack 1/Ground Textures/Materials/Groundplants 1_D 1469.mat
  artifactKey: Guid(d040f224f3e4dba429ed7931386d4986) Importer(2089858483,b0f066a214c2f5e87bad3c948f4d605d)
Start importing Assets/Grass And Flowers Pack 1/Ground Textures/Materials/Groundplants 1_D 1469.mat using Guid(d040f224f3e4dba429ed7931386d4986) Importer(2089858483,b0f066a214c2f5e87bad3c948f4d605d) (ScriptedImporter) -> (artifact id: 'bcc370975bef4b425870679b315671b8') in 0.1340742 seconds
Number of updated asset objects reloaded before import = 0Number of asset objects unloaded after import = 1

========================================================================
Received Import Request.
  Time since last request: 0.000054 seconds.
  path: Assets/Grass And Flowers Pack 1/Ground Textures/Materials/Groundplants 1_D 1480.mat
  artifactKey: Guid(2decc834851eeb04d88f03bdf2cf49ca) Importer(2089858483,b0f066a214c2f5e87bad3c948f4d605d)
Start importing Assets/Grass And Flowers Pack 1/Ground Textures/Materials/Groundplants 1_D 1480.mat using Guid(2decc834851eeb04d88f03bdf2cf49ca) Importer(2089858483,b0f066a214c2f5e87bad3c948f4d605d) (ScriptedImporter) -> (artifact id: '601aabcfa5e299926b734e7c2ffa83c9') in 0.1096243 seconds
Number of updated asset objects reloaded before import = 0Number of asset objects unloaded after import = 1

========================================================================
Received Import Request.
  Time since last request: 0.000063 seconds.
  path: Assets/Grass And Flowers Pack 1/Ground Textures/Materials/Groundplants 1_D 1477.mat
  artifactKey: Guid(f0d46fef1e1d7ad4da6377999cda94e7) Importer(2089858483,b0f066a214c2f5e87bad3c948f4d605d)
Start importing Assets/Grass And Flowers Pack 1/Ground Textures/Materials/Groundplants 1_D 1477.mat using Guid(f0d46fef1e1d7ad4da6377999cda94e7) Importer(2089858483,b0f066a214c2f5e87bad3c948f4d605d) (ScriptedImporter) -> (artifact id: '444b6644bbc265c671e74d215cca76a6') in 0.103372 seconds
Number of updated asset objects reloaded before import = 0Number of asset objects unloaded after import = 1

========================================================================
Received Import Request.
  Time since last request: 0.000044 seconds.
  path: Assets/Grass And Flowers Pack 1/Ground Textures/Materials/Groundplants 1_D 1303.mat
  artifactKey: Guid(9bfaeee71713b9d4d87963eeaa7d8b48) Importer(2089858483,b0f066a214c2f5e87bad3c948f4d605d)
Start importing Assets/Grass And Flowers Pack 1/Ground Textures/Materials/Groundplants 1_D 1303.mat using Guid(9bfaeee71713b9d4d87963eeaa7d8b48) Importer(2089858483,b0f066a214c2f5e87bad3c948f4d605d) (ScriptedImporter) -> (artifact id: '7ae2440b53dcab22dddf0e64a1fd71db') in 0.9077497 seconds
Number of updated asset objects reloaded before import = 0Number of asset objects unloaded after import = 1

========================================================================
Received Import Request.
  Time since last request: 0.000066 seconds.
  path: Assets/Grass And Flowers Pack 1/Ground Textures/Materials/Groundplants 1_D 1318.mat
  artifactKey: Guid(f09aadb956a514f459a5e4413753f033) Importer(2089858483,b0f066a214c2f5e87bad3c948f4d605d)
Start importing Assets/Grass And Flowers Pack 1/Ground Textures/Materials/Groundplants 1_D 1318.mat using Guid(f09aadb956a514f459a5e4413753f033) Importer(2089858483,b0f066a214c2f5e87bad3c948f4d605d) (ScriptedImporter) -> (artifact id: 'dc57f3c83db60e9e2b71b142cf77f57a') in 0.1863377 seconds
Number of updated asset objects reloaded before import = 0Number of asset objects unloaded after import = 1

========================================================================
Received Import Request.
  Time since last request: 0.000075 seconds.
  path: Assets/Grass And Flowers Pack 1/Ground Textures/Materials/Groundplants 1_D 1120.mat
  artifactKey: Guid(61fb1650c28c80c4fabbbb74196425d9) Importer(2089858483,b0f066a214c2f5e87bad3c948f4d605d)
Start importing Assets/Grass And Flowers Pack 1/Ground Textures/Materials/Groundplants 1_D 1120.mat using Guid(61fb1650c28c80c4fabbbb74196425d9) Importer(2089858483,b0f066a214c2f5e87bad3c948f4d605d) (ScriptedImporter) -> (artifact id: '99a49a95358fb9bda7b58b775a52e2c1') in 0.2329179 seconds
Number of updated asset objects reloaded before import = 0Number of asset objects unloaded after import = 1

========================================================================
Received Import Request.
  Time since last request: 0.000068 seconds.
  path: Assets/Grass And Flowers Pack 1/Ground Textures/Materials/Groundplants 1_D 1374.mat
  artifactKey: Guid(8cb1a90dc7c989942ab2ac6f73255a78) Importer(2089858483,b0f066a214c2f5e87bad3c948f4d605d)
Start importing Assets/Grass And Flowers Pack 1/Ground Textures/Materials/Groundplants 1_D 1374.mat using Guid(8cb1a90dc7c989942ab2ac6f73255a78) Importer(2089858483,b0f066a214c2f5e87bad3c948f4d605d) (ScriptedImporter) -> (artifact id: '76b3c9fd073a9c827ebb7a05af5df29b') in 0.0527014 seconds
Number of updated asset objects reloaded before import = 0Number of asset objects unloaded after import = 1

========================================================================
Received Import Request.
  Time since last request: 0.000063 seconds.
  path: Assets/Grass And Flowers Pack 1/Ground Textures/Materials/Groundplants 1_D 1180.mat
  artifactKey: Guid(1ca5859c123f385408b82e15d34f5e39) Importer(2089858483,b0f066a214c2f5e87bad3c948f4d605d)
Start importing Assets/Grass And Flowers Pack 1/Ground Textures/Materials/Groundplants 1_D 1180.mat using Guid(1ca5859c123f385408b82e15d34f5e39) Importer(2089858483,b0f066a214c2f5e87bad3c948f4d605d) (ScriptedImporter) -> (artifact id: 'ca232ec95f72ad650fc99f763616364a') in 0.1235167 seconds
Number of updated asset objects reloaded before import = 0Number of asset objects unloaded after import = 1

========================================================================
Received Import Request.
  Time since last request: 0.000052 seconds.
  path: Assets/Grass And Flowers Pack 1/Ground Textures/Materials/Groundplants 1_D 1109.mat
  artifactKey: Guid(e9694e9f31efe1941bf5b8550356e646) Importer(2089858483,b0f066a214c2f5e87bad3c948f4d605d)
Start importing Assets/Grass And Flowers Pack 1/Ground Textures/Materials/Groundplants 1_D 1109.mat using Guid(e9694e9f31efe1941bf5b8550356e646) Importer(2089858483,b0f066a214c2f5e87bad3c948f4d605d) (ScriptedImporter) -> (artifact id: '3c6788c0b58bf25744299305103f7427') in 0.0810784 seconds
Number of updated asset objects reloaded before import = 0Number of asset objects unloaded after import = 1

========================================================================
Received Import Request.
  Time since last request: 0.000193 seconds.
  path: Assets/Grass And Flowers Pack 1/Ground Textures/Materials/Groundplants 1_D 1248.mat
  artifactKey: Guid(f2950aa0933c5ea4caee2ab5a0de037e) Importer(2089858483,b0f066a214c2f5e87bad3c948f4d605d)
Start importing Assets/Grass And Flowers Pack 1/Ground Textures/Materials/Groundplants 1_D 1248.mat using Guid(f2950aa0933c5ea4caee2ab5a0de037e) Importer(2089858483,b0f066a214c2f5e87bad3c948f4d605d) (ScriptedImporter) -> (artifact id: '06f2cc0f4b7a086ed648ead50a7075ae') in 0.2500563 seconds
Number of updated asset objects reloaded before import = 0Number of asset objects unloaded after import = 1

========================================================================
Received Import Request.
  Time since last request: 0.000068 seconds.
  path: Assets/Grass And Flowers Pack 1/Ground Textures/Materials/Groundplants 1_D 1271.mat
  artifactKey: Guid(e2c995b27f1dec6448d9a43d68e1e475) Importer(2089858483,b0f066a214c2f5e87bad3c948f4d605d)
Start importing Assets/Grass And Flowers Pack 1/Ground Textures/Materials/Groundplants 1_D 1271.mat using Guid(e2c995b27f1dec6448d9a43d68e1e475) Importer(2089858483,b0f066a214c2f5e87bad3c948f4d605d) (ScriptedImporter) -> (artifact id: 'bd4d169fc0e4f26836217c930d678c11') in 0.0889116 seconds
Number of updated asset objects reloaded before import = 0Number of asset objects unloaded after import = 1

========================================================================
Received Import Request.
  Time since last request: 0.000049 seconds.
  path: Assets/Grass And Flowers Pack 1/Ground Textures/Materials/Groundplants 1_D 1442.mat
  artifactKey: Guid(8531f1d7d02bae647bdd167d0fc75ca3) Importer(2089858483,b0f066a214c2f5e87bad3c948f4d605d)
Start importing Assets/Grass And Flowers Pack 1/Ground Textures/Materials/Groundplants 1_D 1442.mat using Guid(8531f1d7d02bae647bdd167d0fc75ca3) Importer(2089858483,b0f066a214c2f5e87bad3c948f4d605d) (ScriptedImporter) -> (artifact id: '4eaace3a68637dac1c9f01b060125f63') in 0.0518349 seconds
Number of updated asset objects reloaded before import = 0Number of asset objects unloaded after import = 1

========================================================================
Received Import Request.
  Time since last request: 0.000074 seconds.
  path: Assets/Grass And Flowers Pack 1/Ground Textures/Materials/Groundplants 1_D 1010.mat
  artifactKey: Guid(7e7d1207713098a4da461aa8e125a7fe) Importer(2089858483,b0f066a214c2f5e87bad3c948f4d605d)
Start importing Assets/Grass And Flowers Pack 1/Ground Textures/Materials/Groundplants 1_D 1010.mat using Guid(7e7d1207713098a4da461aa8e125a7fe) Importer(2089858483,b0f066a214c2f5e87bad3c948f4d605d) (ScriptedImporter) -> (artifact id: 'e47afe4d9427956753f23979c286991c') in 0.1968161 seconds
Number of updated asset objects reloaded before import = 0Number of asset objects unloaded after import = 1

========================================================================
Received Import Request.
  Time since last request: 0.000079 seconds.
  path: Assets/Grass And Flowers Pack 1/Ground Textures/Materials/Groundplants 1_D 1199.mat
  artifactKey: Guid(cd0345e7094a33b4f872fa2193d96bcb) Importer(2089858483,b0f066a214c2f5e87bad3c948f4d605d)
Start importing Assets/Grass And Flowers Pack 1/Ground Textures/Materials/Groundplants 1_D 1199.mat using Guid(cd0345e7094a33b4f872fa2193d96bcb) Importer(2089858483,b0f066a214c2f5e87bad3c948f4d605d) (ScriptedImporter) -> (artifact id: '2eb9eeb0399fa2da6a4abb11757f745c') in 0.2400424 seconds
Number of updated asset objects reloaded before import = 0Number of asset objects unloaded after import = 1

========================================================================
Received Import Request.
  Time since last request: 0.000073 seconds.
  path: Assets/Grass And Flowers Pack 1/Ground Textures/Materials/Groundplants 1_D 1164.mat
  artifactKey: Guid(cf7a2a08dbbb8274882447e764a8b7fe) Importer(2089858483,b0f066a214c2f5e87bad3c948f4d605d)
Start importing Assets/Grass And Flowers Pack 1/Ground Textures/Materials/Groundplants 1_D 1164.mat using Guid(cf7a2a08dbbb8274882447e764a8b7fe) Importer(2089858483,b0f066a214c2f5e87bad3c948f4d605d) (ScriptedImporter) -> (artifact id: 'f8e7c93d39ddfd3d2435ad9392046969') in 0.0448864 seconds
Number of updated asset objects reloaded before import = 0Number of asset objects unloaded after import = 1

========================================================================
Received Import Request.
  Time since last request: 0.000046 seconds.
  path: Assets/Grass And Flowers Pack 1/Ground Textures/Materials/Groundplants 1_D 1031.mat
  artifactKey: Guid(fd77f358b8e363345a5e641b14aa7ae5) Importer(2089858483,b0f066a214c2f5e87bad3c948f4d605d)
Start importing Assets/Grass And Flowers Pack 1/Ground Textures/Materials/Groundplants 1_D 1031.mat using Guid(fd77f358b8e363345a5e641b14aa7ae5) Importer(2089858483,b0f066a214c2f5e87bad3c948f4d605d) (ScriptedImporter) -> (artifact id: '26473f601f924d8a65e035ed05d025f2') in 0.0612414 seconds
Number of updated asset objects reloaded before import = 0Number of asset objects unloaded after import = 1

========================================================================
Received Import Request.
  Time since last request: 0.000119 seconds.
  path: Assets/Grass And Flowers Pack 1/Ground Textures/Materials/Groundplants 1_D 1259.mat
  artifactKey: Guid(ee7783b01a6ff944eaec118d71e921c6) Importer(2089858483,b0f066a214c2f5e87bad3c948f4d605d)
Start importing Assets/Grass And Flowers Pack 1/Ground Textures/Materials/Groundplants 1_D 1259.mat using Guid(ee7783b01a6ff944eaec118d71e921c6) Importer(2089858483,b0f066a214c2f5e87bad3c948f4d605d) (ScriptedImporter) -> (artifact id: 'f9e9c49f51f21e14cab7edc4eae55cbd') in 0.1372997 seconds
Number of updated asset objects reloaded before import = 0Number of asset objects unloaded after import = 1

========================================================================
Received Import Request.
  Time since last request: 0.000041 seconds.
  path: Assets/Grass And Flowers Pack 1/Ground Textures/Materials/Groundplants 1_D 1020.mat
  artifactKey: Guid(09c8a70f40e6dfd43b93599df125babe) Importer(2089858483,b0f066a214c2f5e87bad3c948f4d605d)
Start importing Assets/Grass And Flowers Pack 1/Ground Textures/Materials/Groundplants 1_D 1020.mat using Guid(09c8a70f40e6dfd43b93599df125babe) Importer(2089858483,b0f066a214c2f5e87bad3c948f4d605d) (ScriptedImporter) -> (artifact id: '9e0075c3107ce8218b8f2d7fbf42979b') in 0.0778519 seconds
Number of updated asset objects reloaded before import = 0Number of asset objects unloaded after import = 1

========================================================================
Received Import Request.
  Time since last request: 0.000058 seconds.
  path: Assets/Grass And Flowers Pack 1/Ground Textures/Materials/Groundplants 1_D 1204.mat
  artifactKey: Guid(8c2d3ed0349430c4c9776fd132b6817d) Importer(2089858483,b0f066a214c2f5e87bad3c948f4d605d)
Start importing Assets/Grass And Flowers Pack 1/Ground Textures/Materials/Groundplants 1_D 1204.mat using Guid(8c2d3ed0349430c4c9776fd132b6817d) Importer(2089858483,b0f066a214c2f5e87bad3c948f4d605d) (ScriptedImporter) -> (artifact id: '2c08317fa8ac66f0bffcd3b923daffa3') in 0.165105 seconds
Number of updated asset objects reloaded before import = 0Number of asset objects unloaded after import = 1

========================================================================
Received Import Request.
  Time since last request: 0.000051 seconds.
  path: Assets/Grass And Flowers Pack 1/Ground Textures/Materials/Groundplants 1_D 1368.mat
  artifactKey: Guid(3fe7269058ff1ac46ad6f82b7b17b0a3) Importer(2089858483,b0f066a214c2f5e87bad3c948f4d605d)
Start importing Assets/Grass And Flowers Pack 1/Ground Textures/Materials/Groundplants 1_D 1368.mat using Guid(3fe7269058ff1ac46ad6f82b7b17b0a3) Importer(2089858483,b0f066a214c2f5e87bad3c948f4d605d) (ScriptedImporter) -> (artifact id: '78ae3d037fde37d0e44672a1256ecd02') in 0.1940705 seconds
Number of updated asset objects reloaded before import = 0Number of asset objects unloaded after import = 1

========================================================================
Received Import Request.
  Time since last request: 2.177153 seconds.
  path: Assets/Grass And Flowers Pack 1/Ground Textures/Materials/Groundplants 1_D 1491.mat
  artifactKey: Guid(65b6b862baa28b745ac3f1d49868e4c5) Importer(2089858483,b0f066a214c2f5e87bad3c948f4d605d)
Start importing Assets/Grass And Flowers Pack 1/Ground Textures/Materials/Groundplants 1_D 1491.mat using Guid(65b6b862baa28b745ac3f1d49868e4c5) Importer(2089858483,b0f066a214c2f5e87bad3c948f4d605d) (ScriptedImporter) -> (artifact id: '8bdeef269710d68e8429de907cb3f79c') in 0.0557391 seconds
Number of updated asset objects reloaded before import = 0Number of asset objects unloaded after import = 2

========================================================================
Received Import Request.
  Time since last request: 0.000046 seconds.
  path: Assets/Grass And Flowers Pack 1/Ground Textures/Materials/Groundplants 1_D 1541.mat
  artifactKey: Guid(bc3480c90e8868e4fa4ab6f9adc64b17) Importer(2089858483,b0f066a214c2f5e87bad3c948f4d605d)
Start importing Assets/Grass And Flowers Pack 1/Ground Textures/Materials/Groundplants 1_D 1541.mat using Guid(bc3480c90e8868e4fa4ab6f9adc64b17) Importer(2089858483,b0f066a214c2f5e87bad3c948f4d605d) (ScriptedImporter) -> (artifact id: 'cd52dd6f85b2d68c65716c7f7d083326') in 0.0505064 seconds
Number of updated asset objects reloaded before import = 0Number of asset objects unloaded after import = 2

========================================================================
Received Import Request.
  Time since last request: 0.000076 seconds.
  path: Assets/Grass And Flowers Pack 1/Ground Textures/Materials/Groundplants 1_D 1545.mat
  artifactKey: Guid(6b319bd5964d54c4bb48ae4ca7579bf3) Importer(2089858483,b0f066a214c2f5e87bad3c948f4d605d)
Start importing Assets/Grass And Flowers Pack 1/Ground Textures/Materials/Groundplants 1_D 1545.mat using Guid(6b319bd5964d54c4bb48ae4ca7579bf3) Importer(2089858483,b0f066a214c2f5e87bad3c948f4d605d) (ScriptedImporter) -> (artifact id: '76b363020199bbfafceb29975636b415') in 0.1447635 seconds
Number of updated asset objects reloaded before import = 0Number of asset objects unloaded after import = 2

========================================================================
Received Import Request.
  Time since last request: 0.000057 seconds.
  path: Assets/Grass And Flowers Pack 1/Ground Textures/Materials/Groundplants 1_D 1591.mat
  artifactKey: Guid(375d93d0847e6214391612c879fc214e) Importer(2089858483,b0f066a214c2f5e87bad3c948f4d605d)
Start importing Assets/Grass And Flowers Pack 1/Ground Textures/Materials/Groundplants 1_D 1591.mat using Guid(375d93d0847e6214391612c879fc214e) Importer(2089858483,b0f066a214c2f5e87bad3c948f4d605d) (ScriptedImporter) -> (artifact id: '2d9f9221bcf57c0032f907eb6996b492') in 0.0856908 seconds
Number of updated asset objects reloaded before import = 0Number of asset objects unloaded after import = 2

========================================================================
Received Import Request.
  Time since last request: 0.000066 seconds.
  path: Assets/Grass And Flowers Pack 1/Ground Textures/Materials/Groundplants 1_D 1514.mat
  artifactKey: Guid(af4c7d3c45966aa41b19535ddb2afda2) Importer(2089858483,b0f066a214c2f5e87bad3c948f4d605d)
Start importing Assets/Grass And Flowers Pack 1/Ground Textures/Materials/Groundplants 1_D 1514.mat using Guid(af4c7d3c45966aa41b19535ddb2afda2) Importer(2089858483,b0f066a214c2f5e87bad3c948f4d605d) (ScriptedImporter) -> (artifact id: 'b34ba6fcf91e55bf0f4a3ed143466bee') in 0.0599854 seconds
Number of updated asset objects reloaded before import = 0Number of asset objects unloaded after import = 2

========================================================================
Received Import Request.
  Time since last request: 0.000041 seconds.
  path: Assets/Grass And Flowers Pack 1/Ground Textures/Materials/Groundplants 1_D 1570.mat
  artifactKey: Guid(567cdebe7801b0547be8080cde4a7d2a) Importer(2089858483,b0f066a214c2f5e87bad3c948f4d605d)
Start importing Assets/Grass And Flowers Pack 1/Ground Textures/Materials/Groundplants 1_D 1570.mat using Guid(567cdebe7801b0547be8080cde4a7d2a) Importer(2089858483,b0f066a214c2f5e87bad3c948f4d605d) (ScriptedImporter) -> (artifact id: '869cf4613c4d795454b310d5a2bcff17') in 0.0747935 seconds
Number of updated asset objects reloaded before import = 0Number of asset objects unloaded after import = 2

========================================================================
Received Import Request.
  Time since last request: 0.000064 seconds.
  path: Assets/Grass And Flowers Pack 1/Ground Textures/Materials/Groundplants 1_D 1547.mat
  artifactKey: Guid(2823231aa1d026b46b2f56146466e43a) Importer(2089858483,b0f066a214c2f5e87bad3c948f4d605d)
Start importing Assets/Grass And Flowers Pack 1/Ground Textures/Materials/Groundplants 1_D 1547.mat using Guid(2823231aa1d026b46b2f56146466e43a) Importer(2089858483,b0f066a214c2f5e87bad3c948f4d605d) (ScriptedImporter) -> (artifact id: 'c8c2f95af807d9868dcdbee5999171b6') in 0.1185725 seconds
Number of updated asset objects reloaded before import = 0Number of asset objects unloaded after import = 2

========================================================================
Received Import Request.
  Time since last request: 0.000052 seconds.
  path: Assets/Grass And Flowers Pack 1/Ground Textures/Materials/Groundplants 1_D 1613.mat
  artifactKey: Guid(ef3ef4dc76eadef479a909bcd2635811) Importer(2089858483,b0f066a214c2f5e87bad3c948f4d605d)
Start importing Assets/Grass And Flowers Pack 1/Ground Textures/Materials/Groundplants 1_D 1613.mat using Guid(ef3ef4dc76eadef479a909bcd2635811) Importer(2089858483,b0f066a214c2f5e87bad3c948f4d605d) (ScriptedImporter) -> (artifact id: 'c6e06afcc1efd2bb8dde9788cc2d4f34') in 0.1609481 seconds
Number of updated asset objects reloaded before import = 0Number of asset objects unloaded after import = 2

========================================================================
Received Import Request.
  Time since last request: 0.000060 seconds.
  path: Assets/Grass And Flowers Pack 1/Ground Textures/Materials/Groundplants 1_D 1510.mat
  artifactKey: Guid(516c68d28d3971b48bc5be8d27857f1c) Importer(2089858483,b0f066a214c2f5e87bad3c948f4d605d)
Start importing Assets/Grass And Flowers Pack 1/Ground Textures/Materials/Groundplants 1_D 1510.mat using Guid(516c68d28d3971b48bc5be8d27857f1c) Importer(2089858483,b0f066a214c2f5e87bad3c948f4d605d) (ScriptedImporter) -> (artifact id: 'c5639c43b755e1a0780b55d5fe1f3d04') in 0.2011003 seconds
Number of updated asset objects reloaded before import = 0Number of asset objects unloaded after import = 2

========================================================================
Received Import Request.
  Time since last request: 0.000071 seconds.
  path: Assets/Grass And Flowers Pack 1/Ground Textures/Materials/Groundplants 1_D 1543.mat
  artifactKey: Guid(8da6fe6aef0451f45a375968518b5b03) Importer(2089858483,b0f066a214c2f5e87bad3c948f4d605d)
Start importing Assets/Grass And Flowers Pack 1/Ground Textures/Materials/Groundplants 1_D 1543.mat using Guid(8da6fe6aef0451f45a375968518b5b03) Importer(2089858483,b0f066a214c2f5e87bad3c948f4d605d) (ScriptedImporter) -> (artifact id: '80c40964913bb2420bb4d110207b374b') in 0.0589759 seconds
Number of updated asset objects reloaded before import = 0Number of asset objects unloaded after import = 2

========================================================================
Received Import Request.
  Time since last request: 0.000071 seconds.
  path: Assets/Grass And Flowers Pack 1/Ground Textures/Materials/Groundplants 1_D 1562.mat
  artifactKey: Guid(69cb8581b58013f42ad3ef397bde9452) Importer(2089858483,b0f066a214c2f5e87bad3c948f4d605d)
Start importing Assets/Grass And Flowers Pack 1/Ground Textures/Materials/Groundplants 1_D 1562.mat using Guid(69cb8581b58013f42ad3ef397bde9452) Importer(2089858483,b0f066a214c2f5e87bad3c948f4d605d) (ScriptedImporter) -> (artifact id: 'f17d9f17c52d02f79d0ec6dfc9b03f6b') in 0.1293841 seconds
Number of updated asset objects reloaded before import = 0Number of asset objects unloaded after import = 2

========================================================================
Received Import Request.
  Time since last request: 0.000047 seconds.
  path: Assets/Grass And Flowers Pack 1/Ground Textures/Materials/Groundplants 1_D 1530.mat
  artifactKey: Guid(91295a22793ad74459ccc41e8564b724) Importer(2089858483,b0f066a214c2f5e87bad3c948f4d605d)
Start importing Assets/Grass And Flowers Pack 1/Ground Textures/Materials/Groundplants 1_D 1530.mat using Guid(91295a22793ad74459ccc41e8564b724) Importer(2089858483,b0f066a214c2f5e87bad3c948f4d605d) (ScriptedImporter) -> (artifact id: '4ca05459b134668cd3d050b86fc85c16') in 0.1046013 seconds
Number of updated asset objects reloaded before import = 0Number of asset objects unloaded after import = 2

========================================================================
Received Import Request.
  Time since last request: 0.000074 seconds.
  path: Assets/Grass And Flowers Pack 1/Ground Textures/Materials/Groundplants 1_D 1640.mat
  artifactKey: Guid(4d79961f307358d47b20f1ebbe9e99ce) Importer(2089858483,b0f066a214c2f5e87bad3c948f4d605d)
Start importing Assets/Grass And Flowers Pack 1/Ground Textures/Materials/Groundplants 1_D 1640.mat using Guid(4d79961f307358d47b20f1ebbe9e99ce) Importer(2089858483,b0f066a214c2f5e87bad3c948f4d605d) (ScriptedImporter) -> (artifact id: '0e1feaed52d1ad36b0edebe2ce850564') in 0.0513199 seconds
Number of updated asset objects reloaded before import = 0Number of asset objects unloaded after import = 2

========================================================================
Received Import Request.
  Time since last request: 0.000038 seconds.
  path: Assets/Grass And Flowers Pack 1/Ground Textures/Materials/Groundplants 1_D 1525.mat
  artifactKey: Guid(7fdca87ad0787d240b5368da6de47b8a) Importer(2089858483,b0f066a214c2f5e87bad3c948f4d605d)
Start importing Assets/Grass And Flowers Pack 1/Ground Textures/Materials/Groundplants 1_D 1525.mat using Guid(7fdca87ad0787d240b5368da6de47b8a) Importer(2089858483,b0f066a214c2f5e87bad3c948f4d605d) (ScriptedImporter) -> (artifact id: '8dbb4ff1acbe66ee07e573a1c6b1fb66') in 0.0538175 seconds
Number of updated asset objects reloaded before import = 0Number of asset objects unloaded after import = 2

========================================================================
Received Import Request.
  Time since last request: 0.000052 seconds.
  path: Assets/Grass And Flowers Pack 1/Ground Textures/Materials/Groundplants 1_D 1646.mat
  artifactKey: Guid(6512b91fbf0ab4344bb4b0d2b315f94a) Importer(2089858483,b0f066a214c2f5e87bad3c948f4d605d)
Start importing Assets/Grass And Flowers Pack 1/Ground Textures/Materials/Groundplants 1_D 1646.mat using Guid(6512b91fbf0ab4344bb4b0d2b315f94a) Importer(2089858483,b0f066a214c2f5e87bad3c948f4d605d) (ScriptedImporter) -> (artifact id: 'b8e7b11e5a407339ebfc2e2b3fb5341d') in 0.0495592 seconds
Number of updated asset objects reloaded before import = 0Number of asset objects unloaded after import = 2

========================================================================
Received Import Request.
  Time since last request: 0.000054 seconds.
  path: Assets/Grass And Flowers Pack 1/Ground Textures/Materials/Groundplants 1_D 1643.mat
  artifactKey: Guid(1b930a3d426532b4b8597e3f6e00fbbd) Importer(2089858483,b0f066a214c2f5e87bad3c948f4d605d)
Start importing Assets/Grass And Flowers Pack 1/Ground Textures/Materials/Groundplants 1_D 1643.mat using Guid(1b930a3d426532b4b8597e3f6e00fbbd) Importer(2089858483,b0f066a214c2f5e87bad3c948f4d605d) (ScriptedImporter) -> (artifact id: '1073b143fe8fab30fa5472cd9739dff1') in 0.0610898 seconds
Number of updated asset objects reloaded before import = 0Number of asset objects unloaded after import = 2

========================================================================
Received Import Request.
  Time since last request: 0.000043 seconds.
  path: Assets/Grass And Flowers Pack 1/Ground Textures/Materials/Groundplants 1_D 1657.mat
  artifactKey: Guid(d9621daeaeb0af144b03b65f2909ed87) Importer(2089858483,b0f066a214c2f5e87bad3c948f4d605d)
Start importing Assets/Grass And Flowers Pack 1/Ground Textures/Materials/Groundplants 1_D 1657.mat using Guid(d9621daeaeb0af144b03b65f2909ed87) Importer(2089858483,b0f066a214c2f5e87bad3c948f4d605d) (ScriptedImporter) -> (artifact id: '01be17a4c39220d14e11cc852358b64d') in 0.0402892 seconds
Number of updated asset objects reloaded before import = 0Number of asset objects unloaded after import = 2

========================================================================
Received Import Request.
  Time since last request: 0.000074 seconds.
  path: Assets/Grass And Flowers Pack 1/Ground Textures/Materials/Groundplants 1_D 1659.mat
  artifactKey: Guid(7378b1822ccebeb4faaf9d38646c19bb) Importer(2089858483,b0f066a214c2f5e87bad3c948f4d605d)
Start importing Assets/Grass And Flowers Pack 1/Ground Textures/Materials/Groundplants 1_D 1659.mat using Guid(7378b1822ccebeb4faaf9d38646c19bb) Importer(2089858483,b0f066a214c2f5e87bad3c948f4d605d) (ScriptedImporter) -> (artifact id: 'f1023cd577fbe4250f7f1b865a483476') in 0.043451 seconds
Number of updated asset objects reloaded before import = 0Number of asset objects unloaded after import = 2

========================================================================
Received Import Request.
  Time since last request: 0.000048 seconds.
  path: Assets/Grass And Flowers Pack 1/Ground Textures/Materials/Groundplants 1_D 1578.mat
  artifactKey: Guid(54a19fc288c547745971c17e9b05091d) Importer(2089858483,b0f066a214c2f5e87bad3c948f4d605d)
Start importing Assets/Grass And Flowers Pack 1/Ground Textures/Materials/Groundplants 1_D 1578.mat using Guid(54a19fc288c547745971c17e9b05091d) Importer(2089858483,b0f066a214c2f5e87bad3c948f4d605d) (ScriptedImporter) -> (artifact id: '8acfb5375ac08faad6c72f54844de8ac') in 0.0430611 seconds
Number of updated asset objects reloaded before import = 0Number of asset objects unloaded after import = 2

========================================================================
Received Import Request.
  Time since last request: 0.000085 seconds.
  path: Assets/Grass And Flowers Pack 1/Ground Textures/Materials/Groundplants 1_D 1662.mat
  artifactKey: Guid(f78c40bcc27fcd4439061bb3e61a03b9) Importer(2089858483,b0f066a214c2f5e87bad3c948f4d605d)
Start importing Assets/Grass And Flowers Pack 1/Ground Textures/Materials/Groundplants 1_D 1662.mat using Guid(f78c40bcc27fcd4439061bb3e61a03b9) Importer(2089858483,b0f066a214c2f5e87bad3c948f4d605d) (ScriptedImporter) -> (artifact id: 'd0ad2931d6ac5692160cc3cbd3d39012') in 0.0456356 seconds
Number of updated asset objects reloaded before import = 0Number of asset objects unloaded after import = 2

========================================================================
Received Import Request.
  Time since last request: 0.000052 seconds.
  path: Assets/Grass And Flowers Pack 1/Ground Textures/Materials/Groundplants 1_D 1502.mat
  artifactKey: Guid(f2886d1a2147bea49837d8c9ac386db7) Importer(2089858483,b0f066a214c2f5e87bad3c948f4d605d)
Start importing Assets/Grass And Flowers Pack 1/Ground Textures/Materials/Groundplants 1_D 1502.mat using Guid(f2886d1a2147bea49837d8c9ac386db7) Importer(2089858483,b0f066a214c2f5e87bad3c948f4d605d) (ScriptedImporter) -> (artifact id: 'ee5ce036d0a469d5ef12f58cc3a6cae9') in 0.0427534 seconds
Number of updated asset objects reloaded before import = 0Number of asset objects unloaded after import = 2

========================================================================
Received Import Request.
  Time since last request: 0.000068 seconds.
  path: Assets/Grass And Flowers Pack 1/Ground Textures/Materials/Groundplants 1_D 1681.mat
  artifactKey: Guid(8f2f8491c0e48fc47be2da6a9e6beff4) Importer(2089858483,b0f066a214c2f5e87bad3c948f4d605d)
Start importing Assets/Grass And Flowers Pack 1/Ground Textures/Materials/Groundplants 1_D 1681.mat using Guid(8f2f8491c0e48fc47be2da6a9e6beff4) Importer(2089858483,b0f066a214c2f5e87bad3c948f4d605d) (ScriptedImporter) -> (artifact id: '3bb62dea107e57b32ce3d603ddbc7c98') in 0.0490662 seconds
Number of updated asset objects reloaded before import = 0Number of asset objects unloaded after import = 2

========================================================================
Received Import Request.
  Time since last request: 0.000048 seconds.
  path: Assets/Grass And Flowers Pack 1/Ground Textures/Materials/Groundplants 1_D 1671.mat
  artifactKey: Guid(51938f3767aa6eb40927a1b0f9d1164e) Importer(2089858483,b0f066a214c2f5e87bad3c948f4d605d)
Start importing Assets/Grass And Flowers Pack 1/Ground Textures/Materials/Groundplants 1_D 1671.mat using Guid(51938f3767aa6eb40927a1b0f9d1164e) Importer(2089858483,b0f066a214c2f5e87bad3c948f4d605d) (ScriptedImporter) -> (artifact id: 'fb9a7d6d3aaadaea3dbbb2a680b8e1cb') in 0.048195 seconds
Number of updated asset objects reloaded before import = 0Number of asset objects unloaded after import = 2

========================================================================
Received Import Request.
  Time since last request: 0.000077 seconds.
  path: Assets/Grass And Flowers Pack 1/Ground Textures/Materials/Groundplants 1_D 1532.mat
  artifactKey: Guid(98d4d0d4dbc22a04396a7228800a7ceb) Importer(2089858483,b0f066a214c2f5e87bad3c948f4d605d)
Start importing Assets/Grass And Flowers Pack 1/Ground Textures/Materials/Groundplants 1_D 1532.mat using Guid(98d4d0d4dbc22a04396a7228800a7ceb) Importer(2089858483,b0f066a214c2f5e87bad3c948f4d605d) (ScriptedImporter) -> (artifact id: '8de6ca5219abfe3ed05eabfb5c5beed0') in 0.0446714 seconds
Number of updated asset objects reloaded before import = 0Number of asset objects unloaded after import = 2

========================================================================
Received Import Request.
  Time since last request: 0.000067 seconds.
  path: Assets/Grass And Flowers Pack 1/Ground Textures/Materials/Groundplants 1_D 1537.mat
  artifactKey: Guid(1f2ee63efaee7ca4ab4d9c4154069e79) Importer(2089858483,b0f066a214c2f5e87bad3c948f4d605d)
Start importing Assets/Grass And Flowers Pack 1/Ground Textures/Materials/Groundplants 1_D 1537.mat using Guid(1f2ee63efaee7ca4ab4d9c4154069e79) Importer(2089858483,b0f066a214c2f5e87bad3c948f4d605d) (ScriptedImporter) -> (artifact id: 'cfe0b95f26fe9c962609e9c2d99cdd94') in 0.0467079 seconds
Number of updated asset objects reloaded before import = 0Number of asset objects unloaded after import = 2

========================================================================
Received Import Request.
  Time since last request: 0.000055 seconds.
  path: Assets/Grass And Flowers Pack 1/Ground Textures/Materials/Groundplants 1_D 1629.mat
  artifactKey: Guid(a1b27e314fb81ea448777ef4b455dcdc) Importer(2089858483,b0f066a214c2f5e87bad3c948f4d605d)
Start importing Assets/Grass And Flowers Pack 1/Ground Textures/Materials/Groundplants 1_D 1629.mat using Guid(a1b27e314fb81ea448777ef4b455dcdc) Importer(2089858483,b0f066a214c2f5e87bad3c948f4d605d) (ScriptedImporter) -> (artifact id: '9517c1a4dee57c4c9b8c2a4a60a93dce') in 0.0400602 seconds
Number of updated asset objects reloaded before import = 0Number of asset objects unloaded after import = 2

========================================================================
Received Import Request.
  Time since last request: 0.000074 seconds.
  path: Assets/Grass And Flowers Pack 1/Ground Textures/Materials/Groundplants 1_D 1697.mat
  artifactKey: Guid(3bc5c1a1ba4c2a1418a710f7abcc2139) Importer(2089858483,b0f066a214c2f5e87bad3c948f4d605d)
Start importing Assets/Grass And Flowers Pack 1/Ground Textures/Materials/Groundplants 1_D 1697.mat using Guid(3bc5c1a1ba4c2a1418a710f7abcc2139) Importer(2089858483,b0f066a214c2f5e87bad3c948f4d605d) (ScriptedImporter) -> (artifact id: '43e3ee20cbde174b82500918f619f60b') in 0.0377719 seconds
Number of updated asset objects reloaded before import = 0Number of asset objects unloaded after import = 2

========================================================================
Received Import Request.
  Time since last request: 0.000068 seconds.
  path: Assets/Grass And Flowers Pack 1/Ground Textures/Materials/Groundplants 1_D 1533.mat
  artifactKey: Guid(df5e2795434a7c045aa043a6b48aa6f4) Importer(2089858483,b0f066a214c2f5e87bad3c948f4d605d)
Start importing Assets/Grass And Flowers Pack 1/Ground Textures/Materials/Groundplants 1_D 1533.mat using Guid(df5e2795434a7c045aa043a6b48aa6f4) Importer(2089858483,b0f066a214c2f5e87bad3c948f4d605d) (ScriptedImporter) -> (artifact id: 'dc3033a273bf955073a46281d955bb38') in 0.0394162 seconds
Number of updated asset objects reloaded before import = 0Number of asset objects unloaded after import = 2

========================================================================
Received Import Request.
  Time since last request: 0.000082 seconds.
  path: Assets/Grass And Flowers Pack 1/Ground Textures/Materials/Groundplants 1_D 1716.mat
  artifactKey: Guid(fdca9112596caa1469ef1b4e97f5331f) Importer(2089858483,b0f066a214c2f5e87bad3c948f4d605d)
Start importing Assets/Grass And Flowers Pack 1/Ground Textures/Materials/Groundplants 1_D 1716.mat using Guid(fdca9112596caa1469ef1b4e97f5331f) Importer(2089858483,b0f066a214c2f5e87bad3c948f4d605d) (ScriptedImporter) -> (artifact id: '73908304536e45910496549938e52703') in 0.0409282 seconds
Number of updated asset objects reloaded before import = 0Number of asset objects unloaded after import = 2

========================================================================
Received Import Request.
  Time since last request: 0.000055 seconds.
  path: Assets/Grass And Flowers Pack 1/Ground Textures/Materials/Groundplants 1_D 1680.mat
  artifactKey: Guid(f81e32e7154f5824a9768e9a8d898c5d) Importer(2089858483,b0f066a214c2f5e87bad3c948f4d605d)
Start importing Assets/Grass And Flowers Pack 1/Ground Textures/Materials/Groundplants 1_D 1680.mat using Guid(f81e32e7154f5824a9768e9a8d898c5d) Importer(2089858483,b0f066a214c2f5e87bad3c948f4d605d) (ScriptedImporter) -> (artifact id: '255b5455a64446c48efd20ebda3890ed') in 0.0381798 seconds
Number of updated asset objects reloaded before import = 0Number of asset objects unloaded after import = 2

========================================================================
Received Import Request.
  Time since last request: 0.000081 seconds.
  path: Assets/Grass And Flowers Pack 1/Ground Textures/Materials/Groundplants 1_D 1590.mat
  artifactKey: Guid(5f88cc7db5c27d54398764ce9c5bcc15) Importer(2089858483,b0f066a214c2f5e87bad3c948f4d605d)
Start importing Assets/Grass And Flowers Pack 1/Ground Textures/Materials/Groundplants 1_D 1590.mat using Guid(5f88cc7db5c27d54398764ce9c5bcc15) Importer(2089858483,b0f066a214c2f5e87bad3c948f4d605d) (ScriptedImporter) -> (artifact id: 'b4b4b046926334ba2c816985d53ff7dc') in 0.0386988 seconds
Number of updated asset objects reloaded before import = 0Number of asset objects unloaded after import = 2

========================================================================
Received Import Request.
  Time since last request: 0.000056 seconds.
  path: Assets/Grass And Flowers Pack 1/Ground Textures/Materials/Groundplants 1_D 1733.mat
  artifactKey: Guid(0ac75c69aa296ee4692eb7c68c07fa40) Importer(2089858483,b0f066a214c2f5e87bad3c948f4d605d)
Start importing Assets/Grass And Flowers Pack 1/Ground Textures/Materials/Groundplants 1_D 1733.mat using Guid(0ac75c69aa296ee4692eb7c68c07fa40) Importer(2089858483,b0f066a214c2f5e87bad3c948f4d605d) (ScriptedImporter) -> (artifact id: '9fb9458596962bc70200c91152d1f80c') in 0.078871 seconds
Number of updated asset objects reloaded before import = 0Number of asset objects unloaded after import = 2

========================================================================
Received Import Request.
  Time since last request: 0.000087 seconds.
  path: Assets/Grass And Flowers Pack 1/Ground Textures/Materials/Groundplants 1_D 1729.mat
  artifactKey: Guid(ebe806232cd71b44d8a8e2ed16663bad) Importer(2089858483,b0f066a214c2f5e87bad3c948f4d605d)
Start importing Assets/Grass And Flowers Pack 1/Ground Textures/Materials/Groundplants 1_D 1729.mat using Guid(ebe806232cd71b44d8a8e2ed16663bad) Importer(2089858483,b0f066a214c2f5e87bad3c948f4d605d) (ScriptedImporter) -> (artifact id: '67872ea47d569b4fbf21844ebe42a3a5') in 0.0426162 seconds
Number of updated asset objects reloaded before import = 0Number of asset objects unloaded after import = 2

========================================================================
Received Import Request.
  Time since last request: 0.000077 seconds.
  path: Assets/Grass And Flowers Pack 1/Ground Textures/Materials/Groundplants 1_D 1738.mat
  artifactKey: Guid(0048928f1ce917b4da7323e5fc302708) Importer(2089858483,b0f066a214c2f5e87bad3c948f4d605d)
Start importing Assets/Grass And Flowers Pack 1/Ground Textures/Materials/Groundplants 1_D 1738.mat using Guid(0048928f1ce917b4da7323e5fc302708) Importer(2089858483,b0f066a214c2f5e87bad3c948f4d605d) (ScriptedImporter) -> (artifact id: '4ee5d19f6a71f5da0a31797dac6062b5') in 0.0396624 seconds
Number of updated asset objects reloaded before import = 0Number of asset objects unloaded after import = 2

========================================================================
Received Import Request.
  Time since last request: 0.000076 seconds.
  path: Assets/Grass And Flowers Pack 1/Ground Textures/Materials/Groundplants 1_D 1512.mat
  artifactKey: Guid(e403c08a7ecb8df46820e4fd114d16e2) Importer(2089858483,b0f066a214c2f5e87bad3c948f4d605d)
Start importing Assets/Grass And Flowers Pack 1/Ground Textures/Materials/Groundplants 1_D 1512.mat using Guid(e403c08a7ecb8df46820e4fd114d16e2) Importer(2089858483,b0f066a214c2f5e87bad3c948f4d605d) (ScriptedImporter) -> (artifact id: '927f11138adcff6e698c19e884048cea') in 0.0413268 seconds
Number of updated asset objects reloaded before import = 0Number of asset objects unloaded after import = 2

========================================================================
Received Import Request.
  Time since last request: 0.000067 seconds.
  path: Assets/Grass And Flowers Pack 1/Ground Textures/Materials/Groundplants 1_D 1526.mat
  artifactKey: Guid(1703a7b5ca310644d917ca16783430fe) Importer(2089858483,b0f066a214c2f5e87bad3c948f4d605d)
Start importing Assets/Grass And Flowers Pack 1/Ground Textures/Materials/Groundplants 1_D 1526.mat using Guid(1703a7b5ca310644d917ca16783430fe) Importer(2089858483,b0f066a214c2f5e87bad3c948f4d605d) (ScriptedImporter) -> (artifact id: 'd8585d863532a1f574728e5c178038d8') in 0.0388892 seconds
Number of updated asset objects reloaded before import = 0Number of asset objects unloaded after import = 2

========================================================================
Received Import Request.
  Time since last request: 0.000063 seconds.
  path: Assets/Grass And Flowers Pack 1/Ground Textures/Materials/Groundplants 1_D 1752.mat
  artifactKey: Guid(5c85754db09009f458467e912c6b6a16) Importer(2089858483,b0f066a214c2f5e87bad3c948f4d605d)
Start importing Assets/Grass And Flowers Pack 1/Ground Textures/Materials/Groundplants 1_D 1752.mat using Guid(5c85754db09009f458467e912c6b6a16) Importer(2089858483,b0f066a214c2f5e87bad3c948f4d605d) (ScriptedImporter) -> (artifact id: 'dc44ade61ff63bb2026a601fe6bf388e') in 0.0384265 seconds
Number of updated asset objects reloaded before import = 0Number of asset objects unloaded after import = 2

========================================================================
Received Import Request.
  Time since last request: 0.000037 seconds.
  path: Assets/Grass And Flowers Pack 1/Ground Textures/Materials/Groundplants 1_D 1745.mat
  artifactKey: Guid(974920cd33d841544b040258a686a557) Importer(2089858483,b0f066a214c2f5e87bad3c948f4d605d)
Start importing Assets/Grass And Flowers Pack 1/Ground Textures/Materials/Groundplants 1_D 1745.mat using Guid(974920cd33d841544b040258a686a557) Importer(2089858483,b0f066a214c2f5e87bad3c948f4d605d) (ScriptedImporter) -> (artifact id: '73e7c607e48a25935c1479987d0130d8') in 0.0361099 seconds
Number of updated asset objects reloaded before import = 0Number of asset objects unloaded after import = 2

========================================================================
Received Import Request.
  Time since last request: 0.000049 seconds.
  path: Assets/Grass And Flowers Pack 1/Ground Textures/Materials/Groundplants 1_D 1764.mat
  artifactKey: Guid(3d1c894b4c469a34fba61a5f09d49878) Importer(2089858483,b0f066a214c2f5e87bad3c948f4d605d)
Start importing Assets/Grass And Flowers Pack 1/Ground Textures/Materials/Groundplants 1_D 1764.mat using Guid(3d1c894b4c469a34fba61a5f09d49878) Importer(2089858483,b0f066a214c2f5e87bad3c948f4d605d) (ScriptedImporter) -> (artifact id: '4d79857e7e3feb94eed3c7c97c894e9a') in 0.0414233 seconds
Number of updated asset objects reloaded before import = 0Number of asset objects unloaded after import = 2

========================================================================
Received Import Request.
  Time since last request: 0.000074 seconds.
  path: Assets/Grass And Flowers Pack 1/Ground Textures/Materials/Groundplants 1_D 1714.mat
  artifactKey: Guid(7b84471ec8918aa42a138cb70a75ca2b) Importer(2089858483,b0f066a214c2f5e87bad3c948f4d605d)
Start importing Assets/Grass And Flowers Pack 1/Ground Textures/Materials/Groundplants 1_D 1714.mat using Guid(7b84471ec8918aa42a138cb70a75ca2b) Importer(2089858483,b0f066a214c2f5e87bad3c948f4d605d) (ScriptedImporter) -> (artifact id: '191e3c91283333d598edde83dc2d8d45') in 0.047939 seconds
Number of updated asset objects reloaded before import = 0Number of asset objects unloaded after import = 2

========================================================================
Received Import Request.
  Time since last request: 0.000077 seconds.
  path: Assets/Grass And Flowers Pack 1/Ground Textures/Materials/Groundplants 1_D 1685.mat
  artifactKey: Guid(863b012e1d937f749898f1747a746615) Importer(2089858483,b0f066a214c2f5e87bad3c948f4d605d)
Start importing Assets/Grass And Flowers Pack 1/Ground Textures/Materials/Groundplants 1_D 1685.mat using Guid(863b012e1d937f749898f1747a746615) Importer(2089858483,b0f066a214c2f5e87bad3c948f4d605d) (ScriptedImporter) -> (artifact id: '4207e1313efe43ba079bc12cf5520f3d') in 0.0433265 seconds
Number of updated asset objects reloaded before import = 0Number of asset objects unloaded after import = 2

========================================================================
Received Import Request.
  Time since last request: 0.000088 seconds.
  path: Assets/Grass And Flowers Pack 1/Ground Textures/Materials/Groundplants 1_D 1772.mat
  artifactKey: Guid(0051772afe2c02c418e10d680b5ddcfe) Importer(2089858483,b0f066a214c2f5e87bad3c948f4d605d)
Start importing Assets/Grass And Flowers Pack 1/Ground Textures/Materials/Groundplants 1_D 1772.mat using Guid(0051772afe2c02c418e10d680b5ddcfe) Importer(2089858483,b0f066a214c2f5e87bad3c948f4d605d) (ScriptedImporter) -> (artifact id: 'dcd341661293fb37bf165522a72293c3') in 0.1624967 seconds
Number of updated asset objects reloaded before import = 0Number of asset objects unloaded after import = 2

========================================================================
Received Import Request.
  Time since last request: 0.000069 seconds.
  path: Assets/Grass And Flowers Pack 1/Ground Textures/Materials/Groundplants 1_D 1774.mat
  artifactKey: Guid(e04c8964fe7dbbc418d3421d9f124e8e) Importer(2089858483,b0f066a214c2f5e87bad3c948f4d605d)
Start importing Assets/Grass And Flowers Pack 1/Ground Textures/Materials/Groundplants 1_D 1774.mat using Guid(e04c8964fe7dbbc418d3421d9f124e8e) Importer(2089858483,b0f066a214c2f5e87bad3c948f4d605d) (ScriptedImporter) -> (artifact id: '411d4a8f9ab9cad2517a090460fbae00') in 0.2371273 seconds
Number of updated asset objects reloaded before import = 0Number of asset objects unloaded after import = 2

========================================================================
Received Import Request.
  Time since last request: 0.000073 seconds.
  path: Assets/Grass And Flowers Pack 1/Ground Textures/Materials/Groundplants 1_D 1792.mat
  artifactKey: Guid(0f78492ab60cdf84883d56456ad1ddb6) Importer(2089858483,b0f066a214c2f5e87bad3c948f4d605d)
Start importing Assets/Grass And Flowers Pack 1/Ground Textures/Materials/Groundplants 1_D 1792.mat using Guid(0f78492ab60cdf84883d56456ad1ddb6) Importer(2089858483,b0f066a214c2f5e87bad3c948f4d605d) (ScriptedImporter) -> (artifact id: '54acfac29e730e24f8888be700f254ac') in 0.0389338 seconds
Number of updated asset objects reloaded before import = 0Number of asset objects unloaded after import = 2

========================================================================
Received Import Request.
  Time since last request: 0.000036 seconds.
  path: Assets/Grass And Flowers Pack 1/Ground Textures/Materials/Groundplants 1_D 1794.mat
  artifactKey: Guid(89ce2a1f5a4b08844a4770169e3271f7) Importer(2089858483,b0f066a214c2f5e87bad3c948f4d605d)
Start importing Assets/Grass And Flowers Pack 1/Ground Textures/Materials/Groundplants 1_D 1794.mat using Guid(89ce2a1f5a4b08844a4770169e3271f7) Importer(2089858483,b0f066a214c2f5e87bad3c948f4d605d) (ScriptedImporter) -> (artifact id: '3d3cb00f7af09f3b01850fb5b52d3a1e') in 0.0399659 seconds
Number of updated asset objects reloaded before import = 0Number of asset objects unloaded after import = 2

========================================================================
Received Import Request.
  Time since last request: 0.000049 seconds.
  path: Assets/Grass And Flowers Pack 1/Ground Textures/Materials/Groundplants 1_D 1791.mat
  artifactKey: Guid(5fc4d8449a763884b82df35c99439b9d) Importer(2089858483,b0f066a214c2f5e87bad3c948f4d605d)
Start importing Assets/Grass And Flowers Pack 1/Ground Textures/Materials/Groundplants 1_D 1791.mat using Guid(5fc4d8449a763884b82df35c99439b9d) Importer(2089858483,b0f066a214c2f5e87bad3c948f4d605d) (ScriptedImporter) -> (artifact id: '27e466403673b0277ede63bd1eb13f85') in 0.0460859 seconds
Number of updated asset objects reloaded before import = 0Number of asset objects unloaded after import = 2

========================================================================
Received Import Request.
  Time since last request: 0.000069 seconds.
  path: Assets/Grass And Flowers Pack 1/Ground Textures/Materials/Groundplants 1_D 1683.mat
  artifactKey: Guid(ff4564f9d2ea1c54dbdb45a1c83d38ed) Importer(2089858483,b0f066a214c2f5e87bad3c948f4d605d)
Start importing Assets/Grass And Flowers Pack 1/Ground Textures/Materials/Groundplants 1_D 1683.mat using Guid(ff4564f9d2ea1c54dbdb45a1c83d38ed) Importer(2089858483,b0f066a214c2f5e87bad3c948f4d605d) (ScriptedImporter) -> (artifact id: '10a5a808b12b9b342fb7e6314a8fc166') in 0.0408923 seconds
Number of updated asset objects reloaded before import = 0Number of asset objects unloaded after import = 2

========================================================================
Received Import Request.
  Time since last request: 0.000038 seconds.
  path: Assets/Grass And Flowers Pack 1/Ground Textures/Materials/Groundplants 1_D 1813.mat
  artifactKey: Guid(988f8a03b3b8f394db8ca694061f003f) Importer(2089858483,b0f066a214c2f5e87bad3c948f4d605d)
Start importing Assets/Grass And Flowers Pack 1/Ground Textures/Materials/Groundplants 1_D 1813.mat using Guid(988f8a03b3b8f394db8ca694061f003f) Importer(2089858483,b0f066a214c2f5e87bad3c948f4d605d) (ScriptedImporter) -> (artifact id: '7a8648b3144c7adb94af482e63222502') in 0.0412053 seconds
Number of updated asset objects reloaded before import = 0Number of asset objects unloaded after import = 2

========================================================================
Received Import Request.
  Time since last request: 0.000051 seconds.
  path: Assets/Grass And Flowers Pack 1/Ground Textures/Materials/Groundplants 1_D 1804.mat
  artifactKey: Guid(51c26ddfd46b30a429c5204a024e8fa0) Importer(2089858483,b0f066a214c2f5e87bad3c948f4d605d)
Start importing Assets/Grass And Flowers Pack 1/Ground Textures/Materials/Groundplants 1_D 1804.mat using Guid(51c26ddfd46b30a429c5204a024e8fa0) Importer(2089858483,b0f066a214c2f5e87bad3c948f4d605d) (ScriptedImporter) -> (artifact id: 'f189369d71072ac6ef25f6de544dd322') in 0.0449865 seconds
Number of updated asset objects reloaded before import = 0Number of asset objects unloaded after import = 2

========================================================================
Received Import Request.
  Time since last request: 0.000066 seconds.
  path: Assets/Grass And Flowers Pack 1/Ground Textures/Materials/Groundplants 1_D 1823.mat
  artifactKey: Guid(545b63717beece14ba2c8749b3c7184d) Importer(2089858483,b0f066a214c2f5e87bad3c948f4d605d)
Start importing Assets/Grass And Flowers Pack 1/Ground Textures/Materials/Groundplants 1_D 1823.mat using Guid(545b63717beece14ba2c8749b3c7184d) Importer(2089858483,b0f066a214c2f5e87bad3c948f4d605d) (ScriptedImporter) -> (artifact id: 'ff7b5ff1a04ede8d380f14327bacff03') in 0.0377882 seconds
Number of updated asset objects reloaded before import = 0Number of asset objects unloaded after import = 2

========================================================================
Received Import Request.
  Time since last request: 0.000042 seconds.
  path: Assets/Grass And Flowers Pack 1/Ground Textures/Materials/Groundplants 1_D 1821.mat
  artifactKey: Guid(ca802551f3704b342a0751936cc20b5a) Importer(2089858483,b0f066a214c2f5e87bad3c948f4d605d)
Start importing Assets/Grass And Flowers Pack 1/Ground Textures/Materials/Groundplants 1_D 1821.mat using Guid(ca802551f3704b342a0751936cc20b5a) Importer(2089858483,b0f066a214c2f5e87bad3c948f4d605d) (ScriptedImporter) -> (artifact id: '44dc70f82ae7f02c41473075e8fa3c6c') in 0.0486815 seconds
Number of updated asset objects reloaded before import = 0Number of asset objects unloaded after import = 2

========================================================================
Received Import Request.
  Time since last request: 0.000046 seconds.
  path: Assets/Grass And Flowers Pack 1/Ground Textures/Materials/Groundplants 1_D 1726.mat
  artifactKey: Guid(31911ab68a1b42f4a982a9644c286376) Importer(2089858483,b0f066a214c2f5e87bad3c948f4d605d)
Start importing Assets/Grass And Flowers Pack 1/Ground Textures/Materials/Groundplants 1_D 1726.mat using Guid(31911ab68a1b42f4a982a9644c286376) Importer(2089858483,b0f066a214c2f5e87bad3c948f4d605d) (ScriptedImporter) -> (artifact id: 'd7485ea491a4b9b2a96d0e3b66a4bfc2') in 0.0423717 seconds
Number of updated asset objects reloaded before import = 0Number of asset objects unloaded after import = 2

========================================================================
Received Import Request.
  Time since last request: 0.000082 seconds.
  path: Assets/Grass And Flowers Pack 1/Ground Textures/Materials/Groundplants 1_D 1838.mat
  artifactKey: Guid(398196561cd18cc44834747641ecce20) Importer(2089858483,b0f066a214c2f5e87bad3c948f4d605d)
Start importing Assets/Grass And Flowers Pack 1/Ground Textures/Materials/Groundplants 1_D 1838.mat using Guid(398196561cd18cc44834747641ecce20) Importer(2089858483,b0f066a214c2f5e87bad3c948f4d605d) (ScriptedImporter) -> (artifact id: '6c0fe458c633b223ce871ab2ba0d0b43') in 0.0416101 seconds
Number of updated asset objects reloaded before import = 0Number of asset objects unloaded after import = 2

========================================================================
Received Import Request.
  Time since last request: 0.000049 seconds.
  path: Assets/Grass And Flowers Pack 1/Ground Textures/Materials/Groundplants 1_D 1832.mat
  artifactKey: Guid(76127e6cf94cabc44b82fbc168f34e2e) Importer(2089858483,b0f066a214c2f5e87bad3c948f4d605d)
Start importing Assets/Grass And Flowers Pack 1/Ground Textures/Materials/Groundplants 1_D 1832.mat using Guid(76127e6cf94cabc44b82fbc168f34e2e) Importer(2089858483,b0f066a214c2f5e87bad3c948f4d605d) (ScriptedImporter) -> (artifact id: '28292adef30a348ecd78a115739beb83') in 0.0488184 seconds
Number of updated asset objects reloaded before import = 0Number of asset objects unloaded after import = 2

========================================================================
Received Import Request.
  Time since last request: 0.000071 seconds.
  path: Assets/Grass And Flowers Pack 1/Ground Textures/Materials/Groundplants 1_D 1840.mat
  artifactKey: Guid(9e2ceac89d485c0468fe121d04d5cb2c) Importer(2089858483,b0f066a214c2f5e87bad3c948f4d605d)
Start importing Assets/Grass And Flowers Pack 1/Ground Textures/Materials/Groundplants 1_D 1840.mat using Guid(9e2ceac89d485c0468fe121d04d5cb2c) Importer(2089858483,b0f066a214c2f5e87bad3c948f4d605d) (ScriptedImporter) -> (artifact id: 'c1d6675e2347d001b58cb48560dee2a9') in 0.0376534 seconds
Number of updated asset objects reloaded before import = 0Number of asset objects unloaded after import = 2

========================================================================
Received Import Request.
  Time since last request: 0.000041 seconds.
  path: Assets/Grass And Flowers Pack 1/Ground Textures/Materials/Groundplants 1_D 1842.mat
  artifactKey: Guid(aba7ca40685b3864088e38444a9db4fe) Importer(2089858483,b0f066a214c2f5e87bad3c948f4d605d)
Start importing Assets/Grass And Flowers Pack 1/Ground Textures/Materials/Groundplants 1_D 1842.mat using Guid(aba7ca40685b3864088e38444a9db4fe) Importer(2089858483,b0f066a214c2f5e87bad3c948f4d605d) (ScriptedImporter) -> (artifact id: 'c9d7b4bf4e747cb78932943bded39a6a') in 0.0397511 seconds
Number of updated asset objects reloaded before import = 0Number of asset objects unloaded after import = 2

========================================================================
Received Import Request.
  Time since last request: 0.000049 seconds.
  path: Assets/Grass And Flowers Pack 1/Ground Textures/Materials/Groundplants 1_D 1849.mat
  artifactKey: Guid(f9eac2e8c5acb794397b674a0ec33108) Importer(2089858483,b0f066a214c2f5e87bad3c948f4d605d)
Start importing Assets/Grass And Flowers Pack 1/Ground Textures/Materials/Groundplants 1_D 1849.mat using Guid(f9eac2e8c5acb794397b674a0ec33108) Importer(2089858483,b0f066a214c2f5e87bad3c948f4d605d) (ScriptedImporter) -> (artifact id: 'ae79c93d0b0f608ae92893c45318b637') in 0.037689 seconds
Number of updated asset objects reloaded before import = 0Number of asset objects unloaded after import = 2

========================================================================
Received Import Request.
  Time since last request: 0.000073 seconds.
  path: Assets/Grass And Flowers Pack 1/Ground Textures/Materials/Groundplants 1_D 1851.mat
  artifactKey: Guid(a85dd2cb65a654d43b8bc8fbea5845ab) Importer(2089858483,b0f066a214c2f5e87bad3c948f4d605d)
Start importing Assets/Grass And Flowers Pack 1/Ground Textures/Materials/Groundplants 1_D 1851.mat using Guid(a85dd2cb65a654d43b8bc8fbea5845ab) Importer(2089858483,b0f066a214c2f5e87bad3c948f4d605d) (ScriptedImporter) -> (artifact id: '88666adcdf94f1fcd8e8d0d95805c7bc') in 0.0446362 seconds
Number of updated asset objects reloaded before import = 0Number of asset objects unloaded after import = 2

========================================================================
Received Import Request.
  Time since last request: 0.000060 seconds.
  path: Assets/Grass And Flowers Pack 1/Ground Textures/Materials/Groundplants 1_D 1690.mat
  artifactKey: Guid(97ffbc832c423d546a052c9263ab69b6) Importer(2089858483,b0f066a214c2f5e87bad3c948f4d605d)
Start importing Assets/Grass And Flowers Pack 1/Ground Textures/Materials/Groundplants 1_D 1690.mat using Guid(97ffbc832c423d546a052c9263ab69b6) Importer(2089858483,b0f066a214c2f5e87bad3c948f4d605d) (ScriptedImporter) -> (artifact id: 'cc85e8aefd56c0750e2a02a013484152') in 0.0388261 seconds
Number of updated asset objects reloaded before import = 0Number of asset objects unloaded after import = 2

========================================================================
Received Import Request.
  Time since last request: 0.000062 seconds.
  path: Assets/Grass And Flowers Pack 1/Ground Textures/Materials/Groundplants 1_D 1868.mat
  artifactKey: Guid(0e800394cdd1cfc4384a919b2c3c11d6) Importer(2089858483,b0f066a214c2f5e87bad3c948f4d605d)
Start importing Assets/Grass And Flowers Pack 1/Ground Textures/Materials/Groundplants 1_D 1868.mat using Guid(0e800394cdd1cfc4384a919b2c3c11d6) Importer(2089858483,b0f066a214c2f5e87bad3c948f4d605d) (ScriptedImporter) -> (artifact id: '32887f92e258b3dca05ac967408f0335') in 0.0560424 seconds
Number of updated asset objects reloaded before import = 0Number of asset objects unloaded after import = 2

========================================================================
Received Import Request.
  Time since last request: 0.000067 seconds.
  path: Assets/Grass And Flowers Pack 1/Ground Textures/Materials/Groundplants 1_D 1864.mat
  artifactKey: Guid(c46650d8421dbb54aa7d3b75aa2855c8) Importer(2089858483,b0f066a214c2f5e87bad3c948f4d605d)
Start importing Assets/Grass And Flowers Pack 1/Ground Textures/Materials/Groundplants 1_D 1864.mat using Guid(c46650d8421dbb54aa7d3b75aa2855c8) Importer(2089858483,b0f066a214c2f5e87bad3c948f4d605d) (ScriptedImporter) -> (artifact id: '8ad993b08f170dee653c2de2fc233a03') in 0.0499794 seconds
Number of updated asset objects reloaded before import = 0Number of asset objects unloaded after import = 2

========================================================================
Received Import Request.
  Time since last request: 0.000065 seconds.
  path: Assets/Grass And Flowers Pack 1/Ground Textures/Materials/Groundplants 1_D 1877.mat
  artifactKey: Guid(71e16c013a3b018489f556a7ed03785c) Importer(2089858483,b0f066a214c2f5e87bad3c948f4d605d)
Start importing Assets/Grass And Flowers Pack 1/Ground Textures/Materials/Groundplants 1_D 1877.mat using Guid(71e16c013a3b018489f556a7ed03785c) Importer(2089858483,b0f066a214c2f5e87bad3c948f4d605d) (ScriptedImporter) -> (artifact id: '33d144769abc14241a6244479a05d84b') in 0.0481667 seconds
Number of updated asset objects reloaded before import = 0Number of asset objects unloaded after import = 2

========================================================================
Received Import Request.
  Time since last request: 0.000057 seconds.
  path: Assets/Grass And Flowers Pack 1/Ground Textures/Materials/Groundplants 1_D 1883.mat
  artifactKey: Guid(78ef84525581e2e4b927b06fcca32321) Importer(2089858483,b0f066a214c2f5e87bad3c948f4d605d)
Start importing Assets/Grass And Flowers Pack 1/Ground Textures/Materials/Groundplants 1_D 1883.mat using Guid(78ef84525581e2e4b927b06fcca32321) Importer(2089858483,b0f066a214c2f5e87bad3c948f4d605d) (ScriptedImporter) -> (artifact id: '6fd1512f8f40209799489bc740a5faa2') in 0.2548936 seconds
Number of updated asset objects reloaded before import = 0Number of asset objects unloaded after import = 2

========================================================================
Received Import Request.
  Time since last request: 0.000085 seconds.
  path: Assets/Grass And Flowers Pack 1/Ground Textures/Materials/Groundplants 1_D 1886.mat
  artifactKey: Guid(02b8eb19fceeaf646a9998fe922b46cb) Importer(2089858483,b0f066a214c2f5e87bad3c948f4d605d)
Start importing Assets/Grass And Flowers Pack 1/Ground Textures/Materials/Groundplants 1_D 1886.mat using Guid(02b8eb19fceeaf646a9998fe922b46cb) Importer(2089858483,b0f066a214c2f5e87bad3c948f4d605d) (ScriptedImporter) -> (artifact id: '21f233b4caf2cfeb9bee6f6ee5e70cb5') in 0.188395 seconds
Number of updated asset objects reloaded before import = 0Number of asset objects unloaded after import = 2

========================================================================
Received Import Request.
  Time since last request: 0.000056 seconds.
  path: Assets/Grass And Flowers Pack 1/Ground Textures/Materials/Groundplants 1_D 1897.mat
  artifactKey: Guid(9e96aa81cfd891c419a7c98795f3a3c1) Importer(2089858483,b0f066a214c2f5e87bad3c948f4d605d)
Start importing Assets/Grass And Flowers Pack 1/Ground Textures/Materials/Groundplants 1_D 1897.mat using Guid(9e96aa81cfd891c419a7c98795f3a3c1) Importer(2089858483,b0f066a214c2f5e87bad3c948f4d605d) (ScriptedImporter) -> (artifact id: 'ba0067cb7853f8001604ab8ac97ecdfa') in 0.0398091 seconds
Number of updated asset objects reloaded before import = 0Number of asset objects unloaded after import = 2

========================================================================
Received Import Request.
  Time since last request: 0.000082 seconds.
  path: Assets/Grass And Flowers Pack 1/Ground Textures/Materials/Groundplants 1_D 1888.mat
  artifactKey: Guid(7056eb6959c369c4c837f0f8d3223dd4) Importer(2089858483,b0f066a214c2f5e87bad3c948f4d605d)
Start importing Assets/Grass And Flowers Pack 1/Ground Textures/Materials/Groundplants 1_D 1888.mat using Guid(7056eb6959c369c4c837f0f8d3223dd4) Importer(2089858483,b0f066a214c2f5e87bad3c948f4d605d) (ScriptedImporter) -> (artifact id: 'e74814b2b3dfb46e9b7d1eca625676b2') in 0.0404568 seconds
Number of updated asset objects reloaded before import = 0Number of asset objects unloaded after import = 2

========================================================================
Received Import Request.
  Time since last request: 0.000049 seconds.
  path: Assets/Grass And Flowers Pack 1/Ground Textures/Materials/Groundplants 1_D 1880.mat
  artifactKey: Guid(0a7fb5fd37816a8428a52f28a624c5f8) Importer(2089858483,b0f066a214c2f5e87bad3c948f4d605d)
Start importing Assets/Grass And Flowers Pack 1/Ground Textures/Materials/Groundplants 1_D 1880.mat using Guid(0a7fb5fd37816a8428a52f28a624c5f8) Importer(2089858483,b0f066a214c2f5e87bad3c948f4d605d) (ScriptedImporter) -> (artifact id: '71ffc143ba342d5ec48c55416c47aec3') in 0.0423415 seconds
Number of updated asset objects reloaded before import = 0Number of asset objects unloaded after import = 2

========================================================================
Received Import Request.
  Time since last request: 0.000065 seconds.
  path: Assets/Grass And Flowers Pack 1/Ground Textures/Materials/Groundplants 1_D 1908.mat
  artifactKey: Guid(d366cea9022a74b47ac8703af373812c) Importer(2089858483,b0f066a214c2f5e87bad3c948f4d605d)
Start importing Assets/Grass And Flowers Pack 1/Ground Textures/Materials/Groundplants 1_D 1908.mat using Guid(d366cea9022a74b47ac8703af373812c) Importer(2089858483,b0f066a214c2f5e87bad3c948f4d605d) (ScriptedImporter) -> (artifact id: '7ad59ccedbf9f12ce0da0c46054e81f3') in 0.0412054 seconds
Number of updated asset objects reloaded before import = 0Number of asset objects unloaded after import = 2

========================================================================
Received Import Request.
  Time since last request: 0.000092 seconds.
  path: Assets/Grass And Flowers Pack 1/Ground Textures/Materials/Groundplants 1_D 1911.mat
  artifactKey: Guid(ab8e163b3be940d4ab691fa2c44e4e1e) Importer(2089858483,b0f066a214c2f5e87bad3c948f4d605d)
Start importing Assets/Grass And Flowers Pack 1/Ground Textures/Materials/Groundplants 1_D 1911.mat using Guid(ab8e163b3be940d4ab691fa2c44e4e1e) Importer(2089858483,b0f066a214c2f5e87bad3c948f4d605d) (ScriptedImporter) -> (artifact id: 'a4fd90f25be0e86b16b13b91cc06ee30') in 0.056658 seconds
Number of updated asset objects reloaded before import = 0Number of asset objects unloaded after import = 2

========================================================================
Received Import Request.
  Time since last request: 0.000071 seconds.
  path: Assets/Grass And Flowers Pack 1/Ground Textures/Materials/Groundplants 1_D 1920.mat
  artifactKey: Guid(dca6d2f47c9b45d48ad8f9cd207ebb7d) Importer(2089858483,b0f066a214c2f5e87bad3c948f4d605d)
Start importing Assets/Grass And Flowers Pack 1/Ground Textures/Materials/Groundplants 1_D 1920.mat using Guid(dca6d2f47c9b45d48ad8f9cd207ebb7d) Importer(2089858483,b0f066a214c2f5e87bad3c948f4d605d) (ScriptedImporter) -> (artifact id: '0216f220aa6c9d9f1d36da9e3794fef3') in 0.0387537 seconds
Number of updated asset objects reloaded before import = 0Number of asset objects unloaded after import = 2

========================================================================
Received Import Request.
  Time since last request: 0.000044 seconds.
  path: Assets/Grass And Flowers Pack 1/Ground Textures/Materials/Groundplants 1_D 1921.mat
  artifactKey: Guid(d17756a750486ca4e801e7b5755bb94d) Importer(2089858483,b0f066a214c2f5e87bad3c948f4d605d)
Start importing Assets/Grass And Flowers Pack 1/Ground Textures/Materials/Groundplants 1_D 1921.mat using Guid(d17756a750486ca4e801e7b5755bb94d) Importer(2089858483,b0f066a214c2f5e87bad3c948f4d605d) (ScriptedImporter) -> (artifact id: 'bd6dc651cd4e397433c8e5495f0bfb5e') in 0.0455914 seconds
Number of updated asset objects reloaded before import = 0Number of asset objects unloaded after import = 2

========================================================================
Received Import Request.
  Time since last request: 0.000067 seconds.
  path: Assets/Grass And Flowers Pack 1/Ground Textures/Materials/Groundplants 1_D 1596.mat
  artifactKey: Guid(2161b35dabacf99409f92f1d4c005887) Importer(2089858483,b0f066a214c2f5e87bad3c948f4d605d)
Start importing Assets/Grass And Flowers Pack 1/Ground Textures/Materials/Groundplants 1_D 1596.mat using Guid(2161b35dabacf99409f92f1d4c005887) Importer(2089858483,b0f066a214c2f5e87bad3c948f4d605d) (ScriptedImporter) -> (artifact id: 'f634d6670c66b4a3a05c256bf0d57e78') in 0.0429099 seconds
Number of updated asset objects reloaded before import = 0Number of asset objects unloaded after import = 2

========================================================================
Received Import Request.
  Time since last request: 0.000038 seconds.
  path: Assets/Grass And Flowers Pack 1/Ground Textures/Materials/Groundplants 1_D 1937.mat
  artifactKey: Guid(f38a9f5240bd73540ad0627a584a86cf) Importer(2089858483,b0f066a214c2f5e87bad3c948f4d605d)
Start importing Assets/Grass And Flowers Pack 1/Ground Textures/Materials/Groundplants 1_D 1937.mat using Guid(f38a9f5240bd73540ad0627a584a86cf) Importer(2089858483,b0f066a214c2f5e87bad3c948f4d605d) (ScriptedImporter) -> (artifact id: 'd1394ba3629e2b5c40c79aae2490d152') in 0.0371134 seconds
Number of updated asset objects reloaded before import = 0Number of asset objects unloaded after import = 2

========================================================================
Received Import Request.
  Time since last request: 0.000053 seconds.
  path: Assets/Grass And Flowers Pack 1/Ground Textures/Materials/Groundplants 1_D 1927.mat
  artifactKey: Guid(03a04bcd731a92d4d9810fe424421e83) Importer(2089858483,b0f066a214c2f5e87bad3c948f4d605d)
Start importing Assets/Grass And Flowers Pack 1/Ground Textures/Materials/Groundplants 1_D 1927.mat using Guid(03a04bcd731a92d4d9810fe424421e83) Importer(2089858483,b0f066a214c2f5e87bad3c948f4d605d) (ScriptedImporter) -> (artifact id: 'd48fa98628bffadaa7eabfec3d257a40') in 0.0514327 seconds
Number of updated asset objects reloaded before import = 0Number of asset objects unloaded after import = 2

========================================================================
Received Import Request.
  Time since last request: 0.000055 seconds.
  path: Assets/Grass And Flowers Pack 1/Ground Textures/Materials/Groundplants 1_D 1940.mat
  artifactKey: Guid(9ab689526526cbb44b5b206cd307697f) Importer(2089858483,b0f066a214c2f5e87bad3c948f4d605d)
Start importing Assets/Grass And Flowers Pack 1/Ground Textures/Materials/Groundplants 1_D 1940.mat using Guid(9ab689526526cbb44b5b206cd307697f) Importer(2089858483,b0f066a214c2f5e87bad3c948f4d605d) (ScriptedImporter) -> (artifact id: '1d53bf4ce5484b8eced84d24f1b40437') in 0.0346083 seconds
Number of updated asset objects reloaded before import = 0Number of asset objects unloaded after import = 2

========================================================================
Received Import Request.
  Time since last request: 0.000041 seconds.
  path: Assets/Grass And Flowers Pack 1/Ground Textures/Materials/Groundplants 1_D 1948.mat
  artifactKey: Guid(83f2feaeb13186741b2c9e8719590db7) Importer(2089858483,b0f066a214c2f5e87bad3c948f4d605d)
Start importing Assets/Grass And Flowers Pack 1/Ground Textures/Materials/Groundplants 1_D 1948.mat using Guid(83f2feaeb13186741b2c9e8719590db7) Importer(2089858483,b0f066a214c2f5e87bad3c948f4d605d) (ScriptedImporter) -> (artifact id: '3ffafb9d47bf6ecda0c121f9e968af56') in 0.0414626 seconds
Number of updated asset objects reloaded before import = 0Number of asset objects unloaded after import = 2

========================================================================
Received Import Request.
  Time since last request: 0.000043 seconds.
  path: Assets/Grass And Flowers Pack 1/Ground Textures/Materials/Groundplants 1_D 1693.mat
  artifactKey: Guid(49e4405c0f3417e4b92d6e19e4d852e4) Importer(2089858483,b0f066a214c2f5e87bad3c948f4d605d)
Start importing Assets/Grass And Flowers Pack 1/Ground Textures/Materials/Groundplants 1_D 1693.mat using Guid(49e4405c0f3417e4b92d6e19e4d852e4) Importer(2089858483,b0f066a214c2f5e87bad3c948f4d605d) (ScriptedImporter) -> (artifact id: '8a36102c615c99bc7ffb459c8e2fdf37') in 0.0377353 seconds
Number of updated asset objects reloaded before import = 0Number of asset objects unloaded after import = 2

========================================================================
Received Import Request.
  Time since last request: 0.000068 seconds.
  path: Assets/Grass And Flowers Pack 1/Ground Textures/Materials/Groundplants 1_D 1957.mat
  artifactKey: Guid(923e1533415fcee4081e95e61f4e1adf) Importer(2089858483,b0f066a214c2f5e87bad3c948f4d605d)
Start importing Assets/Grass And Flowers Pack 1/Ground Textures/Materials/Groundplants 1_D 1957.mat using Guid(923e1533415fcee4081e95e61f4e1adf) Importer(2089858483,b0f066a214c2f5e87bad3c948f4d605d) (ScriptedImporter) -> (artifact id: 'f0aa69a42c1e96e52c678c0218a9d86d') in 0.0390297 seconds
Number of updated asset objects reloaded before import = 0Number of asset objects unloaded after import = 2

========================================================================
Received Import Request.
  Time since last request: 0.000044 seconds.
  path: Assets/Grass And Flowers Pack 1/Ground Textures/Materials/Groundplants 1_D 1950.mat
  artifactKey: Guid(d57cc19559d0c11428c532dd0e4997ff) Importer(2089858483,b0f066a214c2f5e87bad3c948f4d605d)
Start importing Assets/Grass And Flowers Pack 1/Ground Textures/Materials/Groundplants 1_D 1950.mat using Guid(d57cc19559d0c11428c532dd0e4997ff) Importer(2089858483,b0f066a214c2f5e87bad3c948f4d605d) (ScriptedImporter) -> (artifact id: '25dee5f9f29752d531f40aa6f34339db') in 0.0410897 seconds
Number of updated asset objects reloaded before import = 0Number of asset objects unloaded after import = 2

========================================================================
Received Import Request.
  Time since last request: 0.000064 seconds.
  path: Assets/Grass And Flowers Pack 1/Ground Textures/Materials/Groundplants 1_D 1973.mat
  artifactKey: Guid(1cc97c5246e324842a2bcd699c6da176) Importer(2089858483,b0f066a214c2f5e87bad3c948f4d605d)
Start importing Assets/Grass And Flowers Pack 1/Ground Textures/Materials/Groundplants 1_D 1973.mat using Guid(1cc97c5246e324842a2bcd699c6da176) Importer(2089858483,b0f066a214c2f5e87bad3c948f4d605d) (ScriptedImporter) -> (artifact id: 'bea5b1ebd27b4a9512e550892c11274d') in 0.0696745 seconds
Number of updated asset objects reloaded before import = 0Number of asset objects unloaded after import = 2

========================================================================
Received Import Request.
  Time since last request: 0.000034 seconds.
  path: Assets/Grass And Flowers Pack 1/Ground Textures/Materials/Groundplants 1_D 1967.mat
  artifactKey: Guid(281ecdbffe0b2864f96039b49cc7f47d) Importer(2089858483,b0f066a214c2f5e87bad3c948f4d605d)
Start importing Assets/Grass And Flowers Pack 1/Ground Textures/Materials/Groundplants 1_D 1967.mat using Guid(281ecdbffe0b2864f96039b49cc7f47d) Importer(2089858483,b0f066a214c2f5e87bad3c948f4d605d) (ScriptedImporter) -> (artifact id: 'dfce8d06c4691aee0dd39b37b0dc69d8') in 0.0682262 seconds
Number of updated asset objects reloaded before import = 0Number of asset objects unloaded after import = 2

========================================================================
Received Import Request.
  Time since last request: 0.000040 seconds.
  path: Assets/Grass And Flowers Pack 1/Ground Textures/Materials/Groundplants 1_D 1834.mat
  artifactKey: Guid(ca0dc397bb4d9fc4daedd88b7f27e430) Importer(2089858483,b0f066a214c2f5e87bad3c948f4d605d)
Start importing Assets/Grass And Flowers Pack 1/Ground Textures/Materials/Groundplants 1_D 1834.mat using Guid(ca0dc397bb4d9fc4daedd88b7f27e430) Importer(2089858483,b0f066a214c2f5e87bad3c948f4d605d) (ScriptedImporter) -> (artifact id: 'eda5e3b4d7b0d939b9d0980642431849') in 0.3390727 seconds
Number of updated asset objects reloaded before import = 0Number of asset objects unloaded after import = 2

========================================================================
Received Import Request.
  Time since last request: 0.000070 seconds.
  path: Assets/Grass And Flowers Pack 1/Ground Textures/Materials/Groundplants 1_D 1978.mat
  artifactKey: Guid(bbdbf2241106bb744adcecae88c3a994) Importer(2089858483,b0f066a214c2f5e87bad3c948f4d605d)
Start importing Assets/Grass And Flowers Pack 1/Ground Textures/Materials/Groundplants 1_D 1978.mat using Guid(bbdbf2241106bb744adcecae88c3a994) Importer(2089858483,b0f066a214c2f5e87bad3c948f4d605d) (ScriptedImporter) -> (artifact id: '3fcd7449a028705cc3c9247c46255825') in 0.0507101 seconds
Number of updated asset objects reloaded before import = 0Number of asset objects unloaded after import = 2

========================================================================
Received Import Request.
  Time since last request: 0.000036 seconds.
  path: Assets/Grass And Flowers Pack 1/Ground Textures/Materials/Groundplants 1_D 1835.mat
  artifactKey: Guid(83238ba9bcd11f646a289ef9d572d1f0) Importer(2089858483,b0f066a214c2f5e87bad3c948f4d605d)
Start importing Assets/Grass And Flowers Pack 1/Ground Textures/Materials/Groundplants 1_D 1835.mat using Guid(83238ba9bcd11f646a289ef9d572d1f0) Importer(2089858483,b0f066a214c2f5e87bad3c948f4d605d) (ScriptedImporter) -> (artifact id: '0f2a2276a06c14f40fa625adad1dc7b3') in 0.0509266 seconds
Number of updated asset objects reloaded before import = 0Number of asset objects unloaded after import = 2

========================================================================
Received Import Request.
  Time since last request: 0.000047 seconds.
  path: Assets/Grass And Flowers Pack 1/Ground Textures/Materials/Groundplants 1_D 1595.mat
  artifactKey: Guid(ce5d72cf1abe40143af2ead5cdad9a01) Importer(2089858483,b0f066a214c2f5e87bad3c948f4d605d)
Start importing Assets/Grass And Flowers Pack 1/Ground Textures/Materials/Groundplants 1_D 1595.mat using Guid(ce5d72cf1abe40143af2ead5cdad9a01) Importer(2089858483,b0f066a214c2f5e87bad3c948f4d605d) (ScriptedImporter) -> (artifact id: 'bb947111eb567b19c83d54f0f3df5e9f') in 0.0518904 seconds
Number of updated asset objects reloaded before import = 0Number of asset objects unloaded after import = 2

========================================================================
Received Import Request.
  Time since last request: 0.000062 seconds.
  path: Assets/Grass And Flowers Pack 1/Ground Textures/Materials/Groundplants 1_D 1548.mat
  artifactKey: Guid(3323fe4cf635bf04eb4e8a897c237abe) Importer(2089858483,b0f066a214c2f5e87bad3c948f4d605d)
Start importing Assets/Grass And Flowers Pack 1/Ground Textures/Materials/Groundplants 1_D 1548.mat using Guid(3323fe4cf635bf04eb4e8a897c237abe) Importer(2089858483,b0f066a214c2f5e87bad3c948f4d605d) (ScriptedImporter) -> (artifact id: '7b9fa87c04cc5987a32dbc9be86fc89c') in 0.0429883 seconds
Number of updated asset objects reloaded before import = 0Number of asset objects unloaded after import = 2

========================================================================
Received Import Request.
  Time since last request: 0.000058 seconds.
  path: Assets/Grass And Flowers Pack 1/Ground Textures/Materials/Groundplants 1_D 1761.mat
  artifactKey: Guid(1e2435843efb7764c8fbda89d9ef30a1) Importer(2089858483,b0f066a214c2f5e87bad3c948f4d605d)
Start importing Assets/Grass And Flowers Pack 1/Ground Textures/Materials/Groundplants 1_D 1761.mat using Guid(1e2435843efb7764c8fbda89d9ef30a1) Importer(2089858483,b0f066a214c2f5e87bad3c948f4d605d) (ScriptedImporter) -> (artifact id: '10f720d6b1179cb40c70abbd751be2ad') in 0.0440649 seconds
Number of updated asset objects reloaded before import = 0Number of asset objects unloaded after import = 2

========================================================================
Received Import Request.
  Time since last request: 0.000048 seconds.
  path: Assets/Grass And Flowers Pack 1/Ground Textures/Materials/Groundplants 1_D 1651.mat
  artifactKey: Guid(a3d73f25735ec9e4fbd733c4ff7feef6) Importer(2089858483,b0f066a214c2f5e87bad3c948f4d605d)
Start importing Assets/Grass And Flowers Pack 1/Ground Textures/Materials/Groundplants 1_D 1651.mat using Guid(a3d73f25735ec9e4fbd733c4ff7feef6) Importer(2089858483,b0f066a214c2f5e87bad3c948f4d605d) (ScriptedImporter) -> (artifact id: '2c125e1d71e08782080a8d5b2f00272c') in 0.0513408 seconds
Number of updated asset objects reloaded before import = 0Number of asset objects unloaded after import = 2

========================================================================
Received Import Request.
  Time since last request: 0.000150 seconds.
  path: Assets/Grass And Flowers Pack 1/Ground Textures/Materials/Groundplants 1_D 1751.mat
  artifactKey: Guid(51c395ec6a035764b8bc4655d4f488b6) Importer(2089858483,b0f066a214c2f5e87bad3c948f4d605d)
Start importing Assets/Grass And Flowers Pack 1/Ground Textures/Materials/Groundplants 1_D 1751.mat using Guid(51c395ec6a035764b8bc4655d4f488b6) Importer(2089858483,b0f066a214c2f5e87bad3c948f4d605d) (ScriptedImporter) -> (artifact id: '5e08bbfee5d9eb082daad86e5bad4cf1') in 0.0541757 seconds
Number of updated asset objects reloaded before import = 0Number of asset objects unloaded after import = 2

========================================================================
Received Import Request.
  Time since last request: 0.000061 seconds.
  path: Assets/Grass And Flowers Pack 1/Ground Textures/Materials/Groundplants 1_D 1781.mat
  artifactKey: Guid(be64486b4af819b4cbf364dc91cad075) Importer(2089858483,b0f066a214c2f5e87bad3c948f4d605d)
Start importing Assets/Grass And Flowers Pack 1/Ground Textures/Materials/Groundplants 1_D 1781.mat using Guid(be64486b4af819b4cbf364dc91cad075) Importer(2089858483,b0f066a214c2f5e87bad3c948f4d605d) (ScriptedImporter) -> (artifact id: 'd0cbb0ec8589f7ea3ad1ed90c39c8447') in 0.0474585 seconds
Number of updated asset objects reloaded before import = 0Number of asset objects unloaded after import = 2

========================================================================
Received Import Request.
  Time since last request: 0.000070 seconds.
  path: Assets/Grass And Flowers Pack 1/Ground Textures/Materials/Groundplants 1_D 1496.mat
  artifactKey: Guid(a480f022411b432408cfd6e5a6fb385f) Importer(2089858483,b0f066a214c2f5e87bad3c948f4d605d)
Start importing Assets/Grass And Flowers Pack 1/Ground Textures/Materials/Groundplants 1_D 1496.mat using Guid(a480f022411b432408cfd6e5a6fb385f) Importer(2089858483,b0f066a214c2f5e87bad3c948f4d605d) (ScriptedImporter) -> (artifact id: '4cf80f6a73dde08b21ad70989cbdf6ce') in 0.0490705 seconds
Number of updated asset objects reloaded before import = 0Number of asset objects unloaded after import = 2

========================================================================
Received Import Request.
  Time since last request: 0.000042 seconds.
  path: Assets/Grass And Flowers Pack 1/Ground Textures/Materials/Groundplants 1_D 1788.mat
  artifactKey: Guid(2371a6d282aa62b4bb6cd369b7b8e8f5) Importer(2089858483,b0f066a214c2f5e87bad3c948f4d605d)
Start importing Assets/Grass And Flowers Pack 1/Ground Textures/Materials/Groundplants 1_D 1788.mat using Guid(2371a6d282aa62b4bb6cd369b7b8e8f5) Importer(2089858483,b0f066a214c2f5e87bad3c948f4d605d) (ScriptedImporter) -> (artifact id: 'd7bfd388a15328f61aa523dd1f92460f') in 0.0399435 seconds
Number of updated asset objects reloaded before import = 0Number of asset objects unloaded after import = 2

========================================================================
Received Import Request.
  Time since last request: 0.000064 seconds.
  path: Assets/Grass And Flowers Pack 1/Ground Textures/Materials/Groundplants 1_D 1713.mat
  artifactKey: Guid(5bcb3ca7e8e61de468b1b865ef251a75) Importer(2089858483,b0f066a214c2f5e87bad3c948f4d605d)
Start importing Assets/Grass And Flowers Pack 1/Ground Textures/Materials/Groundplants 1_D 1713.mat using Guid(5bcb3ca7e8e61de468b1b865ef251a75) Importer(2089858483,b0f066a214c2f5e87bad3c948f4d605d) (ScriptedImporter) -> (artifact id: '9b0eb52bd7cb16c95c46bb2e1cd2e5bd') in 0.0416114 seconds
Number of updated asset objects reloaded before import = 0Number of asset objects unloaded after import = 2

========================================================================
Received Import Request.
  Time since last request: 0.000064 seconds.
  path: Assets/Grass And Flowers Pack 1/Ground Textures/Materials/Groundplants 1_D 1947.mat
  artifactKey: Guid(4574ad409442e2e4382d46aacd666d10) Importer(2089858483,b0f066a214c2f5e87bad3c948f4d605d)
Start importing Assets/Grass And Flowers Pack 1/Ground Textures/Materials/Groundplants 1_D 1947.mat using Guid(4574ad409442e2e4382d46aacd666d10) Importer(2089858483,b0f066a214c2f5e87bad3c948f4d605d) (ScriptedImporter) -> (artifact id: '4489760b0d413eca967556611d0d1d16') in 0.0451291 seconds
Number of updated asset objects reloaded before import = 0Number of asset objects unloaded after import = 2

========================================================================
Received Import Request.
  Time since last request: 0.000062 seconds.
  path: Assets/Grass And Flowers Pack 1/Ground Textures/Materials/Groundplants 1_D 1876.mat
  artifactKey: Guid(77b274f2358c74045b121645f6bae1a3) Importer(2089858483,b0f066a214c2f5e87bad3c948f4d605d)
Start importing Assets/Grass And Flowers Pack 1/Ground Textures/Materials/Groundplants 1_D 1876.mat using Guid(77b274f2358c74045b121645f6bae1a3) Importer(2089858483,b0f066a214c2f5e87bad3c948f4d605d) (ScriptedImporter) -> (artifact id: '74ccece4da282c6a8b2bf8533377b3d5') in 0.0518975 seconds
Number of updated asset objects reloaded before import = 0Number of asset objects unloaded after import = 2

========================================================================
Received Import Request.
  Time since last request: 0.000060 seconds.
  path: Assets/Grass And Flowers Pack 1/Ground Textures/Materials/Groundplants 1_D 1607.mat
  artifactKey: Guid(a554b2cdd0488f94697a1bcb6e592f5c) Importer(2089858483,b0f066a214c2f5e87bad3c948f4d605d)
Start importing Assets/Grass And Flowers Pack 1/Ground Textures/Materials/Groundplants 1_D 1607.mat using Guid(a554b2cdd0488f94697a1bcb6e592f5c) Importer(2089858483,b0f066a214c2f5e87bad3c948f4d605d) (ScriptedImporter) -> (artifact id: 'f5025972291e411ee8651cbc663d64db') in 0.0379863 seconds
Number of updated asset objects reloaded before import = 0Number of asset objects unloaded after import = 2

========================================================================
Received Import Request.
  Time since last request: 0.000040 seconds.
  path: Assets/Grass And Flowers Pack 1/Ground Textures/Materials/Groundplants 1_D 1977.mat
  artifactKey: Guid(39ded46e1f9bf73498c10962273b9972) Importer(2089858483,b0f066a214c2f5e87bad3c948f4d605d)
Start importing Assets/Grass And Flowers Pack 1/Ground Textures/Materials/Groundplants 1_D 1977.mat using Guid(39ded46e1f9bf73498c10962273b9972) Importer(2089858483,b0f066a214c2f5e87bad3c948f4d605d) (ScriptedImporter) -> (artifact id: '69b3d8d3aa1bc149bcc6d1ca677f6370') in 0.0402459 seconds
Number of updated asset objects reloaded before import = 0Number of asset objects unloaded after import = 2

========================================================================
Received Import Request.
  Time since last request: 0.000047 seconds.
  path: Assets/Grass And Flowers Pack 1/Ground Textures/Materials/Groundplants 1_D 1862.mat
  artifactKey: Guid(4f41ee06a2bc597498bec46cc9787efc) Importer(2089858483,b0f066a214c2f5e87bad3c948f4d605d)
Start importing Assets/Grass And Flowers Pack 1/Ground Textures/Materials/Groundplants 1_D 1862.mat using Guid(4f41ee06a2bc597498bec46cc9787efc) Importer(2089858483,b0f066a214c2f5e87bad3c948f4d605d) (ScriptedImporter) -> (artifact id: 'f14e693db7d94a6934c341044cf681e0') in 0.0450133 seconds
Number of updated asset objects reloaded before import = 0Number of asset objects unloaded after import = 2

========================================================================
Received Import Request.
  Time since last request: 0.000064 seconds.
  path: Assets/Grass And Flowers Pack 1/Ground Textures/Materials/Groundplants 1_D 1952.mat
  artifactKey: Guid(34e78089b350b5b48a70c2ec5abfe90f) Importer(2089858483,b0f066a214c2f5e87bad3c948f4d605d)
Start importing Assets/Grass And Flowers Pack 1/Ground Textures/Materials/Groundplants 1_D 1952.mat using Guid(34e78089b350b5b48a70c2ec5abfe90f) Importer(2089858483,b0f066a214c2f5e87bad3c948f4d605d) (ScriptedImporter) -> (artifact id: '58fea65fc992f77d50c1501edfdbfc32') in 0.3101966 seconds
Number of updated asset objects reloaded before import = 0Number of asset objects unloaded after import = 2

Editor requested this worker to shutdown with reason: Scaling down because of idle timeout
AssetImportWorkerClient::OnTransportError - code=2 error=End of file
AssetImportWorker is now disconnected from the server
Process exiting
Exiting without the bug reporter. Application will terminate with return code 0