[Licensing::Module] Trying to connect to existing licensing client channel...
Built from '6000.3/staging' branch; Version is '6000.3.11f1 (3000ef702840) revision 3145967'; Using compiler version '194234433'; Build Type 'Release'
[Licensing::IpcConnector] Successfully connected to: "LicenseClient-hafiza" at "2026-09-14T21:53:37.2068889Z"
OS: 'Windows 11  (10.0.26200) Core' Language: 'en' Physical Memory: 15991 MB
BatchMode: 1, IsHumanControllingUs: 0, StartBugReporterOnCrash: 0, Is64bit: 1
System  architecture: x64
Process architecture: x64
Date: 2026-09-14T21:53:37Z

COMMAND LINE ARGUMENTS:
C:\Program Files\Unity\Hub\Editor\6000.3.11f1\Editor\Unity.exe
-adb2
-batchMode
-noUpm
-name
AssetImportWorker16
-projectPath
C:/Users/hafiz/OneDrive/Documents/InterfacePrototype2026/InterfacePrototype2026
-logFile
Logs/AssetImportWorker16.log
-srvPort
54325
-licensingIpc
LicenseClient-hafiza
-job-worker-count
9
-background-job-worker-count
8
-gc-helper-count
1
-name
AssetImport
Successfully changed project path to: C:/Users/hafiz/OneDrive/Documents/InterfacePrototype2026/InterfacePrototype2026
C:/Users/hafiz/OneDrive/Documents/InterfacePrototype2026/InterfacePrototype2026
[UnityMemory] Configuration Parameters - Can be set up in boot.config
    "memorysetup-temp-allocator-size-nav-mesh-worker=65536"
    "memorysetup-temp-allocator-size-audio-worker=65536"
    "memorysetup-temp-allocator-size-gfx=262144"
    "memorysetup-allocator-temp-initial-block-size-main=262144"
    "memorysetup-allocator-temp-initial-block-size-worker=262144"
    "memorysetup-temp-allocator-size-background-worker=32768"
    "memorysetup-temp-allocator-size-job-worker=262144"
    "memorysetup-temp-allocator-size-preload-manager=33554432"
    "memorysetup-temp-allocator-size-gi-baking-worker=262144"
    "memorysetup-temp-allocator-size-gi-baking-worker=262144"
    "memorysetup-temp-allocator-size-gi-baking-worker=262144"
    "memorysetup-temp-allocator-size-gi-baking-worker=262144"
    "memorysetup-temp-allocator-size-gi-baking-worker=262144"
    "memorysetup-bucket-allocator-granularity=16"
    "memorysetup-bucket-allocator-bucket-count=8"
    "memorysetup-bucket-allocator-block-size=33554432"
    "memorysetup-bucket-allocator-block-count=8"
    "memorysetup-main-allocator-block-size=16777216"
    "memorysetup-thread-allocator-block-size=16777216"
    "memorysetup-gfx-main-allocator-block-size=16777216"
    "memorysetup-gfx-thread-allocator-block-size=16777216"
    "memorysetup-cache-allocator-block-size=4194304"
    "memorysetup-typetree-allocator-block-size=2097152"
    "memorysetup-profiler-bucket-allocator-granularity=16"
    "memorysetup-profiler-bucket-allocator-bucket-count=8"
    "memorysetup-profiler-bucket-allocator-block-size=33554432"
    "memorysetup-profiler-bucket-allocator-block-count=8"
    "memorysetup-profiler-allocator-block-size=16777216"
    "memorysetup-profiler-editor-allocator-block-size=1048576"
    "memorysetup-temp-allocator-size-main=16777216"
    "memorysetup-job-temp-allocator-block-size=2097152"
    "memorysetup-job-temp-allocator-block-size-background=1048576"
    "memorysetup-job-temp-allocator-reduction-small-platforms=262144"
    "memorysetup-temp-allocator-size-cloud-worker=32768"
Player connection [36280]  Target information:

Player connection [36280]  * "[IP] 192.168.0.15 [Port] 0 [Flags] 2 [Guid] 1171919397 [EditorId] 1171919397 [Version] 1048832 [Id] WindowsEditor(7,_H_Rahman_) [Debug] 1 [PackageName] WindowsEditor [ProjectName] Editor" 

Player connection [36280] Host joined multi-casting on [225.0.0.222:54997]...
Player connection [36280] Host joined alternative multi-casting on [225.0.0.222:34997]...
JobSystem: Creating JobQueue using job-worker-count value 9
Input System module state changed to: Initialized.
[Physics::Module] Initialized fallback backend.
[Physics::Module] Id: 0xdecafbad
Library Redirect Path: Library/
[Physics::Module] Selected backend.
[Physics::Module] Name: PhysX
[Physics::Module] Id: 0xf2b8ea05
[Physics::Module] SDK Version: 4.1.2
[Physics::Module] Integration Version: 1.0.0
[Physics::Module] Threading Mode: Multi-Threaded
Refreshing native plugins compatible for Editor in 10.73 ms, found 3 plugins.
Preloading 0 native plugins for Editor in 0.00 ms.
Initialize engine version: 6000.3.11f1 (3000ef702840)
[Subsystems] Discovering subsystems at path C:/Program Files/Unity/Hub/Editor/6000.3.11f1/Editor/Data/Resources/UnitySubsystems
[Subsystems] Discovering subsystems at path C:/Users/hafiz/OneDrive/Documents/InterfacePrototype2026/InterfacePrototype2026/Assets
GfxDevice: creating device client; kGfxThreadingModeNonThreaded
Direct3D:
    Version:  Direct3D 11.0 [level 11.1]
    Renderer: Intel(R) Iris(R) Xe Graphics (ID=0xa7a0)
    Vendor:   Intel
    VRAM:     7995 MB
    Driver:   31.0.101.4255
Initialize mono
Mono path[0] = 'C:/Program Files/Unity/Hub/Editor/6000.3.11f1/Editor/Data/Managed'
Mono path[1] = 'C:/Program Files/Unity/Hub/Editor/6000.3.11f1/Editor/Data/MonoBleedingEdge/lib/mono/unityjit-win32'
Mono config path = 'C:/Program Files/Unity/Hub/Editor/6000.3.11f1/Editor/Data/MonoBleedingEdge/etc'
Using monoOptions --debugger-agent=transport=dt_socket,embedding=1,server=y,suspend=n,address=127.0.0.1:56012
Begin MonoManager ReloadAssembly
Registering precompiled unity dll's ...
Register platform support module: C:/Program Files/Unity/Hub/Editor/6000.3.11f1/Editor/Data/PlaybackEngines/WebGLSupport/UnityEditor.WebGL.Extensions.dll
Register platform support module: C:/Program Files/Unity/Hub/Editor/6000.3.11f1/Editor/Data/PlaybackEngines/WindowsStandaloneSupport/UnityEditor.WindowsStandalone.Extensions.dll
Registered in 0.011897 seconds.
[Licensing::Client] Error: HandshakeResponse reported an error:
	ResponseCode: 505
	ResponseStatus: Unsupported protocol version '1.18.0'.
[Licensing::Module] Error: Failed to handshake to channel: "LicenseClient-hafiza"
[Licensing::IpcConnector] LicenseClient-hafiza channel disconnected successfully.
[Licensing::IpcConnector] Successfully connected to: "LicenseClient-hafiza-6000.3.11" at "2026-09-14T21:53:41.2832071Z"
- Loaded All Assemblies, in  1.548 seconds
Native extension for WindowsStandalone target not found
Native extension for WebGL target not found
[Licensing::Client] Handshaking with LicensingClient:
  Version:                 1.18.0+23225a6
  Session Id:              05f6e7c6f7644c109892e6158dc59073
  Correlation Id:          5ce078cdaeeff014a621325577cdbfb1
  External correlation Id: 324310734441899696
  Machine Id:              IYw+UpfriCb3QdPui4rZhOquAz8=
[Licensing::Module] Successfully connected to LicensingClient on channel: "LicenseClient-hafiza-6000.3.11" (connect: 0.02s, validation: 0.01s, handshake: 0.48s)
[Licensing::IpcConnector] Successfully connected to: "LicenseClient-hafiza-6000.3.11-notifications" at "2026-09-14T21:53:41.778627Z"
[Licensing::Module] Licensing Background thread has ended after 4.57s
Package Manager log level set to [2]
[Package Manager] Failed to launch server process. Reason: Unity was launched with the -noUpm command-line argument
[Package Manager] Unable to send message (not connected to server process).
[Package Manager] Cannot connect to Unity Package Manager local server
ScheduleIndexationOnStartup MainProcess:False IndexOnStartup:True
Mono: successfully reloaded assembly
- Finished resetting the current domain, in  1.525 seconds
Domain Reload Profiling: 3069ms
	BeginReloadAssembly (594ms)
		ExecutionOrderSort (0ms)
		DisableScriptedObjects (0ms)
		BackupInstance (0ms)
		ReleaseScriptingObjects (0ms)
		CreateAndSetChildDomain (3ms)
	RebuildCommonClasses (115ms)
	RebuildNativeTypeToScriptingClass (41ms)
	initialDomainReloadingComplete (156ms)
	LoadAllAssembliesAndSetupDomain (637ms)
		LoadAssemblies (587ms)
		RebuildTransferFunctionScriptingTraits (0ms)
		AnalyzeDomain (628ms)
			TypeCache.Refresh (623ms)
				TypeCache.ScanAssembly (584ms)
			BuildScriptInfoCaches (1ms)
			ResolveRequiredComponents (1ms)
	FinalizeReload (1526ms)
		ReleaseScriptCaches (0ms)
		RebuildScriptCaches (0ms)
		SetupLoadedEditorAssemblies (1344ms)
			LogAssemblyErrors (0ms)
			InitializePlatformSupportModulesInManaged (196ms)
			SetLoadedEditorAssemblies (14ms)
			BeforeProcessingInitializeOnLoad (270ms)
			ProcessInitializeOnLoadAttributes (567ms)
			ProcessInitializeOnLoadMethodAttributes (296ms)
			AfterProcessingInitializeOnLoad (0ms)
			EditorAssembliesLoaded (0ms)
		ExecutionOrderSort2 (0ms)
		AwakeInstancesAfterBackupRestoration (0ms)
========================================================================
Worker process is ready to serve import requests
Import Worker Mode flag is 0x00
Begin MonoManager ReloadAssembly
[Licensing::Client] Successfully resolved entitlement details
[Licensing::Module] License group:
  Id: F4-9Y4C-3YWY-AHYA-9WWZ-XXXX
  Product: Unity Personal
  Type: ULF
  Expiration: Unlimited
[Licensing::Module] License group:
  Id: 5773043619592-UnityPersXXXX
  Product: Unity Personal
  Type: Assigned
  Expiration: Unlimited
- Loaded All Assemblies, in  3.077 seconds
Refreshing native plugins compatible for Editor in 2.06 ms, found 3 plugins.
Native extension for WindowsStandalone target not found
Native extension for WebGL target not found
[Package Manager] Failed to launch server process. Reason: Unity was launched with the -noUpm command-line argument
[Package Manager] Unable to send message (not connected to server process).
[Package Manager] Cannot connect to Unity Package Manager local server
[Package Manager] Failed to launch server process. Reason: Unity was launched with the -noUpm command-line argument
[Package Manager] Unable to send message (not connected to server process).
[Package Manager] Cannot connect to Unity Package Manager local server
ScheduleIndexationOnStartup MainProcess:False IndexOnStartup:True
Mono: successfully reloaded assembly
- Finished resetting the current domain, in  2.977 seconds
Domain Reload Profiling: 6044ms
	BeginReloadAssembly (626ms)
		ExecutionOrderSort (0ms)
		DisableScriptedObjects (19ms)
		BackupInstance (0ms)
		ReleaseScriptingObjects (0ms)
		CreateAndSetChildDomain (62ms)
	RebuildCommonClasses (102ms)
	RebuildNativeTypeToScriptingClass (96ms)
	initialDomainReloadingComplete (126ms)
	LoadAllAssembliesAndSetupDomain (2115ms)
		LoadAssemblies (1515ms)
		RebuildTransferFunctionScriptingTraits (0ms)
		AnalyzeDomain (987ms)
			TypeCache.Refresh (629ms)
				TypeCache.ScanAssembly (591ms)
			BuildScriptInfoCaches (306ms)
			ResolveRequiredComponents (42ms)
	FinalizeReload (2979ms)
		ReleaseScriptCaches (0ms)
		RebuildScriptCaches (0ms)
		SetupLoadedEditorAssemblies (2343ms)
			LogAssemblyErrors (0ms)
			InitializePlatformSupportModulesInManaged (9ms)
			SetLoadedEditorAssemblies (15ms)
			BeforeProcessingInitializeOnLoad (491ms)
			ProcessInitializeOnLoadAttributes (1524ms)
			ProcessInitializeOnLoadMethodAttributes (287ms)
			AfterProcessingInitializeOnLoad (17ms)
			EditorAssembliesLoaded (1ms)
		ExecutionOrderSort2 (0ms)
		AwakeInstancesAfterBackupRestoration (26ms)
Launched and connected shader compiler UnityShaderCompiler.exe after 0.05 seconds
Refreshing native plugins compatible for Editor in 3.71 ms, found 3 plugins.
Preloading 0 native plugins for Editor in 0.00 ms.
Unloading 28 Unused Serialized files (Serialized files now loaded: 0)
Unloading 6422 unused Assets / (6.1 MB). Loaded Objects now: 7272.
Memory consumption went from 169.8 MB to 163.7 MB.
Total: 20.589400 ms (FindLiveObjects: 1.496900 ms CreateObjectMapping: 1.361000 ms MarkObjects: 13.063700 ms  DeleteObjects: 4.664300 ms)

========================================================================
Received Import Request.
  Time since last request: 178395.078455 seconds.
  path: Assets/Grass And Flowers Pack 1/Ground Textures/Materials/Groundplants 1_D 1003.mat
  artifactKey: Guid(a495cff0baa2042468dfe5671fd1a07d) Importer(2089858483,b0f066a214c2f5e87bad3c948f4d605d)
Start importing Assets/Grass And Flowers Pack 1/Ground Textures/Materials/Groundplants 1_D 1003.mat using Guid(a495cff0baa2042468dfe5671fd1a07d) Importer(2089858483,b0f066a214c2f5e87bad3c948f4d605d) (ScriptedImporter) -> (artifact id: '23ef2d41ef5e3bd9be1a9c9ae3aa7727') in 0.4521123 seconds
Number of updated asset objects reloaded before import = 0Number of asset objects unloaded after import = 1

========================================================================
Received Import Request.
  Time since last request: 0.000045 seconds.
  path: Assets/Grass And Flowers Pack 1/Ground Textures/Materials/Groundplants 1_D 1042.mat
  artifactKey: Guid(527768904e98f7849be06e4dd093f3d2) Importer(2089858483,b0f066a214c2f5e87bad3c948f4d605d)
Start importing Assets/Grass And Flowers Pack 1/Ground Textures/Materials/Groundplants 1_D 1042.mat using Guid(527768904e98f7849be06e4dd093f3d2) Importer(2089858483,b0f066a214c2f5e87bad3c948f4d605d) (ScriptedImporter) -> (artifact id: 'f0f05fb9fc8cfeea2855b48fbd0b22c6') in 0.0596593 seconds
Number of updated asset objects reloaded before import = 0Number of asset objects unloaded after import = 1

========================================================================
Received Import Request.
  Time since last request: 0.000067 seconds.
  path: Assets/Grass And Flowers Pack 1/Ground Textures/Materials/Groundplants 1_D 1093.mat
  artifactKey: Guid(29fa2580f82dc8c4fbcbb9e5c96fa4fc) Importer(2089858483,b0f066a214c2f5e87bad3c948f4d605d)
Start importing Assets/Grass And Flowers Pack 1/Ground Textures/Materials/Groundplants 1_D 1093.mat using Guid(29fa2580f82dc8c4fbcbb9e5c96fa4fc) Importer(2089858483,b0f066a214c2f5e87bad3c948f4d605d) (ScriptedImporter) -> (artifact id: 'bf2b00d65b2db5598a60b5bd4c7bef9d') in 0.1115395 seconds
Number of updated asset objects reloaded before import = 0Number of asset objects unloaded after import = 1

========================================================================
Received Import Request.
  Time since last request: 0.000038 seconds.
  path: Assets/Grass And Flowers Pack 1/Ground Textures/Materials/Groundplants 1_D 1018.mat
  artifactKey: Guid(fe40bc33a5134e0448f6ad434f303bf7) Importer(2089858483,b0f066a214c2f5e87bad3c948f4d605d)
Start importing Assets/Grass And Flowers Pack 1/Ground Textures/Materials/Groundplants 1_D 1018.mat using Guid(fe40bc33a5134e0448f6ad434f303bf7) Importer(2089858483,b0f066a214c2f5e87bad3c948f4d605d) (ScriptedImporter) -> (artifact id: '6c66551cead576cffd0fc8c685cd7242') in 0.0744019 seconds
Number of updated asset objects reloaded before import = 0Number of asset objects unloaded after import = 1

========================================================================
Received Import Request.
  Time since last request: 0.000078 seconds.
  path: Assets/Grass And Flowers Pack 1/Ground Textures/Materials/Groundplants 1_D 1159.mat
  artifactKey: Guid(257b0b834b8fab349a8ac50847d9a563) Importer(2089858483,b0f066a214c2f5e87bad3c948f4d605d)
Start importing Assets/Grass And Flowers Pack 1/Ground Textures/Materials/Groundplants 1_D 1159.mat using Guid(257b0b834b8fab349a8ac50847d9a563) Importer(2089858483,b0f066a214c2f5e87bad3c948f4d605d) (ScriptedImporter) -> (artifact id: 'bbc2dd96cced5ff5ba13bc09ae206e1c') in 0.2260827 seconds
Number of updated asset objects reloaded before import = 0Number of asset objects unloaded after import = 1

========================================================================
Received Import Request.
  Time since last request: 0.000083 seconds.
  path: Assets/Grass And Flowers Pack 1/Ground Textures/Materials/Groundplants 1_D 1174.mat
  artifactKey: Guid(6634b7944c56d3543a98c2ff0114c552) Importer(2089858483,b0f066a214c2f5e87bad3c948f4d605d)
Start importing Assets/Grass And Flowers Pack 1/Ground Textures/Materials/Groundplants 1_D 1174.mat using Guid(6634b7944c56d3543a98c2ff0114c552) Importer(2089858483,b0f066a214c2f5e87bad3c948f4d605d) (ScriptedImporter) -> (artifact id: 'ccd44c7e339d063af7abcaf463e859c4') in 0.041698 seconds
Number of updated asset objects reloaded before import = 0Number of asset objects unloaded after import = 1

========================================================================
Received Import Request.
  Time since last request: 0.000089 seconds.
  path: Assets/Grass And Flowers Pack 1/Ground Textures/Materials/Groundplants 1_D 1176.mat
  artifactKey: Guid(0c0674120fb84844a9858eb3290a5573) Importer(2089858483,b0f066a214c2f5e87bad3c948f4d605d)
Start importing Assets/Grass And Flowers Pack 1/Ground Textures/Materials/Groundplants 1_D 1176.mat using Guid(0c0674120fb84844a9858eb3290a5573) Importer(2089858483,b0f066a214c2f5e87bad3c948f4d605d) (ScriptedImporter) -> (artifact id: 'd4a2b27d6100bc4e502aa0bd081388bd') in 0.0969523 seconds
Number of updated asset objects reloaded before import = 0Number of asset objects unloaded after import = 1

========================================================================
Received Import Request.
  Time since last request: 0.000042 seconds.
  path: Assets/Grass And Flowers Pack 1/Ground Textures/Materials/Groundplants 1_D 1186.mat
  artifactKey: Guid(d5bd39d87b1137b4a8107f2e3946d0d5) Importer(2089858483,b0f066a214c2f5e87bad3c948f4d605d)
Start importing Assets/Grass And Flowers Pack 1/Ground Textures/Materials/Groundplants 1_D 1186.mat using Guid(d5bd39d87b1137b4a8107f2e3946d0d5) Importer(2089858483,b0f066a214c2f5e87bad3c948f4d605d) (ScriptedImporter) -> (artifact id: '181381268da6ab3f415fbcaf53734e31') in 0.1135379 seconds
Number of updated asset objects reloaded before import = 0Number of asset objects unloaded after import = 1

========================================================================
Received Import Request.
  Time since last request: 0.000081 seconds.
  path: Assets/Grass And Flowers Pack 1/Ground Textures/Materials/Groundplants 1_D 1191.mat
  artifactKey: Guid(12b1fbc6128da9e4e855479c350ec216) Importer(2089858483,b0f066a214c2f5e87bad3c948f4d605d)
Start importing Assets/Grass And Flowers Pack 1/Ground Textures/Materials/Groundplants 1_D 1191.mat using Guid(12b1fbc6128da9e4e855479c350ec216) Importer(2089858483,b0f066a214c2f5e87bad3c948f4d605d) (ScriptedImporter) -> (artifact id: 'cd5a64411dd0b20477873db8f9199a4c') in 0.1542696 seconds
Number of updated asset objects reloaded before import = 0Number of asset objects unloaded after import = 1

========================================================================
Received Import Request.
  Time since last request: 0.000054 seconds.
  path: Assets/Grass And Flowers Pack 1/Ground Textures/Materials/Groundplants 1_D 1079.mat
  artifactKey: Guid(a54c3b2c2500a124893c5334126b94c2) Importer(2089858483,b0f066a214c2f5e87bad3c948f4d605d)
Start importing Assets/Grass And Flowers Pack 1/Ground Textures/Materials/Groundplants 1_D 1079.mat using Guid(a54c3b2c2500a124893c5334126b94c2) Importer(2089858483,b0f066a214c2f5e87bad3c948f4d605d) (ScriptedImporter) -> (artifact id: 'dbbd3d1ef41611d50f2d89c6153adcf3') in 0.0493369 seconds
Number of updated asset objects reloaded before import = 0Number of asset objects unloaded after import = 1

========================================================================
Received Import Request.
  Time since last request: 0.000082 seconds.
  path: Assets/Grass And Flowers Pack 1/Ground Textures/Materials/Groundplants 1_D 1055.mat
  artifactKey: Guid(f787300b69a3bf64e81ac43662ca21ce) Importer(2089858483,b0f066a214c2f5e87bad3c948f4d605d)
Start importing Assets/Grass And Flowers Pack 1/Ground Textures/Materials/Groundplants 1_D 1055.mat using Guid(f787300b69a3bf64e81ac43662ca21ce) Importer(2089858483,b0f066a214c2f5e87bad3c948f4d605d) (ScriptedImporter) -> (artifact id: '3501f30e00bb11f88c47fb4c9615268a') in 0.1010352 seconds
Number of updated asset objects reloaded before import = 0Number of asset objects unloaded after import = 1

========================================================================
Received Import Request.
  Time since last request: 0.000039 seconds.
  path: Assets/Grass And Flowers Pack 1/Ground Textures/Materials/Groundplants 1_D 1140.mat
  artifactKey: Guid(f821d5c69ee3cd3478377de6a7dc4584) Importer(2089858483,b0f066a214c2f5e87bad3c948f4d605d)
Start importing Assets/Grass And Flowers Pack 1/Ground Textures/Materials/Groundplants 1_D 1140.mat using Guid(f821d5c69ee3cd3478377de6a7dc4584) Importer(2089858483,b0f066a214c2f5e87bad3c948f4d605d) (ScriptedImporter) -> (artifact id: 'efa61938c62999fde6b22ba715bbd0f8') in 0.1494874 seconds
Number of updated asset objects reloaded before import = 0Number of asset objects unloaded after import = 1

========================================================================
Received Import Request.
  Time since last request: 0.000087 seconds.
  path: Assets/Grass And Flowers Pack 1/Ground Textures/Materials/Groundplants 1_D 1205.mat
  artifactKey: Guid(c73bb0e919088f14890524afd0c25e6c) Importer(2089858483,b0f066a214c2f5e87bad3c948f4d605d)
Start importing Assets/Grass And Flowers Pack 1/Ground Textures/Materials/Groundplants 1_D 1205.mat using Guid(c73bb0e919088f14890524afd0c25e6c) Importer(2089858483,b0f066a214c2f5e87bad3c948f4d605d) (ScriptedImporter) -> (artifact id: '0dd86a7f4f45236b26a8370f69dc942a') in 0.0702148 seconds
Number of updated asset objects reloaded before import = 0Number of asset objects unloaded after import = 1

========================================================================
Received Import Request.
  Time since last request: 0.000050 seconds.
  path: Assets/Grass And Flowers Pack 1/Ground Textures/Materials/Groundplants 1_D 1137.mat
  artifactKey: Guid(0fd2b576a44d721459809f214c93a87d) Importer(2089858483,b0f066a214c2f5e87bad3c948f4d605d)
Start importing Assets/Grass And Flowers Pack 1/Ground Textures/Materials/Groundplants 1_D 1137.mat using Guid(0fd2b576a44d721459809f214c93a87d) Importer(2089858483,b0f066a214c2f5e87bad3c948f4d605d) (ScriptedImporter) -> (artifact id: '1afa5d3a2ef72181ec1521acbd0e3b45') in 0.0399949 seconds
Number of updated asset objects reloaded before import = 0Number of asset objects unloaded after import = 1

========================================================================
Received Import Request.
  Time since last request: 0.000068 seconds.
  path: Assets/Grass And Flowers Pack 1/Ground Textures/Materials/Groundplants 1_D 1222.mat
  artifactKey: Guid(1b2eb810cb9184444addb965ea00ec78) Importer(2089858483,b0f066a214c2f5e87bad3c948f4d605d)
Start importing Assets/Grass And Flowers Pack 1/Ground Textures/Materials/Groundplants 1_D 1222.mat using Guid(1b2eb810cb9184444addb965ea00ec78) Importer(2089858483,b0f066a214c2f5e87bad3c948f4d605d) (ScriptedImporter) -> (artifact id: '871574bd32929230e452a0aa10ce4aa5') in 0.0432653 seconds
Number of updated asset objects reloaded before import = 0Number of asset objects unloaded after import = 1

========================================================================
Received Import Request.
  Time since last request: 0.000039 seconds.
  path: Assets/Grass And Flowers Pack 1/Ground Textures/Materials/Groundplants 1_D 1049.mat
  artifactKey: Guid(cb9af65c9f288634e8d540b48f5d726d) Importer(2089858483,b0f066a214c2f5e87bad3c948f4d605d)
Start importing Assets/Grass And Flowers Pack 1/Ground Textures/Materials/Groundplants 1_D 1049.mat using Guid(cb9af65c9f288634e8d540b48f5d726d) Importer(2089858483,b0f066a214c2f5e87bad3c948f4d605d) (ScriptedImporter) -> (artifact id: 'acb9ddec5e103315592ab5038ae8042c') in 0.3224243 seconds
Number of updated asset objects reloaded before import = 0Number of asset objects unloaded after import = 1

========================================================================
Received Import Request.
  Time since last request: 0.000046 seconds.
  path: Assets/Grass And Flowers Pack 1/Ground Textures/Materials/Groundplants 1_D 1225.mat
  artifactKey: Guid(7f2d91f59cb1ccd499b08f042bc5db63) Importer(2089858483,b0f066a214c2f5e87bad3c948f4d605d)
Start importing Assets/Grass And Flowers Pack 1/Ground Textures/Materials/Groundplants 1_D 1225.mat using Guid(7f2d91f59cb1ccd499b08f042bc5db63) Importer(2089858483,b0f066a214c2f5e87bad3c948f4d605d) (ScriptedImporter) -> (artifact id: '0c9789a98a774dfbac0720a5b4dfe3c8') in 0.1381144 seconds
Number of updated asset objects reloaded before import = 0Number of asset objects unloaded after import = 1

========================================================================
Received Import Request.
  Time since last request: 0.000077 seconds.
  path: Assets/Grass And Flowers Pack 1/Ground Textures/Materials/Groundplants 1_D 1235.mat
  artifactKey: Guid(9f3aa86e9089b4e419368de4657540c1) Importer(2089858483,b0f066a214c2f5e87bad3c948f4d605d)
Start importing Assets/Grass And Flowers Pack 1/Ground Textures/Materials/Groundplants 1_D 1235.mat using Guid(9f3aa86e9089b4e419368de4657540c1) Importer(2089858483,b0f066a214c2f5e87bad3c948f4d605d) (ScriptedImporter) -> (artifact id: '1c9b6c4d25d0c2578b7533b4b64784f9') in 0.0524964 seconds
Number of updated asset objects reloaded before import = 0Number of asset objects unloaded after import = 1

========================================================================
Received Import Request.
  Time since last request: 0.000040 seconds.
  path: Assets/Grass And Flowers Pack 1/Ground Textures/Materials/Groundplants 1_D 1131.mat
  artifactKey: Guid(f623fd436a7c47a42823b6c991640957) Importer(2089858483,b0f066a214c2f5e87bad3c948f4d605d)
Start importing Assets/Grass And Flowers Pack 1/Ground Textures/Materials/Groundplants 1_D 1131.mat using Guid(f623fd436a7c47a42823b6c991640957) Importer(2089858483,b0f066a214c2f5e87bad3c948f4d605d) (ScriptedImporter) -> (artifact id: '6fb7983a4b0c99d4260f1d9966c4358d') in 0.0510093 seconds
Number of updated asset objects reloaded before import = 0Number of asset objects unloaded after import = 1

========================================================================
Received Import Request.
  Time since last request: 0.000055 seconds.
  path: Assets/Grass And Flowers Pack 1/Ground Textures/Materials/Groundplants 1_D 1244.mat
  artifactKey: Guid(d256314bff8a16e4caada3621c19c714) Importer(2089858483,b0f066a214c2f5e87bad3c948f4d605d)
Start importing Assets/Grass And Flowers Pack 1/Ground Textures/Materials/Groundplants 1_D 1244.mat using Guid(d256314bff8a16e4caada3621c19c714) Importer(2089858483,b0f066a214c2f5e87bad3c948f4d605d) (ScriptedImporter) -> (artifact id: '0cf7f90588fd63b808c49a1c7787c71a') in 0.0521287 seconds
Number of updated asset objects reloaded before import = 0Number of asset objects unloaded after import = 1

========================================================================
Received Import Request.
  Time since last request: 0.000066 seconds.
  path: Assets/Grass And Flowers Pack 1/Ground Textures/Materials/Groundplants 1_D 1189.mat
  artifactKey: Guid(f511b55b20a371748bf8c14a97158b33) Importer(2089858483,b0f066a214c2f5e87bad3c948f4d605d)
Start importing Assets/Grass And Flowers Pack 1/Ground Textures/Materials/Groundplants 1_D 1189.mat using Guid(f511b55b20a371748bf8c14a97158b33) Importer(2089858483,b0f066a214c2f5e87bad3c948f4d605d) (ScriptedImporter) -> (artifact id: 'e96206e58e138adf7b1bca7060a8a8ec') in 0.3613847 seconds
Number of updated asset objects reloaded before import = 0Number of asset objects unloaded after import = 1

========================================================================
Received Import Request.
  Time since last request: 0.000061 seconds.
  path: Assets/Grass And Flowers Pack 1/Ground Textures/Materials/Groundplants 1_D 1254.mat
  artifactKey: Guid(897992f8723304b4cab1942944055af6) Importer(2089858483,b0f066a214c2f5e87bad3c948f4d605d)
Start importing Assets/Grass And Flowers Pack 1/Ground Textures/Materials/Groundplants 1_D 1254.mat using Guid(897992f8723304b4cab1942944055af6) Importer(2089858483,b0f066a214c2f5e87bad3c948f4d605d) (ScriptedImporter) -> (artifact id: '8e79028d2734a75c7fea837c9cb6fe61') in 0.0483415 seconds
Number of updated asset objects reloaded before import = 0Number of asset objects unloaded after import = 1

========================================================================
Received Import Request.
  Time since last request: 0.000075 seconds.
  path: Assets/Grass And Flowers Pack 1/Ground Textures/Materials/Groundplants 1_D 1267.mat
  artifactKey: Guid(7ed617a0e800d5d4ebd8b8351231f8f6) Importer(2089858483,b0f066a214c2f5e87bad3c948f4d605d)
Start importing Assets/Grass And Flowers Pack 1/Ground Textures/Materials/Groundplants 1_D 1267.mat using Guid(7ed617a0e800d5d4ebd8b8351231f8f6) Importer(2089858483,b0f066a214c2f5e87bad3c948f4d605d) (ScriptedImporter) -> (artifact id: '333ed3555cf1c08654e5b0911903e248') in 0.0503424 seconds
Number of updated asset objects reloaded before import = 0Number of asset objects unloaded after import = 1

========================================================================
Received Import Request.
  Time since last request: 0.000034 seconds.
  path: Assets/Grass And Flowers Pack 1/Ground Textures/Materials/Groundplants 1_D 1264.mat
  artifactKey: Guid(77d70ba3e4a6bb54fabc83450c2d20a6) Importer(2089858483,b0f066a214c2f5e87bad3c948f4d605d)
Start importing Assets/Grass And Flowers Pack 1/Ground Textures/Materials/Groundplants 1_D 1264.mat using Guid(77d70ba3e4a6bb54fabc83450c2d20a6) Importer(2089858483,b0f066a214c2f5e87bad3c948f4d605d) (ScriptedImporter) -> (artifact id: '84766f912c1a11ae621490136e0c5053') in 0.0874943 seconds
Number of updated asset objects reloaded before import = 0Number of asset objects unloaded after import = 1

========================================================================
Received Import Request.
  Time since last request: 0.000053 seconds.
  path: Assets/Grass And Flowers Pack 1/Ground Textures/Materials/Groundplants 1_D 1221.mat
  artifactKey: Guid(f5400b478b250804b9f21eae19a7817f) Importer(2089858483,b0f066a214c2f5e87bad3c948f4d605d)
Start importing Assets/Grass And Flowers Pack 1/Ground Textures/Materials/Groundplants 1_D 1221.mat using Guid(f5400b478b250804b9f21eae19a7817f) Importer(2089858483,b0f066a214c2f5e87bad3c948f4d605d) (ScriptedImporter) -> (artifact id: 'edfdc423fe84122dc39f988d8ce1b314') in 0.0676603 seconds
Number of updated asset objects reloaded before import = 0Number of asset objects unloaded after import = 1

========================================================================
Received Import Request.
  Time since last request: 0.000066 seconds.
  path: Assets/Grass And Flowers Pack 1/Ground Textures/Materials/Groundplants 1_D 1270.mat
  artifactKey: Guid(e3913819d9b39344ba80e5df679ee971) Importer(2089858483,b0f066a214c2f5e87bad3c948f4d605d)
Start importing Assets/Grass And Flowers Pack 1/Ground Textures/Materials/Groundplants 1_D 1270.mat using Guid(e3913819d9b39344ba80e5df679ee971) Importer(2089858483,b0f066a214c2f5e87bad3c948f4d605d) (ScriptedImporter) -> (artifact id: '871fac88f727b503195f039bb613c1d5') in 0.2287614 seconds
Number of updated asset objects reloaded before import = 0Number of asset objects unloaded after import = 1

========================================================================
Received Import Request.
  Time since last request: 0.000055 seconds.
  path: Assets/Grass And Flowers Pack 1/Ground Textures/Materials/Groundplants 1_D 1284.mat
  artifactKey: Guid(262ea95388c19bb479bfc5fcabadbdc6) Importer(2089858483,b0f066a214c2f5e87bad3c948f4d605d)
Start importing Assets/Grass And Flowers Pack 1/Ground Textures/Materials/Groundplants 1_D 1284.mat using Guid(262ea95388c19bb479bfc5fcabadbdc6) Importer(2089858483,b0f066a214c2f5e87bad3c948f4d605d) (ScriptedImporter) -> (artifact id: 'b84a1ca0cb84da85ec2efc7004d6cf16') in 0.276851 seconds
Number of updated asset objects reloaded before import = 0Number of asset objects unloaded after import = 1

========================================================================
Received Import Request.
  Time since last request: 0.000061 seconds.
  path: Assets/Grass And Flowers Pack 1/Ground Textures/Materials/Groundplants 1_D 1283.mat
  artifactKey: Guid(4e215b5fee4babe4f9beb655fdae8c77) Importer(2089858483,b0f066a214c2f5e87bad3c948f4d605d)
Start importing Assets/Grass And Flowers Pack 1/Ground Textures/Materials/Groundplants 1_D 1283.mat using Guid(4e215b5fee4babe4f9beb655fdae8c77) Importer(2089858483,b0f066a214c2f5e87bad3c948f4d605d) (ScriptedImporter) -> (artifact id: '8e29e0a59ec7497a8a14d5d3bb1a3505') in 0.1168777 seconds
Number of updated asset objects reloaded before import = 0Number of asset objects unloaded after import = 1

========================================================================
Received Import Request.
  Time since last request: 0.000039 seconds.
  path: Assets/Grass And Flowers Pack 1/Ground Textures/Materials/Groundplants 1_D 1048.mat
  artifactKey: Guid(80ea5b1de8bb41243a57916959f94480) Importer(2089858483,b0f066a214c2f5e87bad3c948f4d605d)
Start importing Assets/Grass And Flowers Pack 1/Ground Textures/Materials/Groundplants 1_D 1048.mat using Guid(80ea5b1de8bb41243a57916959f94480) Importer(2089858483,b0f066a214c2f5e87bad3c948f4d605d) (ScriptedImporter) -> (artifact id: '1efa0847b4af604f9f02d306188729d8') in 0.1459462 seconds
Number of updated asset objects reloaded before import = 0Number of asset objects unloaded after import = 1

========================================================================
Received Import Request.
  Time since last request: 0.000139 seconds.
  path: Assets/Grass And Flowers Pack 1/Ground Textures/Materials/Groundplants 1_D 1305.mat
  artifactKey: Guid(6357ba117bef5f34f9c8fbe3ff917f9b) Importer(2089858483,b0f066a214c2f5e87bad3c948f4d605d)
Start importing Assets/Grass And Flowers Pack 1/Ground Textures/Materials/Groundplants 1_D 1305.mat using Guid(6357ba117bef5f34f9c8fbe3ff917f9b) Importer(2089858483,b0f066a214c2f5e87bad3c948f4d605d) (ScriptedImporter) -> (artifact id: '8ee9b5c62dd8a0aa76091235cc1528c0') in 0.0480584 seconds
Number of updated asset objects reloaded before import = 0Number of asset objects unloaded after import = 1

========================================================================
Received Import Request.
  Time since last request: 0.000052 seconds.
  path: Assets/Grass And Flowers Pack 1/Ground Textures/Materials/Groundplants 1_D 1296.mat
  artifactKey: Guid(8f719d4481feaa44a9a4528474a21ed7) Importer(2089858483,b0f066a214c2f5e87bad3c948f4d605d)
Start importing Assets/Grass And Flowers Pack 1/Ground Textures/Materials/Groundplants 1_D 1296.mat using Guid(8f719d4481feaa44a9a4528474a21ed7) Importer(2089858483,b0f066a214c2f5e87bad3c948f4d605d) (ScriptedImporter) -> (artifact id: '9ba879a9dbac541afb6e3842473648b4') in 0.0589108 seconds
Number of updated asset objects reloaded before import = 0Number of asset objects unloaded after import = 1

========================================================================
Received Import Request.
  Time since last request: 0.000058 seconds.
  path: Assets/Grass And Flowers Pack 1/Ground Textures/Materials/Groundplants 1_D 1309.mat
  artifactKey: Guid(57468707606ac0841a5d47932949d251) Importer(2089858483,b0f066a214c2f5e87bad3c948f4d605d)
Start importing Assets/Grass And Flowers Pack 1/Ground Textures/Materials/Groundplants 1_D 1309.mat using Guid(57468707606ac0841a5d47932949d251) Importer(2089858483,b0f066a214c2f5e87bad3c948f4d605d) (ScriptedImporter) -> (artifact id: 'fd1d85509750d5f11129ca93ed17f1cf') in 0.0512226 seconds
Number of updated asset objects reloaded before import = 0Number of asset objects unloaded after import = 1

========================================================================
Received Import Request.
  Time since last request: 0.000044 seconds.
  path: Assets/Grass And Flowers Pack 1/Ground Textures/Materials/Groundplants 1_D 1097.mat
  artifactKey: Guid(eb8936d2ae756d646a03e3fa2c1567fe) Importer(2089858483,b0f066a214c2f5e87bad3c948f4d605d)
Start importing Assets/Grass And Flowers Pack 1/Ground Textures/Materials/Groundplants 1_D 1097.mat using Guid(eb8936d2ae756d646a03e3fa2c1567fe) Importer(2089858483,b0f066a214c2f5e87bad3c948f4d605d) (ScriptedImporter) -> (artifact id: '41319f436b48a001cc864ce975b029ed') in 0.0790553 seconds
Number of updated asset objects reloaded before import = 0Number of asset objects unloaded after import = 1

========================================================================
Received Import Request.
  Time since last request: 0.000061 seconds.
  path: Assets/Grass And Flowers Pack 1/Ground Textures/Materials/Groundplants 1_D 1316.mat
  artifactKey: Guid(e5efca78a687d1745ac7e5158e848580) Importer(2089858483,b0f066a214c2f5e87bad3c948f4d605d)
Start importing Assets/Grass And Flowers Pack 1/Ground Textures/Materials/Groundplants 1_D 1316.mat using Guid(e5efca78a687d1745ac7e5158e848580) Importer(2089858483,b0f066a214c2f5e87bad3c948f4d605d) (ScriptedImporter) -> (artifact id: '3658773af66d93c7fc4b5659680f7f69') in 0.0416513 seconds
Number of updated asset objects reloaded before import = 0Number of asset objects unloaded after import = 1

========================================================================
Received Import Request.
  Time since last request: 0.000136 seconds.
  path: Assets/Grass And Flowers Pack 1/Ground Textures/Materials/Groundplants 1_D 1322.mat
  artifactKey: Guid(d43bb2368fcc5494a832f1fb9169a1f3) Importer(2089858483,b0f066a214c2f5e87bad3c948f4d605d)
Start importing Assets/Grass And Flowers Pack 1/Ground Textures/Materials/Groundplants 1_D 1322.mat using Guid(d43bb2368fcc5494a832f1fb9169a1f3) Importer(2089858483,b0f066a214c2f5e87bad3c948f4d605d) (ScriptedImporter) -> (artifact id: '4132b7ac63302b194c855b99e8bd2829') in 0.0986651 seconds
Number of updated asset objects reloaded before import = 0Number of asset objects unloaded after import = 1

========================================================================
Received Import Request.
  Time since last request: 0.000046 seconds.
  path: Assets/Grass And Flowers Pack 1/Ground Textures/Materials/Groundplants 1_D 1282.mat
  artifactKey: Guid(9ae53f6f6296f6d4ebb3fed772d8b4db) Importer(2089858483,b0f066a214c2f5e87bad3c948f4d605d)
Start importing Assets/Grass And Flowers Pack 1/Ground Textures/Materials/Groundplants 1_D 1282.mat using Guid(9ae53f6f6296f6d4ebb3fed772d8b4db) Importer(2089858483,b0f066a214c2f5e87bad3c948f4d605d) (ScriptedImporter) -> (artifact id: '9f0303b26dc5f993c5502255e4d70e04') in 0.0458819 seconds
Number of updated asset objects reloaded before import = 0Number of asset objects unloaded after import = 1

========================================================================
Received Import Request.
  Time since last request: 0.000068 seconds.
  path: Assets/Grass And Flowers Pack 1/Ground Textures/Materials/Groundplants 1_D 1328.mat
  artifactKey: Guid(e12fda4fb153e5c489ad60af2f8cef37) Importer(2089858483,b0f066a214c2f5e87bad3c948f4d605d)
Start importing Assets/Grass And Flowers Pack 1/Ground Textures/Materials/Groundplants 1_D 1328.mat using Guid(e12fda4fb153e5c489ad60af2f8cef37) Importer(2089858483,b0f066a214c2f5e87bad3c948f4d605d) (ScriptedImporter) -> (artifact id: '4e8b35a665afbf9f0f5ba2c0a927343b') in 0.2354232 seconds
Number of updated asset objects reloaded before import = 0Number of asset objects unloaded after import = 1

========================================================================
Received Import Request.
  Time since last request: 0.000055 seconds.
  path: Assets/Grass And Flowers Pack 1/Ground Textures/Materials/Groundplants 1_D 1337.mat
  artifactKey: Guid(422ef9d156cde3c47b781ae07023c6f1) Importer(2089858483,b0f066a214c2f5e87bad3c948f4d605d)
Start importing Assets/Grass And Flowers Pack 1/Ground Textures/Materials/Groundplants 1_D 1337.mat using Guid(422ef9d156cde3c47b781ae07023c6f1) Importer(2089858483,b0f066a214c2f5e87bad3c948f4d605d) (ScriptedImporter) -> (artifact id: '47add087220a23b5bd1cbf6ef15c5cdf') in 0.0435462 seconds
Number of updated asset objects reloaded before import = 0Number of asset objects unloaded after import = 1

========================================================================
Received Import Request.
  Time since last request: 0.000069 seconds.
  path: Assets/Grass And Flowers Pack 1/Ground Textures/Materials/Groundplants 1_D 1343.mat
  artifactKey: Guid(b8e080bf82f25184cba8c919fbf40a9f) Importer(2089858483,b0f066a214c2f5e87bad3c948f4d605d)
Start importing Assets/Grass And Flowers Pack 1/Ground Textures/Materials/Groundplants 1_D 1343.mat using Guid(b8e080bf82f25184cba8c919fbf40a9f) Importer(2089858483,b0f066a214c2f5e87bad3c948f4d605d) (ScriptedImporter) -> (artifact id: '185ee4687e123d02d9953a826f62346d') in 0.2902997 seconds
Number of updated asset objects reloaded before import = 0Number of asset objects unloaded after import = 1

========================================================================
Received Import Request.
  Time since last request: 0.000046 seconds.
  path: Assets/Grass And Flowers Pack 1/Ground Textures/Materials/Groundplants 1_D 1350.mat
  artifactKey: Guid(ca72b30259185b6458625ba432ff3904) Importer(2089858483,b0f066a214c2f5e87bad3c948f4d605d)
Start importing Assets/Grass And Flowers Pack 1/Ground Textures/Materials/Groundplants 1_D 1350.mat using Guid(ca72b30259185b6458625ba432ff3904) Importer(2089858483,b0f066a214c2f5e87bad3c948f4d605d) (ScriptedImporter) -> (artifact id: '635c5f6e069fa830cf0322dd86c3c482') in 0.1349076 seconds
Number of updated asset objects reloaded before import = 0Number of asset objects unloaded after import = 1

========================================================================
Received Import Request.
  Time since last request: 0.000070 seconds.
  path: Assets/Grass And Flowers Pack 1/Ground Textures/Materials/Groundplants 1_D 1198.mat
  artifactKey: Guid(3c1ab7850db9c58498f31690486755f4) Importer(2089858483,b0f066a214c2f5e87bad3c948f4d605d)
Start importing Assets/Grass And Flowers Pack 1/Ground Textures/Materials/Groundplants 1_D 1198.mat using Guid(3c1ab7850db9c58498f31690486755f4) Importer(2089858483,b0f066a214c2f5e87bad3c948f4d605d) (ScriptedImporter) -> (artifact id: 'ae075ba6f14579f110e2b577c48823fa') in 0.3362044 seconds
Number of updated asset objects reloaded before import = 0Number of asset objects unloaded after import = 1

========================================================================
Received Import Request.
  Time since last request: 0.000070 seconds.
  path: Assets/Grass And Flowers Pack 1/Ground Textures/Materials/Groundplants 1_D 1357.mat
  artifactKey: Guid(75e710dc1abd4a14893625ca85390d6c) Importer(2089858483,b0f066a214c2f5e87bad3c948f4d605d)
Start importing Assets/Grass And Flowers Pack 1/Ground Textures/Materials/Groundplants 1_D 1357.mat using Guid(75e710dc1abd4a14893625ca85390d6c) Importer(2089858483,b0f066a214c2f5e87bad3c948f4d605d) (ScriptedImporter) -> (artifact id: 'ea4e9a9e65430f94b42109e84f7a2776') in 0.0434067 seconds
Number of updated asset objects reloaded before import = 0Number of asset objects unloaded after import = 1

========================================================================
Received Import Request.
  Time since last request: 0.000068 seconds.
  path: Assets/Grass And Flowers Pack 1/Ground Textures/Materials/Groundplants 1_D 1354.mat
  artifactKey: Guid(33da30134cdd9054c94d4769a1578565) Importer(2089858483,b0f066a214c2f5e87bad3c948f4d605d)
Start importing Assets/Grass And Flowers Pack 1/Ground Textures/Materials/Groundplants 1_D 1354.mat using Guid(33da30134cdd9054c94d4769a1578565) Importer(2089858483,b0f066a214c2f5e87bad3c948f4d605d) (ScriptedImporter) -> (artifact id: '5aee3b6449af518221eab57538e8b6a9') in 0.1504688 seconds
Number of updated asset objects reloaded before import = 0Number of asset objects unloaded after import = 1

========================================================================
Received Import Request.
  Time since last request: 0.000070 seconds.
  path: Assets/Grass And Flowers Pack 1/Ground Textures/Materials/Groundplants 1_D 1364.mat
  artifactKey: Guid(bd00604f0b65a5340b345270ca79f1e0) Importer(2089858483,b0f066a214c2f5e87bad3c948f4d605d)
Start importing Assets/Grass And Flowers Pack 1/Ground Textures/Materials/Groundplants 1_D 1364.mat using Guid(bd00604f0b65a5340b345270ca79f1e0) Importer(2089858483,b0f066a214c2f5e87bad3c948f4d605d) (ScriptedImporter) -> (artifact id: 'e67ace181256f1e9ec7a2707e0b55518') in 0.0457734 seconds
Number of updated asset objects reloaded before import = 0Number of asset objects unloaded after import = 1

========================================================================
Received Import Request.
  Time since last request: 0.000070 seconds.
  path: Assets/Grass And Flowers Pack 1/Ground Textures/Materials/Groundplants 1_D 1375.mat
  artifactKey: Guid(bcd2ca76393d6ee47ade8a2e95b40c19) Importer(2089858483,b0f066a214c2f5e87bad3c948f4d605d)
Start importing Assets/Grass And Flowers Pack 1/Ground Textures/Materials/Groundplants 1_D 1375.mat using Guid(bcd2ca76393d6ee47ade8a2e95b40c19) Importer(2089858483,b0f066a214c2f5e87bad3c948f4d605d) (ScriptedImporter) -> (artifact id: 'cfa04b52acaf8eb9ca53259adad285ab') in 0.1797988 seconds
Number of updated asset objects reloaded before import = 0Number of asset objects unloaded after import = 1

========================================================================
Received Import Request.
  Time since last request: 0.000056 seconds.
  path: Assets/Grass And Flowers Pack 1/Ground Textures/Materials/Groundplants 1_D 1382.mat
  artifactKey: Guid(db51d4602fb099b409b988c5e93c3c5c) Importer(2089858483,b0f066a214c2f5e87bad3c948f4d605d)
Start importing Assets/Grass And Flowers Pack 1/Ground Textures/Materials/Groundplants 1_D 1382.mat using Guid(db51d4602fb099b409b988c5e93c3c5c) Importer(2089858483,b0f066a214c2f5e87bad3c948f4d605d) (ScriptedImporter) -> (artifact id: '9cec1bddd824fe4225a1000ed10d7964') in 0.1346493 seconds
Number of updated asset objects reloaded before import = 0Number of asset objects unloaded after import = 1

========================================================================
Received Import Request.
  Time since last request: 0.000099 seconds.
  path: Assets/Grass And Flowers Pack 1/Ground Textures/Materials/Groundplants 1_D 1378.mat
  artifactKey: Guid(8e3d3a97dda4a31458f8e6b5d7100bb4) Importer(2089858483,b0f066a214c2f5e87bad3c948f4d605d)
Start importing Assets/Grass And Flowers Pack 1/Ground Textures/Materials/Groundplants 1_D 1378.mat using Guid(8e3d3a97dda4a31458f8e6b5d7100bb4) Importer(2089858483,b0f066a214c2f5e87bad3c948f4d605d) (ScriptedImporter) -> (artifact id: '69da163257852fcba456f9dfaffb5450') in 0.1448062 seconds
Number of updated asset objects reloaded before import = 0Number of asset objects unloaded after import = 1

========================================================================
Received Import Request.
  Time since last request: 0.000040 seconds.
  path: Assets/Grass And Flowers Pack 1/Ground Textures/Materials/Groundplants 1_D 1117.mat
  artifactKey: Guid(28b28357dd04fc24087b3cd4806e8313) Importer(2089858483,b0f066a214c2f5e87bad3c948f4d605d)
Start importing Assets/Grass And Flowers Pack 1/Ground Textures/Materials/Groundplants 1_D 1117.mat using Guid(28b28357dd04fc24087b3cd4806e8313) Importer(2089858483,b0f066a214c2f5e87bad3c948f4d605d) (ScriptedImporter) -> (artifact id: 'be85be220542844d70024c174cd6144f') in 0.0517034 seconds
Number of updated asset objects reloaded before import = 0Number of asset objects unloaded after import = 1

========================================================================
Received Import Request.
  Time since last request: 0.000051 seconds.
  path: Assets/Grass And Flowers Pack 1/Ground Textures/Materials/Groundplants 1_D 1397.mat
  artifactKey: Guid(bf3bd7b8bacdd3641a1becb9e06076cf) Importer(2089858483,b0f066a214c2f5e87bad3c948f4d605d)
Start importing Assets/Grass And Flowers Pack 1/Ground Textures/Materials/Groundplants 1_D 1397.mat using Guid(bf3bd7b8bacdd3641a1becb9e06076cf) Importer(2089858483,b0f066a214c2f5e87bad3c948f4d605d) (ScriptedImporter) -> (artifact id: 'e69fde270eadd2145d931dbdb224406c') in 0.0544632 seconds
Number of updated asset objects reloaded before import = 0Number of asset objects unloaded after import = 1

========================================================================
Received Import Request.
  Time since last request: 0.000037 seconds.
  path: Assets/Grass And Flowers Pack 1/Ground Textures/Materials/Groundplants 1_D 1038.mat
  artifactKey: Guid(da8615a7c62aa3b4a85b5e2790a82b86) Importer(2089858483,b0f066a214c2f5e87bad3c948f4d605d)
Start importing Assets/Grass And Flowers Pack 1/Ground Textures/Materials/Groundplants 1_D 1038.mat using Guid(da8615a7c62aa3b4a85b5e2790a82b86) Importer(2089858483,b0f066a214c2f5e87bad3c948f4d605d) (ScriptedImporter) -> (artifact id: 'cfe05cc6fb582d93db8715ec2cf605d2') in 0.063437 seconds
Number of updated asset objects reloaded before import = 0Number of asset objects unloaded after import = 1

========================================================================
Received Import Request.
  Time since last request: 0.000054 seconds.
  path: Assets/Grass And Flowers Pack 1/Ground Textures/Materials/Groundplants 1_D 1045.mat
  artifactKey: Guid(d5f5f488578a08140bd5007b93d92486) Importer(2089858483,b0f066a214c2f5e87bad3c948f4d605d)
Start importing Assets/Grass And Flowers Pack 1/Ground Textures/Materials/Groundplants 1_D 1045.mat using Guid(d5f5f488578a08140bd5007b93d92486) Importer(2089858483,b0f066a214c2f5e87bad3c948f4d605d) (ScriptedImporter) -> (artifact id: 'f8c200169be729d9387e464bd1808c24') in 0.1179385 seconds
Number of updated asset objects reloaded before import = 0Number of asset objects unloaded after import = 1

========================================================================
Received Import Request.
  Time since last request: 0.000062 seconds.
  path: Assets/Grass And Flowers Pack 1/Ground Textures/Materials/Groundplants 1_D 1410.mat
  artifactKey: Guid(3549fc12d7411324b9e82f2fd9eda16f) Importer(2089858483,b0f066a214c2f5e87bad3c948f4d605d)
Start importing Assets/Grass And Flowers Pack 1/Ground Textures/Materials/Groundplants 1_D 1410.mat using Guid(3549fc12d7411324b9e82f2fd9eda16f) Importer(2089858483,b0f066a214c2f5e87bad3c948f4d605d) (ScriptedImporter) -> (artifact id: '41232cd413d45e3ce067a98f1cd3e8f7') in 0.2306413 seconds
Number of updated asset objects reloaded before import = 0Number of asset objects unloaded after import = 1

========================================================================
Received Import Request.
  Time since last request: 0.000059 seconds.
  path: Assets/Grass And Flowers Pack 1/Ground Textures/Materials/Groundplants 1_D 1413.mat
  artifactKey: Guid(cfd291e653bab0445af802463c50dd15) Importer(2089858483,b0f066a214c2f5e87bad3c948f4d605d)
Start importing Assets/Grass And Flowers Pack 1/Ground Textures/Materials/Groundplants 1_D 1413.mat using Guid(cfd291e653bab0445af802463c50dd15) Importer(2089858483,b0f066a214c2f5e87bad3c948f4d605d) (ScriptedImporter) -> (artifact id: '47a24efe170b2129992e310bc6394e72') in 0.132398 seconds
Number of updated asset objects reloaded before import = 0Number of asset objects unloaded after import = 1

========================================================================
Received Import Request.
  Time since last request: 0.000040 seconds.
  path: Assets/Grass And Flowers Pack 1/Ground Textures/Materials/Groundplants 1_D 1403.mat
  artifactKey: Guid(cefd10323e71b00478b34e9e189b3160) Importer(2089858483,b0f066a214c2f5e87bad3c948f4d605d)
Start importing Assets/Grass And Flowers Pack 1/Ground Textures/Materials/Groundplants 1_D 1403.mat using Guid(cefd10323e71b00478b34e9e189b3160) Importer(2089858483,b0f066a214c2f5e87bad3c948f4d605d) (ScriptedImporter) -> (artifact id: 'a127279b90d30aba04a11476eb7cca6c') in 0.1360553 seconds
Number of updated asset objects reloaded before import = 0Number of asset objects unloaded after import = 1

========================================================================
Received Import Request.
  Time since last request: 0.000074 seconds.
  path: Assets/Grass And Flowers Pack 1/Ground Textures/Materials/Groundplants 1_D 1422.mat
  artifactKey: Guid(e7ded17b09e5058459d5c70f45179630) Importer(2089858483,b0f066a214c2f5e87bad3c948f4d605d)
Start importing Assets/Grass And Flowers Pack 1/Ground Textures/Materials/Groundplants 1_D 1422.mat using Guid(e7ded17b09e5058459d5c70f45179630) Importer(2089858483,b0f066a214c2f5e87bad3c948f4d605d) (ScriptedImporter) -> (artifact id: '28a133a057a7b3da29999b97068f6cb8') in 0.0947626 seconds
Number of updated asset objects reloaded before import = 0Number of asset objects unloaded after import = 1

========================================================================
Received Import Request.
  Time since last request: 0.000110 seconds.
  path: Assets/Grass And Flowers Pack 1/Ground Textures/Materials/Groundplants 1_D 1427.mat
  artifactKey: Guid(af3894a7c8e11ae419f3fdc6d3e086a5) Importer(2089858483,b0f066a214c2f5e87bad3c948f4d605d)
Start importing Assets/Grass And Flowers Pack 1/Ground Textures/Materials/Groundplants 1_D 1427.mat using Guid(af3894a7c8e11ae419f3fdc6d3e086a5) Importer(2089858483,b0f066a214c2f5e87bad3c948f4d605d) (ScriptedImporter) -> (artifact id: '8538292d2f13389d6e4979de7b84111d') in 0.0669412 seconds
Number of updated asset objects reloaded before import = 0Number of asset objects unloaded after import = 1

========================================================================
Received Import Request.
  Time since last request: 0.000088 seconds.
  path: Assets/Grass And Flowers Pack 1/Ground Textures/Materials/Groundplants 1_D 1432.mat
  artifactKey: Guid(96e16721e159fcd41a68f6d28f573bfb) Importer(2089858483,b0f066a214c2f5e87bad3c948f4d605d)
Start importing Assets/Grass And Flowers Pack 1/Ground Textures/Materials/Groundplants 1_D 1432.mat using Guid(96e16721e159fcd41a68f6d28f573bfb) Importer(2089858483,b0f066a214c2f5e87bad3c948f4d605d) (ScriptedImporter) -> (artifact id: 'd4c2e7aed8a00a2a69426b4cfe0ec358') in 0.1116558 seconds
Number of updated asset objects reloaded before import = 0Number of asset objects unloaded after import = 1

========================================================================
Received Import Request.
  Time since last request: 0.000042 seconds.
  path: Assets/Grass And Flowers Pack 1/Ground Textures/Materials/Groundplants 1_D 1430.mat
  artifactKey: Guid(ca61937b618e1cd40a35da59787c96f9) Importer(2089858483,b0f066a214c2f5e87bad3c948f4d605d)
Start importing Assets/Grass And Flowers Pack 1/Ground Textures/Materials/Groundplants 1_D 1430.mat using Guid(ca61937b618e1cd40a35da59787c96f9) Importer(2089858483,b0f066a214c2f5e87bad3c948f4d605d) (ScriptedImporter) -> (artifact id: 'a44f6012d49f50a2e657ec2d5678e5aa') in 0.1443654 seconds
Number of updated asset objects reloaded before import = 0Number of asset objects unloaded after import = 1

========================================================================
Received Import Request.
  Time since last request: 0.000204 seconds.
  path: Assets/Grass And Flowers Pack 1/Ground Textures/Materials/Groundplants 1_D 1444.mat
  artifactKey: Guid(12a56096e4f55b449ad21375fff94eee) Importer(2089858483,b0f066a214c2f5e87bad3c948f4d605d)
Start importing Assets/Grass And Flowers Pack 1/Ground Textures/Materials/Groundplants 1_D 1444.mat using Guid(12a56096e4f55b449ad21375fff94eee) Importer(2089858483,b0f066a214c2f5e87bad3c948f4d605d) (ScriptedImporter) -> (artifact id: '05ac8802599efffb4e99add3a2d5a9b2') in 0.1911715 seconds
Number of updated asset objects reloaded before import = 0Number of asset objects unloaded after import = 1

========================================================================
Received Import Request.
  Time since last request: 0.000059 seconds.
  path: Assets/Grass And Flowers Pack 1/Ground Textures/Materials/Groundplants 1_D 1456.mat
  artifactKey: Guid(6b139679483af434e96b12189cd8b936) Importer(2089858483,b0f066a214c2f5e87bad3c948f4d605d)
Start importing Assets/Grass And Flowers Pack 1/Ground Textures/Materials/Groundplants 1_D 1456.mat using Guid(6b139679483af434e96b12189cd8b936) Importer(2089858483,b0f066a214c2f5e87bad3c948f4d605d) (ScriptedImporter) -> (artifact id: 'cedc21a5af98a159c02f1575ac5dab4e') in 0.2172275 seconds
Number of updated asset objects reloaded before import = 0Number of asset objects unloaded after import = 1

========================================================================
Received Import Request.
  Time since last request: 0.000062 seconds.
  path: Assets/Grass And Flowers Pack 1/Ground Textures/Materials/Groundplants 1_D 1449.mat
  artifactKey: Guid(7e0abe58caafccd4280fcdf4a6b409cf) Importer(2089858483,b0f066a214c2f5e87bad3c948f4d605d)
Start importing Assets/Grass And Flowers Pack 1/Ground Textures/Materials/Groundplants 1_D 1449.mat using Guid(7e0abe58caafccd4280fcdf4a6b409cf) Importer(2089858483,b0f066a214c2f5e87bad3c948f4d605d) (ScriptedImporter) -> (artifact id: 'e7afe8ce4434c0b20a8873fe4f015125') in 0.1269245 seconds
Number of updated asset objects reloaded before import = 0Number of asset objects unloaded after import = 1

========================================================================
Received Import Request.
  Time since last request: 0.000052 seconds.
  path: Assets/Grass And Flowers Pack 1/Ground Textures/Materials/Groundplants 1_D 1466.mat
  artifactKey: Guid(5d60d02d2c0edbd46b2392e938569d53) Importer(2089858483,b0f066a214c2f5e87bad3c948f4d605d)
Start importing Assets/Grass And Flowers Pack 1/Ground Textures/Materials/Groundplants 1_D 1466.mat using Guid(5d60d02d2c0edbd46b2392e938569d53) Importer(2089858483,b0f066a214c2f5e87bad3c948f4d605d) (ScriptedImporter) -> (artifact id: '053fc394475088a2f69a58e26272c3ed') in 0.1346245 seconds
Number of updated asset objects reloaded before import = 0Number of asset objects unloaded after import = 1

========================================================================
Received Import Request.
  Time since last request: 0.000107 seconds.
  path: Assets/Grass And Flowers Pack 1/Ground Textures/Materials/Groundplants 1_D 1475.mat
  artifactKey: Guid(a0dac2f35cfea6b45abc5e906c58ac75) Importer(2089858483,b0f066a214c2f5e87bad3c948f4d605d)
Start importing Assets/Grass And Flowers Pack 1/Ground Textures/Materials/Groundplants 1_D 1475.mat using Guid(a0dac2f35cfea6b45abc5e906c58ac75) Importer(2089858483,b0f066a214c2f5e87bad3c948f4d605d) (ScriptedImporter) -> (artifact id: 'c9a2e03d95212929f982a078a43eab45') in 0.1813394 seconds
Number of updated asset objects reloaded before import = 0Number of asset objects unloaded after import = 1

========================================================================
Received Import Request.
  Time since last request: 0.000056 seconds.
  path: Assets/Grass And Flowers Pack 1/Ground Textures/Materials/Groundplants 1_D 1467.mat
  artifactKey: Guid(fd3431b71c6719949ab17f6a00aa8ee9) Importer(2089858483,b0f066a214c2f5e87bad3c948f4d605d)
Start importing Assets/Grass And Flowers Pack 1/Ground Textures/Materials/Groundplants 1_D 1467.mat using Guid(fd3431b71c6719949ab17f6a00aa8ee9) Importer(2089858483,b0f066a214c2f5e87bad3c948f4d605d) (ScriptedImporter) -> (artifact id: '23b1fa81a9748034d758d66bf646cee4') in 0.2808308 seconds
Number of updated asset objects reloaded before import = 0Number of asset objects unloaded after import = 1

========================================================================
Received Import Request.
  Time since last request: 0.000088 seconds.
  path: Assets/Grass And Flowers Pack 1/Ground Textures/Materials/Groundplants 1_D 1485.mat
  artifactKey: Guid(4c4bc3e922d58ba4982d1869f6038d8b) Importer(2089858483,b0f066a214c2f5e87bad3c948f4d605d)
Start importing Assets/Grass And Flowers Pack 1/Ground Textures/Materials/Groundplants 1_D 1485.mat using Guid(4c4bc3e922d58ba4982d1869f6038d8b) Importer(2089858483,b0f066a214c2f5e87bad3c948f4d605d) (ScriptedImporter) -> (artifact id: '7719ed80b8f9e8caf657088c7d0b0b1a') in 0.0539894 seconds
Number of updated asset objects reloaded before import = 0Number of asset objects unloaded after import = 1

========================================================================
Received Import Request.
  Time since last request: 0.000059 seconds.
  path: Assets/Grass And Flowers Pack 1/Ground Textures/Materials/Groundplants 1_D 1486.mat
  artifactKey: Guid(ea2365dae51344049bf2d47238b0b8b6) Importer(2089858483,b0f066a214c2f5e87bad3c948f4d605d)
Start importing Assets/Grass And Flowers Pack 1/Ground Textures/Materials/Groundplants 1_D 1486.mat using Guid(ea2365dae51344049bf2d47238b0b8b6) Importer(2089858483,b0f066a214c2f5e87bad3c948f4d605d) (ScriptedImporter) -> (artifact id: '618380b4cfceb28782cc822013f3088a') in 0.1095151 seconds
Number of updated asset objects reloaded before import = 0Number of asset objects unloaded after import = 1

========================================================================
Received Import Request.
  Time since last request: 0.000066 seconds.
  path: Assets/Grass And Flowers Pack 1/Ground Textures/Materials/Groundplants 1_D 1102.mat
  artifactKey: Guid(c0081732043e3764aa0c12f812e20ed6) Importer(2089858483,b0f066a214c2f5e87bad3c948f4d605d)
Start importing Assets/Grass And Flowers Pack 1/Ground Textures/Materials/Groundplants 1_D 1102.mat using Guid(c0081732043e3764aa0c12f812e20ed6) Importer(2089858483,b0f066a214c2f5e87bad3c948f4d605d) (ScriptedImporter) -> (artifact id: '7c653dd0390cf5b5b5d3f52b71fb3a07') in 0.9097095 seconds
Number of updated asset objects reloaded before import = 0Number of asset objects unloaded after import = 1

========================================================================
Received Import Request.
  Time since last request: 0.000054 seconds.
  path: Assets/Grass And Flowers Pack 1/Ground Textures/Materials/Groundplants 1_D 1288.mat
  artifactKey: Guid(ad7d403a35adb2b40b6de7a6bfddc6f7) Importer(2089858483,b0f066a214c2f5e87bad3c948f4d605d)
Start importing Assets/Grass And Flowers Pack 1/Ground Textures/Materials/Groundplants 1_D 1288.mat using Guid(ad7d403a35adb2b40b6de7a6bfddc6f7) Importer(2089858483,b0f066a214c2f5e87bad3c948f4d605d) (ScriptedImporter) -> (artifact id: '2a6bdb22bfdfb4a5feb256e789270c1c') in 0.335769 seconds
Number of updated asset objects reloaded before import = 0Number of asset objects unloaded after import = 1

========================================================================
Received Import Request.
  Time since last request: 0.000060 seconds.
  path: Assets/Grass And Flowers Pack 1/Ground Textures/Materials/Groundplants 1_D 1125.mat
  artifactKey: Guid(3142b1219bb367c48ba30ffa1557f8bf) Importer(2089858483,b0f066a214c2f5e87bad3c948f4d605d)
Start importing Assets/Grass And Flowers Pack 1/Ground Textures/Materials/Groundplants 1_D 1125.mat using Guid(3142b1219bb367c48ba30ffa1557f8bf) Importer(2089858483,b0f066a214c2f5e87bad3c948f4d605d) (ScriptedImporter) -> (artifact id: '99ab111d90135f41b9822204090201a4') in 0.2684834 seconds
Number of updated asset objects reloaded before import = 0Number of asset objects unloaded after import = 1

========================================================================
Received Import Request.
  Time since last request: 0.000051 seconds.
  path: Assets/Grass And Flowers Pack 1/Ground Textures/Materials/Groundplants 1_D 1431.mat
  artifactKey: Guid(93f4a8fc10d21754986fbadc11304cf9) Importer(2089858483,b0f066a214c2f5e87bad3c948f4d605d)
Start importing Assets/Grass And Flowers Pack 1/Ground Textures/Materials/Groundplants 1_D 1431.mat using Guid(93f4a8fc10d21754986fbadc11304cf9) Importer(2089858483,b0f066a214c2f5e87bad3c948f4d605d) (ScriptedImporter) -> (artifact id: '2be162d86d28b3da4304c61ab9eb6d1f') in 0.0598425 seconds
Number of updated asset objects reloaded before import = 0Number of asset objects unloaded after import = 1

========================================================================
Received Import Request.
  Time since last request: 0.000054 seconds.
  path: Assets/Grass And Flowers Pack 1/Ground Textures/Materials/Groundplants 1_D 1022.mat
  artifactKey: Guid(14cd7baecfdf5fc4fa411ab943833126) Importer(2089858483,b0f066a214c2f5e87bad3c948f4d605d)
Start importing Assets/Grass And Flowers Pack 1/Ground Textures/Materials/Groundplants 1_D 1022.mat using Guid(14cd7baecfdf5fc4fa411ab943833126) Importer(2089858483,b0f066a214c2f5e87bad3c948f4d605d) (ScriptedImporter) -> (artifact id: 'bb5e739b40185bf22e3f8da6ada3c7b9') in 0.0872058 seconds
Number of updated asset objects reloaded before import = 0Number of asset objects unloaded after import = 1

========================================================================
Received Import Request.
  Time since last request: 0.000039 seconds.
  path: Assets/Grass And Flowers Pack 1/Ground Textures/Materials/Groundplants 1_D 1005.mat
  artifactKey: Guid(2ba6d92f87fc22c4092bf23a4e1edb66) Importer(2089858483,b0f066a214c2f5e87bad3c948f4d605d)
Start importing Assets/Grass And Flowers Pack 1/Ground Textures/Materials/Groundplants 1_D 1005.mat using Guid(2ba6d92f87fc22c4092bf23a4e1edb66) Importer(2089858483,b0f066a214c2f5e87bad3c948f4d605d) (ScriptedImporter) -> (artifact id: '6458aceaadd8d4a4023982e61c7a6acb') in 0.1416079 seconds
Number of updated asset objects reloaded before import = 0Number of asset objects unloaded after import = 1

========================================================================
Received Import Request.
  Time since last request: 0.000080 seconds.
  path: Assets/Grass And Flowers Pack 1/Ground Textures/Materials/Groundplants 1_D 1409.mat
  artifactKey: Guid(1410bf6a370b9214c84615896e7f4d46) Importer(2089858483,b0f066a214c2f5e87bad3c948f4d605d)
Start importing Assets/Grass And Flowers Pack 1/Ground Textures/Materials/Groundplants 1_D 1409.mat using Guid(1410bf6a370b9214c84615896e7f4d46) Importer(2089858483,b0f066a214c2f5e87bad3c948f4d605d) (ScriptedImporter) -> (artifact id: 'ba24c208e20f23764b89baa5011f9696') in 0.1347883 seconds
Number of updated asset objects reloaded before import = 0Number of asset objects unloaded after import = 1

========================================================================
Received Import Request.
  Time since last request: 0.000110 seconds.
  path: Assets/Grass And Flowers Pack 1/Ground Textures/Materials/Groundplants 1_D 1293.mat
  artifactKey: Guid(a9a1f3fe19c598e4991ffaa062de74aa) Importer(2089858483,b0f066a214c2f5e87bad3c948f4d605d)
Start importing Assets/Grass And Flowers Pack 1/Ground Textures/Materials/Groundplants 1_D 1293.mat using Guid(a9a1f3fe19c598e4991ffaa062de74aa) Importer(2089858483,b0f066a214c2f5e87bad3c948f4d605d) (ScriptedImporter) -> (artifact id: '240915bb4e0cdb6252ea99f0853f145b') in 0.0549245 seconds
Number of updated asset objects reloaded before import = 0Number of asset objects unloaded after import = 1

========================================================================
Received Import Request.
  Time since last request: 0.000066 seconds.
  path: Assets/Grass And Flowers Pack 1/Ground Textures/Materials/Groundplants 1_D 1330.mat
  artifactKey: Guid(648d5af2bac42774e8d8393d4a30ea2a) Importer(2089858483,b0f066a214c2f5e87bad3c948f4d605d)
Start importing Assets/Grass And Flowers Pack 1/Ground Textures/Materials/Groundplants 1_D 1330.mat using Guid(648d5af2bac42774e8d8393d4a30ea2a) Importer(2089858483,b0f066a214c2f5e87bad3c948f4d605d) (ScriptedImporter) -> (artifact id: 'cd3b11327a9822d59af07744407729db') in 0.1834348 seconds
Number of updated asset objects reloaded before import = 0Number of asset objects unloaded after import = 1

========================================================================
Received Import Request.
  Time since last request: 0.000037 seconds.
  path: Assets/Grass And Flowers Pack 1/Ground Textures/Materials/Groundplants 1_D 1074.mat
  artifactKey: Guid(2afc18b3bf1281149a29244a373c2689) Importer(2089858483,b0f066a214c2f5e87bad3c948f4d605d)
Start importing Assets/Grass And Flowers Pack 1/Ground Textures/Materials/Groundplants 1_D 1074.mat using Guid(2afc18b3bf1281149a29244a373c2689) Importer(2089858483,b0f066a214c2f5e87bad3c948f4d605d) (ScriptedImporter) -> (artifact id: '1c7086be511d7dc9987d796bff532ece') in 0.1702347 seconds
Number of updated asset objects reloaded before import = 0Number of asset objects unloaded after import = 1

========================================================================
Received Import Request.
  Time since last request: 0.000106 seconds.
  path: Assets/Grass And Flowers Pack 1/Ground Textures/Materials/Groundplants 1_D 1274.mat
  artifactKey: Guid(e1154ae2d334fa741b1f4535434bd409) Importer(2089858483,b0f066a214c2f5e87bad3c948f4d605d)
Start importing Assets/Grass And Flowers Pack 1/Ground Textures/Materials/Groundplants 1_D 1274.mat using Guid(e1154ae2d334fa741b1f4535434bd409) Importer(2089858483,b0f066a214c2f5e87bad3c948f4d605d) (ScriptedImporter) -> (artifact id: 'b65663ea24b8b623865358518c26a9e2') in 0.1808124 seconds
Number of updated asset objects reloaded before import = 0Number of asset objects unloaded after import = 1

========================================================================
Received Import Request.
  Time since last request: 0.000058 seconds.
  path: Assets/Grass And Flowers Pack 1/Ground Textures/Materials/Groundplants 1_D 1223.mat
  artifactKey: Guid(5867da15e0c5e184694ddba5b72d0f46) Importer(2089858483,b0f066a214c2f5e87bad3c948f4d605d)
Start importing Assets/Grass And Flowers Pack 1/Ground Textures/Materials/Groundplants 1_D 1223.mat using Guid(5867da15e0c5e184694ddba5b72d0f46) Importer(2089858483,b0f066a214c2f5e87bad3c948f4d605d) (ScriptedImporter) -> (artifact id: 'd25bf50c64b583d2dbad1255199df00f') in 0.070259 seconds
Number of updated asset objects reloaded before import = 0Number of asset objects unloaded after import = 1

========================================================================
Received Import Request.
  Time since last request: 0.000075 seconds.
  path: Assets/Grass And Flowers Pack 1/Ground Textures/Materials/Groundplants 1_D 1175.mat
  artifactKey: Guid(71f1a016e75126246b45c468a9c4097e) Importer(2089858483,b0f066a214c2f5e87bad3c948f4d605d)
Start importing Assets/Grass And Flowers Pack 1/Ground Textures/Materials/Groundplants 1_D 1175.mat using Guid(71f1a016e75126246b45c468a9c4097e) Importer(2089858483,b0f066a214c2f5e87bad3c948f4d605d) (ScriptedImporter) -> (artifact id: 'c7aeecdc078ead7713aac95bcaf34597') in 0.0687906 seconds
Number of updated asset objects reloaded before import = 0Number of asset objects unloaded after import = 1

========================================================================
Received Import Request.
  Time since last request: 0.000052 seconds.
  path: Assets/Grass And Flowers Pack 1/Ground Textures/Materials/Groundplants 1_D 1078.mat
  artifactKey: Guid(d806a06368a473e48b7652fc3aa0a728) Importer(2089858483,b0f066a214c2f5e87bad3c948f4d605d)
Start importing Assets/Grass And Flowers Pack 1/Ground Textures/Materials/Groundplants 1_D 1078.mat using Guid(d806a06368a473e48b7652fc3aa0a728) Importer(2089858483,b0f066a214c2f5e87bad3c948f4d605d) (ScriptedImporter) -> (artifact id: 'a1371339ec22e1d9f5ee56801ed96ebb') in 0.1413152 seconds
Number of updated asset objects reloaded before import = 0Number of asset objects unloaded after import = 1

========================================================================
Received Import Request.
  Time since last request: 0.000081 seconds.
  path: Assets/Grass And Flowers Pack 1/Ground Textures/Materials/Groundplants 1_D 1258.mat
  artifactKey: Guid(7a16605d9769f9d4a9721643628b0de1) Importer(2089858483,b0f066a214c2f5e87bad3c948f4d605d)
Start importing Assets/Grass And Flowers Pack 1/Ground Textures/Materials/Groundplants 1_D 1258.mat using Guid(7a16605d9769f9d4a9721643628b0de1) Importer(2089858483,b0f066a214c2f5e87bad3c948f4d605d) (ScriptedImporter) -> (artifact id: '9fd37c301bbc3c605827020d0315544f') in 0.086394 seconds
Number of updated asset objects reloaded before import = 0Number of asset objects unloaded after import = 1

========================================================================
Received Import Request.
  Time since last request: 0.000043 seconds.
  path: Assets/Grass And Flowers Pack 1/Ground Textures/Materials/Groundplants 1_D 1312.mat
  artifactKey: Guid(5e3e56e68a2bea24b8a867906c11f82f) Importer(2089858483,b0f066a214c2f5e87bad3c948f4d605d)
Start importing Assets/Grass And Flowers Pack 1/Ground Textures/Materials/Groundplants 1_D 1312.mat using Guid(5e3e56e68a2bea24b8a867906c11f82f) Importer(2089858483,b0f066a214c2f5e87bad3c948f4d605d) (ScriptedImporter) -> (artifact id: '52b38d7fffd53f2c9cef82f455e80491') in 0.0726525 seconds
Number of updated asset objects reloaded before import = 0Number of asset objects unloaded after import = 1

========================================================================
Received Import Request.
  Time since last request: 0.000084 seconds.
  path: Assets/Grass And Flowers Pack 1/Ground Textures/Materials/Groundplants 1_D 1325.mat
  artifactKey: Guid(897707516d67d46478294709bf41c99a) Importer(2089858483,b0f066a214c2f5e87bad3c948f4d605d)
Start importing Assets/Grass And Flowers Pack 1/Ground Textures/Materials/Groundplants 1_D 1325.mat using Guid(897707516d67d46478294709bf41c99a) Importer(2089858483,b0f066a214c2f5e87bad3c948f4d605d) (ScriptedImporter) -> (artifact id: 'fe60bcc5a59a6dd270d0e2a68902023d') in 0.2733206 seconds
Number of updated asset objects reloaded before import = 0Number of asset objects unloaded after import = 1

========================================================================
Received Import Request.
  Time since last request: 2.156718 seconds.
  path: Assets/Grass And Flowers Pack 1/Ground Textures/Materials/Groundplants 1_D 1490.mat
  artifactKey: Guid(7737bf17f0e5913429a0bc4ebff4dc12) Importer(2089858483,b0f066a214c2f5e87bad3c948f4d605d)
Start importing Assets/Grass And Flowers Pack 1/Ground Textures/Materials/Groundplants 1_D 1490.mat using Guid(7737bf17f0e5913429a0bc4ebff4dc12) Importer(2089858483,b0f066a214c2f5e87bad3c948f4d605d) (ScriptedImporter) -> (artifact id: '5360e39521545efaf61ae22c744bb825') in 0.0417155 seconds
Number of updated asset objects reloaded before import = 0Number of asset objects unloaded after import = 2

========================================================================
Received Import Request.
  Time since last request: 0.000063 seconds.
  path: Assets/Grass And Flowers Pack 1/Ground Textures/Materials/Groundplants 1_D 1499.mat
  artifactKey: Guid(6cfe75cd57596184d97e1adfa9fd0f8a) Importer(2089858483,b0f066a214c2f5e87bad3c948f4d605d)
Start importing Assets/Grass And Flowers Pack 1/Ground Textures/Materials/Groundplants 1_D 1499.mat using Guid(6cfe75cd57596184d97e1adfa9fd0f8a) Importer(2089858483,b0f066a214c2f5e87bad3c948f4d605d) (ScriptedImporter) -> (artifact id: 'abf579607486b4896571c3240b9b7600') in 0.0456005 seconds
Number of updated asset objects reloaded before import = 0Number of asset objects unloaded after import = 2

========================================================================
Received Import Request.
  Time since last request: 0.000075 seconds.
  path: Assets/Grass And Flowers Pack 1/Ground Textures/Materials/Groundplants 1_D 1576.mat
  artifactKey: Guid(5b192837773dd27459965c63ceb51b58) Importer(2089858483,b0f066a214c2f5e87bad3c948f4d605d)
Start importing Assets/Grass And Flowers Pack 1/Ground Textures/Materials/Groundplants 1_D 1576.mat using Guid(5b192837773dd27459965c63ceb51b58) Importer(2089858483,b0f066a214c2f5e87bad3c948f4d605d) (ScriptedImporter) -> (artifact id: 'b58a81ee33bebf0ab593b2faca7ab34f') in 0.1210573 seconds
Number of updated asset objects reloaded before import = 0Number of asset objects unloaded after import = 2

========================================================================
Received Import Request.
  Time since last request: 0.000068 seconds.
  path: Assets/Grass And Flowers Pack 1/Ground Textures/Materials/Groundplants 1_D 1588.mat
  artifactKey: Guid(373050a8ed5a1f04cb8942e18d265497) Importer(2089858483,b0f066a214c2f5e87bad3c948f4d605d)
Start importing Assets/Grass And Flowers Pack 1/Ground Textures/Materials/Groundplants 1_D 1588.mat using Guid(373050a8ed5a1f04cb8942e18d265497) Importer(2089858483,b0f066a214c2f5e87bad3c948f4d605d) (ScriptedImporter) -> (artifact id: 'caa44e4e4c801667da72d8b3572f5c5d') in 0.0540043 seconds
Number of updated asset objects reloaded before import = 0Number of asset objects unloaded after import = 2

========================================================================
Received Import Request.
  Time since last request: 0.000071 seconds.
  path: Assets/Grass And Flowers Pack 1/Ground Textures/Materials/Groundplants 1_D 1561.mat
  artifactKey: Guid(7e9629a3a0af013498717426ec2842b8) Importer(2089858483,b0f066a214c2f5e87bad3c948f4d605d)
Start importing Assets/Grass And Flowers Pack 1/Ground Textures/Materials/Groundplants 1_D 1561.mat using Guid(7e9629a3a0af013498717426ec2842b8) Importer(2089858483,b0f066a214c2f5e87bad3c948f4d605d) (ScriptedImporter) -> (artifact id: '031cc4470dca3d6cfb14d1466f2af57b') in 0.05251 seconds
Number of updated asset objects reloaded before import = 0Number of asset objects unloaded after import = 2

========================================================================
Received Import Request.
  Time since last request: 0.000044 seconds.
  path: Assets/Grass And Flowers Pack 1/Ground Textures/Materials/Groundplants 1_D 1524.mat
  artifactKey: Guid(8f619a3181aa612448883c8e3453f121) Importer(2089858483,b0f066a214c2f5e87bad3c948f4d605d)
Start importing Assets/Grass And Flowers Pack 1/Ground Textures/Materials/Groundplants 1_D 1524.mat using Guid(8f619a3181aa612448883c8e3453f121) Importer(2089858483,b0f066a214c2f5e87bad3c948f4d605d) (ScriptedImporter) -> (artifact id: '2318d63d27ed0cb5b12828b470d19210') in 0.1032456 seconds
Number of updated asset objects reloaded before import = 0Number of asset objects unloaded after import = 2

========================================================================
Received Import Request.
  Time since last request: 0.000063 seconds.
  path: Assets/Grass And Flowers Pack 1/Ground Textures/Materials/Groundplants 1_D 1557.mat
  artifactKey: Guid(b4ddd7f7885aaca4187164bb4c039070) Importer(2089858483,b0f066a214c2f5e87bad3c948f4d605d)
Start importing Assets/Grass And Flowers Pack 1/Ground Textures/Materials/Groundplants 1_D 1557.mat using Guid(b4ddd7f7885aaca4187164bb4c039070) Importer(2089858483,b0f066a214c2f5e87bad3c948f4d605d) (ScriptedImporter) -> (artifact id: '25b7051fd181a89850a2231a327807d3') in 0.2066576 seconds
Number of updated asset objects reloaded before import = 0Number of asset objects unloaded after import = 2

========================================================================
Received Import Request.
  Time since last request: 0.000045 seconds.
  path: Assets/Grass And Flowers Pack 1/Ground Textures/Materials/Groundplants 1_D 1611.mat
  artifactKey: Guid(c5c4c5813e258014bbe8b32b53f49c26) Importer(2089858483,b0f066a214c2f5e87bad3c948f4d605d)
Start importing Assets/Grass And Flowers Pack 1/Ground Textures/Materials/Groundplants 1_D 1611.mat using Guid(c5c4c5813e258014bbe8b32b53f49c26) Importer(2089858483,b0f066a214c2f5e87bad3c948f4d605d) (ScriptedImporter) -> (artifact id: '90acb74f2198b7b189959ded3f85b27c') in 0.1539012 seconds
Number of updated asset objects reloaded before import = 0Number of asset objects unloaded after import = 2

========================================================================
Received Import Request.
  Time since last request: 0.000085 seconds.
  path: Assets/Grass And Flowers Pack 1/Ground Textures/Materials/Groundplants 1_D 1495.mat
  artifactKey: Guid(b112de370b5892e4e8a2ed23d824a312) Importer(2089858483,b0f066a214c2f5e87bad3c948f4d605d)
Start importing Assets/Grass And Flowers Pack 1/Ground Textures/Materials/Groundplants 1_D 1495.mat using Guid(b112de370b5892e4e8a2ed23d824a312) Importer(2089858483,b0f066a214c2f5e87bad3c948f4d605d) (ScriptedImporter) -> (artifact id: '55665d6d4d4a916c6c9e9fb6564b40ac') in 0.1113062 seconds
Number of updated asset objects reloaded before import = 0Number of asset objects unloaded after import = 2

========================================================================
Received Import Request.
  Time since last request: 0.000069 seconds.
  path: Assets/Grass And Flowers Pack 1/Ground Textures/Materials/Groundplants 1_D 1583.mat
  artifactKey: Guid(277f82708187ba245bf5657b59473381) Importer(2089858483,b0f066a214c2f5e87bad3c948f4d605d)
Start importing Assets/Grass And Flowers Pack 1/Ground Textures/Materials/Groundplants 1_D 1583.mat using Guid(277f82708187ba245bf5657b59473381) Importer(2089858483,b0f066a214c2f5e87bad3c948f4d605d) (ScriptedImporter) -> (artifact id: '34e82ea2220baae4e1af2e44ebebc8be') in 0.0466064 seconds
Number of updated asset objects reloaded before import = 0Number of asset objects unloaded after import = 2

========================================================================
Received Import Request.
  Time since last request: 0.000072 seconds.
  path: Assets/Grass And Flowers Pack 1/Ground Textures/Materials/Groundplants 1_D 1626.mat
  artifactKey: Guid(c55c3f4f13ce3404080270a86a10a00c) Importer(2089858483,b0f066a214c2f5e87bad3c948f4d605d)
Start importing Assets/Grass And Flowers Pack 1/Ground Textures/Materials/Groundplants 1_D 1626.mat using Guid(c55c3f4f13ce3404080270a86a10a00c) Importer(2089858483,b0f066a214c2f5e87bad3c948f4d605d) (ScriptedImporter) -> (artifact id: 'afcad507b43ca710a9a642e8913bf134') in 0.0887965 seconds
Number of updated asset objects reloaded before import = 0Number of asset objects unloaded after import = 2

========================================================================
Received Import Request.
  Time since last request: 0.000047 seconds.
  path: Assets/Grass And Flowers Pack 1/Ground Textures/Materials/Groundplants 1_D 1528.mat
  artifactKey: Guid(867c6b771026acb48885f590fca0342a) Importer(2089858483,b0f066a214c2f5e87bad3c948f4d605d)
Start importing Assets/Grass And Flowers Pack 1/Ground Textures/Materials/Groundplants 1_D 1528.mat using Guid(867c6b771026acb48885f590fca0342a) Importer(2089858483,b0f066a214c2f5e87bad3c948f4d605d) (ScriptedImporter) -> (artifact id: '9f172258ed7cad612045cb93bcd2dc1f') in 0.1859432 seconds
Number of updated asset objects reloaded before import = 0Number of asset objects unloaded after import = 2

========================================================================
Received Import Request.
  Time since last request: 0.000087 seconds.
  path: Assets/Grass And Flowers Pack 1/Ground Textures/Materials/Groundplants 1_D 1632.mat
  artifactKey: Guid(36ae525d1104df54fa48ba5f26e69a37) Importer(2089858483,b0f066a214c2f5e87bad3c948f4d605d)
Start importing Assets/Grass And Flowers Pack 1/Ground Textures/Materials/Groundplants 1_D 1632.mat using Guid(36ae525d1104df54fa48ba5f26e69a37) Importer(2089858483,b0f066a214c2f5e87bad3c948f4d605d) (ScriptedImporter) -> (artifact id: '8cecf85f2f289a928f2956e49d0807fd') in 0.0512082 seconds
Number of updated asset objects reloaded before import = 0Number of asset objects unloaded after import = 2

========================================================================
Received Import Request.
  Time since last request: 0.000057 seconds.
  path: Assets/Grass And Flowers Pack 1/Ground Textures/Materials/Groundplants 1_D 1507.mat
  artifactKey: Guid(33f6ce7db80f2ec4e8106c4a410ec1de) Importer(2089858483,b0f066a214c2f5e87bad3c948f4d605d)
Start importing Assets/Grass And Flowers Pack 1/Ground Textures/Materials/Groundplants 1_D 1507.mat using Guid(33f6ce7db80f2ec4e8106c4a410ec1de) Importer(2089858483,b0f066a214c2f5e87bad3c948f4d605d) (ScriptedImporter) -> (artifact id: 'e3cff793094ebac90d0adc0658fef7df') in 0.0715157 seconds
Number of updated asset objects reloaded before import = 0Number of asset objects unloaded after import = 2

========================================================================
Received Import Request.
  Time since last request: 0.000051 seconds.
  path: Assets/Grass And Flowers Pack 1/Ground Textures/Materials/Groundplants 1_D 1648.mat
  artifactKey: Guid(54f72e52b4ad79049b65d8bc6d7aa38e) Importer(2089858483,b0f066a214c2f5e87bad3c948f4d605d)
Start importing Assets/Grass And Flowers Pack 1/Ground Textures/Materials/Groundplants 1_D 1648.mat using Guid(54f72e52b4ad79049b65d8bc6d7aa38e) Importer(2089858483,b0f066a214c2f5e87bad3c948f4d605d) (ScriptedImporter) -> (artifact id: '999f5f015da69d63482ac6ec0985914e') in 0.178345 seconds
Number of updated asset objects reloaded before import = 0Number of asset objects unloaded after import = 2

========================================================================
Received Import Request.
  Time since last request: 0.000106 seconds.
  path: Assets/Grass And Flowers Pack 1/Ground Textures/Materials/Groundplants 1_D 1654.mat
  artifactKey: Guid(d0a87cce3441d4440b23e287da35aaf3) Importer(2089858483,b0f066a214c2f5e87bad3c948f4d605d)
Start importing Assets/Grass And Flowers Pack 1/Ground Textures/Materials/Groundplants 1_D 1654.mat using Guid(d0a87cce3441d4440b23e287da35aaf3) Importer(2089858483,b0f066a214c2f5e87bad3c948f4d605d) (ScriptedImporter) -> (artifact id: 'f94c7798cbd6d0deddbb8d5eb4f28f4d') in 0.054615 seconds
Number of updated asset objects reloaded before import = 0Number of asset objects unloaded after import = 2

========================================================================
Received Import Request.
  Time since last request: 0.000052 seconds.
  path: Assets/Grass And Flowers Pack 1/Ground Textures/Materials/Groundplants 1_D 1656.mat
  artifactKey: Guid(007c77f1a377d12429372a7847af976b) Importer(2089858483,b0f066a214c2f5e87bad3c948f4d605d)
Start importing Assets/Grass And Flowers Pack 1/Ground Textures/Materials/Groundplants 1_D 1656.mat using Guid(007c77f1a377d12429372a7847af976b) Importer(2089858483,b0f066a214c2f5e87bad3c948f4d605d) (ScriptedImporter) -> (artifact id: 'a6f9546956ddddd3927d44dd5d186fb4') in 0.0460935 seconds
Number of updated asset objects reloaded before import = 0Number of asset objects unloaded after import = 2

========================================================================
Received Import Request.
  Time since last request: 0.000080 seconds.
  path: Assets/Grass And Flowers Pack 1/Ground Textures/Materials/Groundplants 1_D 1558.mat
  artifactKey: Guid(11fdb2040f3e886408b6043283883432) Importer(2089858483,b0f066a214c2f5e87bad3c948f4d605d)
Start importing Assets/Grass And Flowers Pack 1/Ground Textures/Materials/Groundplants 1_D 1558.mat using Guid(11fdb2040f3e886408b6043283883432) Importer(2089858483,b0f066a214c2f5e87bad3c948f4d605d) (ScriptedImporter) -> (artifact id: 'efa66e27e49ca07dec8a0cf9eb9b3767') in 0.0417196 seconds
Number of updated asset objects reloaded before import = 0Number of asset objects unloaded after import = 2

========================================================================
Received Import Request.
  Time since last request: 0.000052 seconds.
  path: Assets/Grass And Flowers Pack 1/Ground Textures/Materials/Groundplants 1_D 1669.mat
  artifactKey: Guid(d8573a4ff11ce284486cdbcc023fd963) Importer(2089858483,b0f066a214c2f5e87bad3c948f4d605d)
Start importing Assets/Grass And Flowers Pack 1/Ground Textures/Materials/Groundplants 1_D 1669.mat using Guid(d8573a4ff11ce284486cdbcc023fd963) Importer(2089858483,b0f066a214c2f5e87bad3c948f4d605d) (ScriptedImporter) -> (artifact id: '65b9b7d9e957c3254cd28034c679bb6c') in 0.0413863 seconds
Number of updated asset objects reloaded before import = 0Number of asset objects unloaded after import = 2

========================================================================
Received Import Request.
  Time since last request: 0.000079 seconds.
  path: Assets/Grass And Flowers Pack 1/Ground Textures/Materials/Groundplants 1_D 1666.mat
  artifactKey: Guid(011b9159219896341886ce97f75af72e) Importer(2089858483,b0f066a214c2f5e87bad3c948f4d605d)
Start importing Assets/Grass And Flowers Pack 1/Ground Textures/Materials/Groundplants 1_D 1666.mat using Guid(011b9159219896341886ce97f75af72e) Importer(2089858483,b0f066a214c2f5e87bad3c948f4d605d) (ScriptedImporter) -> (artifact id: '9e9c46fdf059867477f9d1df8dc7b1c4') in 0.0353071 seconds
Number of updated asset objects reloaded before import = 0Number of asset objects unloaded after import = 2

========================================================================
Received Import Request.
  Time since last request: 0.000072 seconds.
  path: Assets/Grass And Flowers Pack 1/Ground Textures/Materials/Groundplants 1_D 1675.mat
  artifactKey: Guid(1fdb7bfd18619d142b7e9d1dbd0f766f) Importer(2089858483,b0f066a214c2f5e87bad3c948f4d605d)
Start importing Assets/Grass And Flowers Pack 1/Ground Textures/Materials/Groundplants 1_D 1675.mat using Guid(1fdb7bfd18619d142b7e9d1dbd0f766f) Importer(2089858483,b0f066a214c2f5e87bad3c948f4d605d) (ScriptedImporter) -> (artifact id: '51dc161e9bdbbff3c45601a82c20d15e') in 0.0440575 seconds
Number of updated asset objects reloaded before import = 0Number of asset objects unloaded after import = 2

========================================================================
Received Import Request.
  Time since last request: 0.000079 seconds.
  path: Assets/Grass And Flowers Pack 1/Ground Textures/Materials/Groundplants 1_D 1609.mat
  artifactKey: Guid(d8ad0afca2ec115498e1019360692c04) Importer(2089858483,b0f066a214c2f5e87bad3c948f4d605d)
Start importing Assets/Grass And Flowers Pack 1/Ground Textures/Materials/Groundplants 1_D 1609.mat using Guid(d8ad0afca2ec115498e1019360692c04) Importer(2089858483,b0f066a214c2f5e87bad3c948f4d605d) (ScriptedImporter) -> (artifact id: '0f92063ab554ab82559d4067e9475982') in 0.0448265 seconds
Number of updated asset objects reloaded before import = 0Number of asset objects unloaded after import = 2

========================================================================
Received Import Request.
  Time since last request: 0.000060 seconds.
  path: Assets/Grass And Flowers Pack 1/Ground Textures/Materials/Groundplants 1_D 1691.mat
  artifactKey: Guid(697b589d8c60faa4caf18a678c7e5eff) Importer(2089858483,b0f066a214c2f5e87bad3c948f4d605d)
Start importing Assets/Grass And Flowers Pack 1/Ground Textures/Materials/Groundplants 1_D 1691.mat using Guid(697b589d8c60faa4caf18a678c7e5eff) Importer(2089858483,b0f066a214c2f5e87bad3c948f4d605d) (ScriptedImporter) -> (artifact id: '32b48ac55b3ed832f494f1d5fa6de1b8') in 0.0382188 seconds
Number of updated asset objects reloaded before import = 0Number of asset objects unloaded after import = 2

========================================================================
Received Import Request.
  Time since last request: 0.000086 seconds.
  path: Assets/Grass And Flowers Pack 1/Ground Textures/Materials/Groundplants 1_D 1511.mat
  artifactKey: Guid(7a5a3625a9705c4489bb2b341675a6bb) Importer(2089858483,b0f066a214c2f5e87bad3c948f4d605d)
Start importing Assets/Grass And Flowers Pack 1/Ground Textures/Materials/Groundplants 1_D 1511.mat using Guid(7a5a3625a9705c4489bb2b341675a6bb) Importer(2089858483,b0f066a214c2f5e87bad3c948f4d605d) (ScriptedImporter) -> (artifact id: '0d0fd56749eb5f0c8e952ea9bebfec23') in 0.0448984 seconds
Number of updated asset objects reloaded before import = 0Number of asset objects unloaded after import = 2

========================================================================
Received Import Request.
  Time since last request: 0.000078 seconds.
  path: Assets/Grass And Flowers Pack 1/Ground Textures/Materials/Groundplants 1_D 1586.mat
  artifactKey: Guid(dff71b08c9bbfd54bb839829c388bfbc) Importer(2089858483,b0f066a214c2f5e87bad3c948f4d605d)
Start importing Assets/Grass And Flowers Pack 1/Ground Textures/Materials/Groundplants 1_D 1586.mat using Guid(dff71b08c9bbfd54bb839829c388bfbc) Importer(2089858483,b0f066a214c2f5e87bad3c948f4d605d) (ScriptedImporter) -> (artifact id: '7d0ea40f1ddd7ec538b38e6f5a63ccb4') in 0.0407088 seconds
Number of updated asset objects reloaded before import = 0Number of asset objects unloaded after import = 2

========================================================================
Received Import Request.
  Time since last request: 0.000102 seconds.
  path: Assets/Grass And Flowers Pack 1/Ground Textures/Materials/Groundplants 1_D 1708.mat
  artifactKey: Guid(af938aa8a62b8554a8519316e3742b84) Importer(2089858483,b0f066a214c2f5e87bad3c948f4d605d)
Start importing Assets/Grass And Flowers Pack 1/Ground Textures/Materials/Groundplants 1_D 1708.mat using Guid(af938aa8a62b8554a8519316e3742b84) Importer(2089858483,b0f066a214c2f5e87bad3c948f4d605d) (ScriptedImporter) -> (artifact id: 'e33edd5171f7fe0bc59db047be3d01b4') in 0.0350574 seconds
Number of updated asset objects reloaded before import = 0Number of asset objects unloaded after import = 2

========================================================================
Received Import Request.
  Time since last request: 0.000049 seconds.
  path: Assets/Grass And Flowers Pack 1/Ground Textures/Materials/Groundplants 1_D 1698.mat
  artifactKey: Guid(6b16b67f93f83d147baa8b4e37715e06) Importer(2089858483,b0f066a214c2f5e87bad3c948f4d605d)
Start importing Assets/Grass And Flowers Pack 1/Ground Textures/Materials/Groundplants 1_D 1698.mat using Guid(6b16b67f93f83d147baa8b4e37715e06) Importer(2089858483,b0f066a214c2f5e87bad3c948f4d605d) (ScriptedImporter) -> (artifact id: '9ddf4b4392d6e0739b22490bbef3d4e5') in 0.0413676 seconds
Number of updated asset objects reloaded before import = 0Number of asset objects unloaded after import = 2

========================================================================
Received Import Request.
  Time since last request: 0.000096 seconds.
  path: Assets/Grass And Flowers Pack 1/Ground Textures/Materials/Groundplants 1_D 1718.mat
  artifactKey: Guid(564b2674f7165fc42825ac8afbc48177) Importer(2089858483,b0f066a214c2f5e87bad3c948f4d605d)
Start importing Assets/Grass And Flowers Pack 1/Ground Textures/Materials/Groundplants 1_D 1718.mat using Guid(564b2674f7165fc42825ac8afbc48177) Importer(2089858483,b0f066a214c2f5e87bad3c948f4d605d) (ScriptedImporter) -> (artifact id: '6a7a03eb666627fde2317b866cc463b1') in 0.042242 seconds
Number of updated asset objects reloaded before import = 0Number of asset objects unloaded after import = 2

========================================================================
Received Import Request.
  Time since last request: 0.000077 seconds.
  path: Assets/Grass And Flowers Pack 1/Ground Textures/Materials/Groundplants 1_D 1630.mat
  artifactKey: Guid(b3e0c2b3dd3a08440836b1655504df0f) Importer(2089858483,b0f066a214c2f5e87bad3c948f4d605d)
Start importing Assets/Grass And Flowers Pack 1/Ground Textures/Materials/Groundplants 1_D 1630.mat using Guid(b3e0c2b3dd3a08440836b1655504df0f) Importer(2089858483,b0f066a214c2f5e87bad3c948f4d605d) (ScriptedImporter) -> (artifact id: '90cbb9c2fee690566041ddf8f6b9c227') in 0.0448632 seconds
Number of updated asset objects reloaded before import = 0Number of asset objects unloaded after import = 2

========================================================================
Received Import Request.
  Time since last request: 0.000077 seconds.
  path: Assets/Grass And Flowers Pack 1/Ground Textures/Materials/Groundplants 1_D 1603.mat
  artifactKey: Guid(e8406fb7286290b42a702a24e75d7c5a) Importer(2089858483,b0f066a214c2f5e87bad3c948f4d605d)
Start importing Assets/Grass And Flowers Pack 1/Ground Textures/Materials/Groundplants 1_D 1603.mat using Guid(e8406fb7286290b42a702a24e75d7c5a) Importer(2089858483,b0f066a214c2f5e87bad3c948f4d605d) (ScriptedImporter) -> (artifact id: '5c64b20757aed3532a211f78be36a88e') in 0.0447063 seconds
Number of updated asset objects reloaded before import = 0Number of asset objects unloaded after import = 2

========================================================================
Received Import Request.
  Time since last request: 0.000044 seconds.
  path: Assets/Grass And Flowers Pack 1/Ground Textures/Materials/Groundplants 1_D 1727.mat
  artifactKey: Guid(f13ddc17da817bd439059ec27899c965) Importer(2089858483,b0f066a214c2f5e87bad3c948f4d605d)
Start importing Assets/Grass And Flowers Pack 1/Ground Textures/Materials/Groundplants 1_D 1727.mat using Guid(f13ddc17da817bd439059ec27899c965) Importer(2089858483,b0f066a214c2f5e87bad3c948f4d605d) (ScriptedImporter) -> (artifact id: '371fdfe0320b67a0f5e290ed15391d55') in 0.0770003 seconds
Number of updated asset objects reloaded before import = 0Number of asset objects unloaded after import = 2

========================================================================
Received Import Request.
  Time since last request: 0.000050 seconds.
  path: Assets/Grass And Flowers Pack 1/Ground Textures/Materials/Groundplants 1_D 1725.mat
  artifactKey: Guid(e8549690bbe8f814d9bf47eee1f49f7d) Importer(2089858483,b0f066a214c2f5e87bad3c948f4d605d)
Start importing Assets/Grass And Flowers Pack 1/Ground Textures/Materials/Groundplants 1_D 1725.mat using Guid(e8549690bbe8f814d9bf47eee1f49f7d) Importer(2089858483,b0f066a214c2f5e87bad3c948f4d605d) (ScriptedImporter) -> (artifact id: 'a65b64ae1325c92f8c3a9fdb6ee06666') in 0.0450572 seconds
Number of updated asset objects reloaded before import = 0Number of asset objects unloaded after import = 2

========================================================================
Received Import Request.
  Time since last request: 0.000111 seconds.
  path: Assets/Grass And Flowers Pack 1/Ground Textures/Materials/Groundplants 1_D 1736.mat
  artifactKey: Guid(2c3753983dc80ee459010a126f1a9815) Importer(2089858483,b0f066a214c2f5e87bad3c948f4d605d)
Start importing Assets/Grass And Flowers Pack 1/Ground Textures/Materials/Groundplants 1_D 1736.mat using Guid(2c3753983dc80ee459010a126f1a9815) Importer(2089858483,b0f066a214c2f5e87bad3c948f4d605d) (ScriptedImporter) -> (artifact id: 'a662d707da1aaee4f5a8d8cee154c39b') in 0.0373396 seconds
Number of updated asset objects reloaded before import = 0Number of asset objects unloaded after import = 2

========================================================================
Received Import Request.
  Time since last request: 0.000050 seconds.
  path: Assets/Grass And Flowers Pack 1/Ground Textures/Materials/Groundplants 1_D 1711.mat
  artifactKey: Guid(ef7c534b33c2c9944963303515ece037) Importer(2089858483,b0f066a214c2f5e87bad3c948f4d605d)
Start importing Assets/Grass And Flowers Pack 1/Ground Textures/Materials/Groundplants 1_D 1711.mat using Guid(ef7c534b33c2c9944963303515ece037) Importer(2089858483,b0f066a214c2f5e87bad3c948f4d605d) (ScriptedImporter) -> (artifact id: '9ff62c459d17e415ecf8d72beaa23da2') in 0.0436529 seconds
Number of updated asset objects reloaded before import = 0Number of asset objects unloaded after import = 2

========================================================================
Received Import Request.
  Time since last request: 0.000074 seconds.
  path: Assets/Grass And Flowers Pack 1/Ground Textures/Materials/Groundplants 1_D 1521.mat
  artifactKey: Guid(36177584a6e11c14eb25d5377a06a293) Importer(2089858483,b0f066a214c2f5e87bad3c948f4d605d)
Start importing Assets/Grass And Flowers Pack 1/Ground Textures/Materials/Groundplants 1_D 1521.mat using Guid(36177584a6e11c14eb25d5377a06a293) Importer(2089858483,b0f066a214c2f5e87bad3c948f4d605d) (ScriptedImporter) -> (artifact id: '5080a33de31f8695435181644d7b103f') in 0.0425677 seconds
Number of updated asset objects reloaded before import = 0Number of asset objects unloaded after import = 2

========================================================================
Received Import Request.
  Time since last request: 0.000063 seconds.
  path: Assets/Grass And Flowers Pack 1/Ground Textures/Materials/Groundplants 1_D 1747.mat
  artifactKey: Guid(48c7e9951e406a448acc4c8639574bb7) Importer(2089858483,b0f066a214c2f5e87bad3c948f4d605d)
Start importing Assets/Grass And Flowers Pack 1/Ground Textures/Materials/Groundplants 1_D 1747.mat using Guid(48c7e9951e406a448acc4c8639574bb7) Importer(2089858483,b0f066a214c2f5e87bad3c948f4d605d) (ScriptedImporter) -> (artifact id: '5900b456a03548c5524c1268dd27dec5') in 0.0400441 seconds
Number of updated asset objects reloaded before import = 0Number of asset objects unloaded after import = 2

========================================================================
Received Import Request.
  Time since last request: 0.000080 seconds.
  path: Assets/Grass And Flowers Pack 1/Ground Textures/Materials/Groundplants 1_D 1755.mat
  artifactKey: Guid(1a6c0a9cc5199984fab3a04c4d3b5e57) Importer(2089858483,b0f066a214c2f5e87bad3c948f4d605d)
Start importing Assets/Grass And Flowers Pack 1/Ground Textures/Materials/Groundplants 1_D 1755.mat using Guid(1a6c0a9cc5199984fab3a04c4d3b5e57) Importer(2089858483,b0f066a214c2f5e87bad3c948f4d605d) (ScriptedImporter) -> (artifact id: 'dede06948ae5fdc5054aee5d88803654') in 0.0506464 seconds
Number of updated asset objects reloaded before import = 0Number of asset objects unloaded after import = 2

========================================================================
Received Import Request.
  Time since last request: 0.000052 seconds.
  path: Assets/Grass And Flowers Pack 1/Ground Textures/Materials/Groundplants 1_D 1760.mat
  artifactKey: Guid(1528c603de5362744987ba150bf2c94f) Importer(2089858483,b0f066a214c2f5e87bad3c948f4d605d)
Start importing Assets/Grass And Flowers Pack 1/Ground Textures/Materials/Groundplants 1_D 1760.mat using Guid(1528c603de5362744987ba150bf2c94f) Importer(2089858483,b0f066a214c2f5e87bad3c948f4d605d) (ScriptedImporter) -> (artifact id: 'ece66bb20016b5c9172ed09927f3131d') in 0.0419082 seconds
Number of updated asset objects reloaded before import = 0Number of asset objects unloaded after import = 2

========================================================================
Received Import Request.
  Time since last request: 0.000085 seconds.
  path: Assets/Grass And Flowers Pack 1/Ground Textures/Materials/Groundplants 1_D 1531.mat
  artifactKey: Guid(df5acb16b8a706143a8da88214f924fb) Importer(2089858483,b0f066a214c2f5e87bad3c948f4d605d)
Start importing Assets/Grass And Flowers Pack 1/Ground Textures/Materials/Groundplants 1_D 1531.mat using Guid(df5acb16b8a706143a8da88214f924fb) Importer(2089858483,b0f066a214c2f5e87bad3c948f4d605d) (ScriptedImporter) -> (artifact id: '43cd6c668c38057d25e504d50c48b94d') in 0.0457308 seconds
Number of updated asset objects reloaded before import = 0Number of asset objects unloaded after import = 2

========================================================================
Received Import Request.
  Time since last request: 0.000060 seconds.
  path: Assets/Grass And Flowers Pack 1/Ground Textures/Materials/Groundplants 1_D 1759.mat
  artifactKey: Guid(2684695b5f8804245b13df111f7894a0) Importer(2089858483,b0f066a214c2f5e87bad3c948f4d605d)
Start importing Assets/Grass And Flowers Pack 1/Ground Textures/Materials/Groundplants 1_D 1759.mat using Guid(2684695b5f8804245b13df111f7894a0) Importer(2089858483,b0f066a214c2f5e87bad3c948f4d605d) (ScriptedImporter) -> (artifact id: '8e29141f0a7f97545c55df7fb2fbfc73') in 0.0448872 seconds
Number of updated asset objects reloaded before import = 0Number of asset objects unloaded after import = 2

========================================================================
Received Import Request.
  Time since last request: 0.000065 seconds.
  path: Assets/Grass And Flowers Pack 1/Ground Textures/Materials/Groundplants 1_D 1779.mat
  artifactKey: Guid(da70e46badea8b640822f5a9ec82457f) Importer(2089858483,b0f066a214c2f5e87bad3c948f4d605d)
Start importing Assets/Grass And Flowers Pack 1/Ground Textures/Materials/Groundplants 1_D 1779.mat using Guid(da70e46badea8b640822f5a9ec82457f) Importer(2089858483,b0f066a214c2f5e87bad3c948f4d605d) (ScriptedImporter) -> (artifact id: '7c17f84b35324ed6761a516fd8499aa6') in 0.1394892 seconds
Number of updated asset objects reloaded before import = 0Number of asset objects unloaded after import = 2

========================================================================
Received Import Request.
  Time since last request: 0.000048 seconds.
  path: Assets/Grass And Flowers Pack 1/Ground Textures/Materials/Groundplants 1_D 1771.mat
  artifactKey: Guid(3853613b43cf263438c3a6df0fdd9d96) Importer(2089858483,b0f066a214c2f5e87bad3c948f4d605d)
Start importing Assets/Grass And Flowers Pack 1/Ground Textures/Materials/Groundplants 1_D 1771.mat using Guid(3853613b43cf263438c3a6df0fdd9d96) Importer(2089858483,b0f066a214c2f5e87bad3c948f4d605d) (ScriptedImporter) -> (artifact id: '9a4578dac0a42c61206c1cbf32e7b737') in 0.227431 seconds
Number of updated asset objects reloaded before import = 0Number of asset objects unloaded after import = 2

========================================================================
Received Import Request.
  Time since last request: 0.000087 seconds.
  path: Assets/Grass And Flowers Pack 1/Ground Textures/Materials/Groundplants 1_D 1793.mat
  artifactKey: Guid(74f6875b1ac33d349955b497f759c5bb) Importer(2089858483,b0f066a214c2f5e87bad3c948f4d605d)
Start importing Assets/Grass And Flowers Pack 1/Ground Textures/Materials/Groundplants 1_D 1793.mat using Guid(74f6875b1ac33d349955b497f759c5bb) Importer(2089858483,b0f066a214c2f5e87bad3c948f4d605d) (ScriptedImporter) -> (artifact id: 'd53a30045a6bdf493d5d34d36152593b') in 0.0433947 seconds
Number of updated asset objects reloaded before import = 0Number of asset objects unloaded after import = 2

========================================================================
Received Import Request.
  Time since last request: 0.000053 seconds.
  path: Assets/Grass And Flowers Pack 1/Ground Textures/Materials/Groundplants 1_D 1789.mat
  artifactKey: Guid(cd11b7cc621b4be41988f29987c60406) Importer(2089858483,b0f066a214c2f5e87bad3c948f4d605d)
Start importing Assets/Grass And Flowers Pack 1/Ground Textures/Materials/Groundplants 1_D 1789.mat using Guid(cd11b7cc621b4be41988f29987c60406) Importer(2089858483,b0f066a214c2f5e87bad3c948f4d605d) (ScriptedImporter) -> (artifact id: '6f331b2135bf071c53ab909fd910b023') in 0.0418559 seconds
Number of updated asset objects reloaded before import = 0Number of asset objects unloaded after import = 2

========================================================================
Received Import Request.
  Time since last request: 0.000046 seconds.
  path: Assets/Grass And Flowers Pack 1/Ground Textures/Materials/Groundplants 1_D 1749.mat
  artifactKey: Guid(0989d6aa0ce9a7948a0036d6a6ebc2b7) Importer(2089858483,b0f066a214c2f5e87bad3c948f4d605d)
Start importing Assets/Grass And Flowers Pack 1/Ground Textures/Materials/Groundplants 1_D 1749.mat using Guid(0989d6aa0ce9a7948a0036d6a6ebc2b7) Importer(2089858483,b0f066a214c2f5e87bad3c948f4d605d) (ScriptedImporter) -> (artifact id: 'f791251131d835b7f29327d3ce5a65c4') in 0.0431306 seconds
Number of updated asset objects reloaded before import = 0Number of asset objects unloaded after import = 2

========================================================================
Received Import Request.
  Time since last request: 0.000063 seconds.
  path: Assets/Grass And Flowers Pack 1/Ground Textures/Materials/Groundplants 1_D 1798.mat
  artifactKey: Guid(8dae42e0602bc9f4ba69f106f98af96f) Importer(2089858483,b0f066a214c2f5e87bad3c948f4d605d)
Start importing Assets/Grass And Flowers Pack 1/Ground Textures/Materials/Groundplants 1_D 1798.mat using Guid(8dae42e0602bc9f4ba69f106f98af96f) Importer(2089858483,b0f066a214c2f5e87bad3c948f4d605d) (ScriptedImporter) -> (artifact id: 'dcaaa0e1324b934e68b0f357fdb3f8e1') in 0.0439903 seconds
Number of updated asset objects reloaded before import = 0Number of asset objects unloaded after import = 2

========================================================================
Received Import Request.
  Time since last request: 0.000049 seconds.
  path: Assets/Grass And Flowers Pack 1/Ground Textures/Materials/Groundplants 1_D 1807.mat
  artifactKey: Guid(a5e8ba05e4acbed4e82c850b61c14487) Importer(2089858483,b0f066a214c2f5e87bad3c948f4d605d)
Start importing Assets/Grass And Flowers Pack 1/Ground Textures/Materials/Groundplants 1_D 1807.mat using Guid(a5e8ba05e4acbed4e82c850b61c14487) Importer(2089858483,b0f066a214c2f5e87bad3c948f4d605d) (ScriptedImporter) -> (artifact id: '1447fc2c2e629e64949aee9cf5d05295') in 0.0408902 seconds
Number of updated asset objects reloaded before import = 0Number of asset objects unloaded after import = 2

========================================================================
Received Import Request.
  Time since last request: 0.000059 seconds.
  path: Assets/Grass And Flowers Pack 1/Ground Textures/Materials/Groundplants 1_D 1730.mat
  artifactKey: Guid(92616d1831a48c744a491d9d21157514) Importer(2089858483,b0f066a214c2f5e87bad3c948f4d605d)
Start importing Assets/Grass And Flowers Pack 1/Ground Textures/Materials/Groundplants 1_D 1730.mat using Guid(92616d1831a48c744a491d9d21157514) Importer(2089858483,b0f066a214c2f5e87bad3c948f4d605d) (ScriptedImporter) -> (artifact id: 'bcd04ac210cf9aae126a1aa72a136ece') in 0.0448566 seconds
Number of updated asset objects reloaded before import = 0Number of asset objects unloaded after import = 2

========================================================================
Received Import Request.
  Time since last request: 0.000050 seconds.
  path: Assets/Grass And Flowers Pack 1/Ground Textures/Materials/Groundplants 1_D 1815.mat
  artifactKey: Guid(c4095ee8a033a8e47a795545845d7d4c) Importer(2089858483,b0f066a214c2f5e87bad3c948f4d605d)
Start importing Assets/Grass And Flowers Pack 1/Ground Textures/Materials/Groundplants 1_D 1815.mat using Guid(c4095ee8a033a8e47a795545845d7d4c) Importer(2089858483,b0f066a214c2f5e87bad3c948f4d605d) (ScriptedImporter) -> (artifact id: '66f515358db3ab9660faa71dc5c30c34') in 0.0458165 seconds
Number of updated asset objects reloaded before import = 0Number of asset objects unloaded after import = 2

========================================================================
Received Import Request.
  Time since last request: 0.000058 seconds.
  path: Assets/Grass And Flowers Pack 1/Ground Textures/Materials/Groundplants 1_D 1767.mat
  artifactKey: Guid(7d0bc042fad35c246bfa699fa691bb83) Importer(2089858483,b0f066a214c2f5e87bad3c948f4d605d)
Start importing Assets/Grass And Flowers Pack 1/Ground Textures/Materials/Groundplants 1_D 1767.mat using Guid(7d0bc042fad35c246bfa699fa691bb83) Importer(2089858483,b0f066a214c2f5e87bad3c948f4d605d) (ScriptedImporter) -> (artifact id: '0e39960795b0c1992e29969c8541ab0e') in 0.0658191 seconds
Number of updated asset objects reloaded before import = 0Number of asset objects unloaded after import = 2

========================================================================
Received Import Request.
  Time since last request: 0.000067 seconds.
  path: Assets/Grass And Flowers Pack 1/Ground Textures/Materials/Groundplants 1_D 1679.mat
  artifactKey: Guid(09e3bf670c54d2646ac469bb7e5781df) Importer(2089858483,b0f066a214c2f5e87bad3c948f4d605d)
Start importing Assets/Grass And Flowers Pack 1/Ground Textures/Materials/Groundplants 1_D 1679.mat using Guid(09e3bf670c54d2646ac469bb7e5781df) Importer(2089858483,b0f066a214c2f5e87bad3c948f4d605d) (ScriptedImporter) -> (artifact id: 'ff82ca32ba4a96f587fcb30331c0a81b') in 0.0537766 seconds
Number of updated asset objects reloaded before import = 0Number of asset objects unloaded after import = 2

========================================================================
Received Import Request.
  Time since last request: 0.000044 seconds.
  path: Assets/Grass And Flowers Pack 1/Ground Textures/Materials/Groundplants 1_D 1827.mat
  artifactKey: Guid(b7dddc2b1087eb843ad3a1d6a3a461a2) Importer(2089858483,b0f066a214c2f5e87bad3c948f4d605d)
Start importing Assets/Grass And Flowers Pack 1/Ground Textures/Materials/Groundplants 1_D 1827.mat using Guid(b7dddc2b1087eb843ad3a1d6a3a461a2) Importer(2089858483,b0f066a214c2f5e87bad3c948f4d605d) (ScriptedImporter) -> (artifact id: '46418f98616da65b727b453eb8fcf654') in 0.0487386 seconds
Number of updated asset objects reloaded before import = 0Number of asset objects unloaded after import = 2

========================================================================
Received Import Request.
  Time since last request: 0.000085 seconds.
  path: Assets/Grass And Flowers Pack 1/Ground Textures/Materials/Groundplants 1_D 1824.mat
  artifactKey: Guid(13e65cfbe28cea94385cb9067586c705) Importer(2089858483,b0f066a214c2f5e87bad3c948f4d605d)
Start importing Assets/Grass And Flowers Pack 1/Ground Textures/Materials/Groundplants 1_D 1824.mat using Guid(13e65cfbe28cea94385cb9067586c705) Importer(2089858483,b0f066a214c2f5e87bad3c948f4d605d) (ScriptedImporter) -> (artifact id: 'cbf8396957819adda7d37d0fb1185c8f') in 0.0469245 seconds
Number of updated asset objects reloaded before import = 0Number of asset objects unloaded after import = 2

========================================================================
Received Import Request.
  Time since last request: 0.000041 seconds.
  path: Assets/Grass And Flowers Pack 1/Ground Textures/Materials/Groundplants 1_D 1845.mat
  artifactKey: Guid(bd33b658cbee84647a12f6d8fc5c88fc) Importer(2089858483,b0f066a214c2f5e87bad3c948f4d605d)
Start importing Assets/Grass And Flowers Pack 1/Ground Textures/Materials/Groundplants 1_D 1845.mat using Guid(bd33b658cbee84647a12f6d8fc5c88fc) Importer(2089858483,b0f066a214c2f5e87bad3c948f4d605d) (ScriptedImporter) -> (artifact id: 'c061227170dcb1fcd082dd47cea200ef') in 0.0435377 seconds
Number of updated asset objects reloaded before import = 0Number of asset objects unloaded after import = 2

========================================================================
Received Import Request.
  Time since last request: 0.000083 seconds.
  path: Assets/Grass And Flowers Pack 1/Ground Textures/Materials/Groundplants 1_D 1784.mat
  artifactKey: Guid(c857ab42580535544898130d90a198fc) Importer(2089858483,b0f066a214c2f5e87bad3c948f4d605d)
Start importing Assets/Grass And Flowers Pack 1/Ground Textures/Materials/Groundplants 1_D 1784.mat using Guid(c857ab42580535544898130d90a198fc) Importer(2089858483,b0f066a214c2f5e87bad3c948f4d605d) (ScriptedImporter) -> (artifact id: 'bd7a8e9c2e01e8f498d5b7714dbf431b') in 0.0437821 seconds
Number of updated asset objects reloaded before import = 0Number of asset objects unloaded after import = 2

========================================================================
Received Import Request.
  Time since last request: 0.000037 seconds.
  path: Assets/Grass And Flowers Pack 1/Ground Textures/Materials/Groundplants 1_D 1856.mat
  artifactKey: Guid(f3a3ad0ba568906468afff6a9432ecc7) Importer(2089858483,b0f066a214c2f5e87bad3c948f4d605d)
Start importing Assets/Grass And Flowers Pack 1/Ground Textures/Materials/Groundplants 1_D 1856.mat using Guid(f3a3ad0ba568906468afff6a9432ecc7) Importer(2089858483,b0f066a214c2f5e87bad3c948f4d605d) (ScriptedImporter) -> (artifact id: '6b18a33f9ac5802a9c78084ed94a9146') in 0.0443987 seconds
Number of updated asset objects reloaded before import = 0Number of asset objects unloaded after import = 2

========================================================================
Received Import Request.
  Time since last request: 0.000047 seconds.
  path: Assets/Grass And Flowers Pack 1/Ground Textures/Materials/Groundplants 1_D 1684.mat
  artifactKey: Guid(8fc195f3a353f0a49a152d54223a53cf) Importer(2089858483,b0f066a214c2f5e87bad3c948f4d605d)
Start importing Assets/Grass And Flowers Pack 1/Ground Textures/Materials/Groundplants 1_D 1684.mat using Guid(8fc195f3a353f0a49a152d54223a53cf) Importer(2089858483,b0f066a214c2f5e87bad3c948f4d605d) (ScriptedImporter) -> (artifact id: 'e6786a8b1d6c4e043f12672561118db6') in 0.0495908 seconds
Number of updated asset objects reloaded before import = 0Number of asset objects unloaded after import = 2

========================================================================
Received Import Request.
  Time since last request: 0.000067 seconds.
  path: Assets/Grass And Flowers Pack 1/Ground Textures/Materials/Groundplants 1_D 1811.mat
  artifactKey: Guid(d710036e26c0b8c43853deaa77a45d75) Importer(2089858483,b0f066a214c2f5e87bad3c948f4d605d)
Start importing Assets/Grass And Flowers Pack 1/Ground Textures/Materials/Groundplants 1_D 1811.mat using Guid(d710036e26c0b8c43853deaa77a45d75) Importer(2089858483,b0f066a214c2f5e87bad3c948f4d605d) (ScriptedImporter) -> (artifact id: '8fa2040eb8276c5fbbab6bda894d5644') in 0.0433951 seconds
Number of updated asset objects reloaded before import = 0Number of asset objects unloaded after import = 2

========================================================================
Received Import Request.
  Time since last request: 0.000036 seconds.
  path: Assets/Grass And Flowers Pack 1/Ground Textures/Materials/Groundplants 1_D 1869.mat
  artifactKey: Guid(efa88312f7e65cb4d92d5059835c27cf) Importer(2089858483,b0f066a214c2f5e87bad3c948f4d605d)
Start importing Assets/Grass And Flowers Pack 1/Ground Textures/Materials/Groundplants 1_D 1869.mat using Guid(efa88312f7e65cb4d92d5059835c27cf) Importer(2089858483,b0f066a214c2f5e87bad3c948f4d605d) (ScriptedImporter) -> (artifact id: '41b81a38f9227689c9217fe76e4ad57e') in 0.0473884 seconds
Number of updated asset objects reloaded before import = 0Number of asset objects unloaded after import = 2

========================================================================
Received Import Request.
  Time since last request: 0.000044 seconds.
  path: Assets/Grass And Flowers Pack 1/Ground Textures/Materials/Groundplants 1_D 1871.mat
  artifactKey: Guid(23c7f11f4154d784aaa41bf8832bd59c) Importer(2089858483,b0f066a214c2f5e87bad3c948f4d605d)
Start importing Assets/Grass And Flowers Pack 1/Ground Textures/Materials/Groundplants 1_D 1871.mat using Guid(23c7f11f4154d784aaa41bf8832bd59c) Importer(2089858483,b0f066a214c2f5e87bad3c948f4d605d) (ScriptedImporter) -> (artifact id: 'c96b610570c82e78d32b6aef6454c36a') in 0.0520864 seconds
Number of updated asset objects reloaded before import = 0Number of asset objects unloaded after import = 2

========================================================================
Received Import Request.
  Time since last request: 0.000076 seconds.
  path: Assets/Grass And Flowers Pack 1/Ground Textures/Materials/Groundplants 1_D 1875.mat
  artifactKey: Guid(be2b2a9ca8dae864387e34f58617b6bc) Importer(2089858483,b0f066a214c2f5e87bad3c948f4d605d)
Start importing Assets/Grass And Flowers Pack 1/Ground Textures/Materials/Groundplants 1_D 1875.mat using Guid(be2b2a9ca8dae864387e34f58617b6bc) Importer(2089858483,b0f066a214c2f5e87bad3c948f4d605d) (ScriptedImporter) -> (artifact id: '40d42081cf9599b7854632fba9ce7ffa') in 0.0552914 seconds
Number of updated asset objects reloaded before import = 0Number of asset objects unloaded after import = 2

========================================================================
Received Import Request.
  Time since last request: 0.000051 seconds.
  path: Assets/Grass And Flowers Pack 1/Ground Textures/Materials/Groundplants 1_D 1737.mat
  artifactKey: Guid(f27d1770e7d9cbe4daab3db947466544) Importer(2089858483,b0f066a214c2f5e87bad3c948f4d605d)
Start importing Assets/Grass And Flowers Pack 1/Ground Textures/Materials/Groundplants 1_D 1737.mat using Guid(f27d1770e7d9cbe4daab3db947466544) Importer(2089858483,b0f066a214c2f5e87bad3c948f4d605d) (ScriptedImporter) -> (artifact id: '2d6c3b98ce1fed99864eb75d1bcf5b0e') in 0.304538 seconds
Number of updated asset objects reloaded before import = 0Number of asset objects unloaded after import = 2

========================================================================
Received Import Request.
  Time since last request: 0.000070 seconds.
  path: Assets/Grass And Flowers Pack 1/Ground Textures/Materials/Groundplants 1_D 1893.mat
  artifactKey: Guid(60c0bb921d0a5744fb6140f13a8886e5) Importer(2089858483,b0f066a214c2f5e87bad3c948f4d605d)
Start importing Assets/Grass And Flowers Pack 1/Ground Textures/Materials/Groundplants 1_D 1893.mat using Guid(60c0bb921d0a5744fb6140f13a8886e5) Importer(2089858483,b0f066a214c2f5e87bad3c948f4d605d) (ScriptedImporter) -> (artifact id: '9b1d2097c8cf83a86a987a0de34a83e7') in 0.2309996 seconds
Number of updated asset objects reloaded before import = 0Number of asset objects unloaded after import = 2

========================================================================
Received Import Request.
  Time since last request: 0.000049 seconds.
  path: Assets/Grass And Flowers Pack 1/Ground Textures/Materials/Groundplants 1_D 1896.mat
  artifactKey: Guid(0772c3772d154ed4786600fe6427d566) Importer(2089858483,b0f066a214c2f5e87bad3c948f4d605d)
Start importing Assets/Grass And Flowers Pack 1/Ground Textures/Materials/Groundplants 1_D 1896.mat using Guid(0772c3772d154ed4786600fe6427d566) Importer(2089858483,b0f066a214c2f5e87bad3c948f4d605d) (ScriptedImporter) -> (artifact id: '68a045e4dd1b764d62b973d68dbd4741') in 0.0560034 seconds
Number of updated asset objects reloaded before import = 0Number of asset objects unloaded after import = 2

========================================================================
Received Import Request.
  Time since last request: 0.000060 seconds.
  path: Assets/Grass And Flowers Pack 1/Ground Textures/Materials/Groundplants 1_D 1884.mat
  artifactKey: Guid(0f13b84976d03cf4c8a5b1830eb65f8b) Importer(2089858483,b0f066a214c2f5e87bad3c948f4d605d)
Start importing Assets/Grass And Flowers Pack 1/Ground Textures/Materials/Groundplants 1_D 1884.mat using Guid(0f13b84976d03cf4c8a5b1830eb65f8b) Importer(2089858483,b0f066a214c2f5e87bad3c948f4d605d) (ScriptedImporter) -> (artifact id: 'a1cd1abb6297e515edfe52cf1b0960c0') in 0.0421707 seconds
Number of updated asset objects reloaded before import = 0Number of asset objects unloaded after import = 2

========================================================================
Received Import Request.
  Time since last request: 0.000040 seconds.
  path: Assets/Grass And Flowers Pack 1/Ground Textures/Materials/Groundplants 1_D 1833.mat
  artifactKey: Guid(d31509b0809bd6e488cee4e368c9bd50) Importer(2089858483,b0f066a214c2f5e87bad3c948f4d605d)
Start importing Assets/Grass And Flowers Pack 1/Ground Textures/Materials/Groundplants 1_D 1833.mat using Guid(d31509b0809bd6e488cee4e368c9bd50) Importer(2089858483,b0f066a214c2f5e87bad3c948f4d605d) (ScriptedImporter) -> (artifact id: '7528665e33fdd7a7345ce8a3aab31dc5') in 0.0478186 seconds
Number of updated asset objects reloaded before import = 0Number of asset objects unloaded after import = 2

========================================================================
Received Import Request.
  Time since last request: 0.000044 seconds.
  path: Assets/Grass And Flowers Pack 1/Ground Textures/Materials/Groundplants 1_D 1901.mat
  artifactKey: Guid(4f83e7ebe3dde9145ac5ba06613cbbaa) Importer(2089858483,b0f066a214c2f5e87bad3c948f4d605d)
Start importing Assets/Grass And Flowers Pack 1/Ground Textures/Materials/Groundplants 1_D 1901.mat using Guid(4f83e7ebe3dde9145ac5ba06613cbbaa) Importer(2089858483,b0f066a214c2f5e87bad3c948f4d605d) (ScriptedImporter) -> (artifact id: 'ee980c63e07d976e945f81351e93febf') in 0.045345 seconds
Number of updated asset objects reloaded before import = 0Number of asset objects unloaded after import = 2

========================================================================
Received Import Request.
  Time since last request: 0.000072 seconds.
  path: Assets/Grass And Flowers Pack 1/Ground Textures/Materials/Groundplants 1_D 1912.mat
  artifactKey: Guid(761c28ab1f4213e4dafcee1717bb2869) Importer(2089858483,b0f066a214c2f5e87bad3c948f4d605d)
Start importing Assets/Grass And Flowers Pack 1/Ground Textures/Materials/Groundplants 1_D 1912.mat using Guid(761c28ab1f4213e4dafcee1717bb2869) Importer(2089858483,b0f066a214c2f5e87bad3c948f4d605d) (ScriptedImporter) -> (artifact id: 'b4a929ae618fec5e2cffd172f398575d') in 0.0540575 seconds
Number of updated asset objects reloaded before import = 0Number of asset objects unloaded after import = 2

========================================================================
Received Import Request.
  Time since last request: 0.000062 seconds.
  path: Assets/Grass And Flowers Pack 1/Ground Textures/Materials/Groundplants 1_D 1917.mat
  artifactKey: Guid(05bd7e1851eb29e488abea2f7d5abbca) Importer(2089858483,b0f066a214c2f5e87bad3c948f4d605d)
Start importing Assets/Grass And Flowers Pack 1/Ground Textures/Materials/Groundplants 1_D 1917.mat using Guid(05bd7e1851eb29e488abea2f7d5abbca) Importer(2089858483,b0f066a214c2f5e87bad3c948f4d605d) (ScriptedImporter) -> (artifact id: '978f36ba10dc6c3f729a0e549e49bd83') in 0.0417822 seconds
Number of updated asset objects reloaded before import = 0Number of asset objects unloaded after import = 2

========================================================================
Received Import Request.
  Time since last request: 0.000075 seconds.
  path: Assets/Grass And Flowers Pack 1/Ground Textures/Materials/Groundplants 1_D 1916.mat
  artifactKey: Guid(cc9d7d0ccdece13479a0f6323381fcd6) Importer(2089858483,b0f066a214c2f5e87bad3c948f4d605d)
Start importing Assets/Grass And Flowers Pack 1/Ground Textures/Materials/Groundplants 1_D 1916.mat using Guid(cc9d7d0ccdece13479a0f6323381fcd6) Importer(2089858483,b0f066a214c2f5e87bad3c948f4d605d) (ScriptedImporter) -> (artifact id: '4569ddd790f00f24e9bd7e20a110ae78') in 0.038425 seconds
Number of updated asset objects reloaded before import = 0Number of asset objects unloaded after import = 2

========================================================================
Received Import Request.
  Time since last request: 0.000065 seconds.
  path: Assets/Grass And Flowers Pack 1/Ground Textures/Materials/Groundplants 1_D 1696.mat
  artifactKey: Guid(b61cd4789d89ae544a25d16b161de794) Importer(2089858483,b0f066a214c2f5e87bad3c948f4d605d)
Start importing Assets/Grass And Flowers Pack 1/Ground Textures/Materials/Groundplants 1_D 1696.mat using Guid(b61cd4789d89ae544a25d16b161de794) Importer(2089858483,b0f066a214c2f5e87bad3c948f4d605d) (ScriptedImporter) -> (artifact id: '4cc4cda4e007b445cd59ffef526c0b3f') in 0.0407496 seconds
Number of updated asset objects reloaded before import = 0Number of asset objects unloaded after import = 2

========================================================================
Received Import Request.
  Time since last request: 0.000083 seconds.
  path: Assets/Grass And Flowers Pack 1/Ground Textures/Materials/Groundplants 1_D 1934.mat
  artifactKey: Guid(06c8b5a0c1df2b44eaa9eec890c6f7c9) Importer(2089858483,b0f066a214c2f5e87bad3c948f4d605d)
Start importing Assets/Grass And Flowers Pack 1/Ground Textures/Materials/Groundplants 1_D 1934.mat using Guid(06c8b5a0c1df2b44eaa9eec890c6f7c9) Importer(2089858483,b0f066a214c2f5e87bad3c948f4d605d) (ScriptedImporter) -> (artifact id: '13ba1c3e7df340bbe534c53edfd92a67') in 0.0433472 seconds
Number of updated asset objects reloaded before import = 0Number of asset objects unloaded after import = 2

========================================================================
Received Import Request.
  Time since last request: 0.000061 seconds.
  path: Assets/Grass And Flowers Pack 1/Ground Textures/Materials/Groundplants 1_D 1931.mat
  artifactKey: Guid(3066179b6bd793d4e92463881881847c) Importer(2089858483,b0f066a214c2f5e87bad3c948f4d605d)
Start importing Assets/Grass And Flowers Pack 1/Ground Textures/Materials/Groundplants 1_D 1931.mat using Guid(3066179b6bd793d4e92463881881847c) Importer(2089858483,b0f066a214c2f5e87bad3c948f4d605d) (ScriptedImporter) -> (artifact id: 'c19ebab1d7b09d15c6d4e99a450999ab') in 0.0458539 seconds
Number of updated asset objects reloaded before import = 0Number of asset objects unloaded after import = 2

========================================================================
Received Import Request.
  Time since last request: 0.000058 seconds.
  path: Assets/Grass And Flowers Pack 1/Ground Textures/Materials/Groundplants 1_D 1945.mat
  artifactKey: Guid(53a109914d5341d40a01e416da334bc7) Importer(2089858483,b0f066a214c2f5e87bad3c948f4d605d)
Start importing Assets/Grass And Flowers Pack 1/Ground Textures/Materials/Groundplants 1_D 1945.mat using Guid(53a109914d5341d40a01e416da334bc7) Importer(2089858483,b0f066a214c2f5e87bad3c948f4d605d) (ScriptedImporter) -> (artifact id: '17530c2b7350f2a0f9fb9357205154d6') in 0.038009 seconds
Number of updated asset objects reloaded before import = 0Number of asset objects unloaded after import = 2

========================================================================
Received Import Request.
  Time since last request: 0.000043 seconds.
  path: Assets/Grass And Flowers Pack 1/Ground Textures/Materials/Groundplants 1_D 1944.mat
  artifactKey: Guid(c6167d0b38c0361459efc01df6a50213) Importer(2089858483,b0f066a214c2f5e87bad3c948f4d605d)
Start importing Assets/Grass And Flowers Pack 1/Ground Textures/Materials/Groundplants 1_D 1944.mat using Guid(c6167d0b38c0361459efc01df6a50213) Importer(2089858483,b0f066a214c2f5e87bad3c948f4d605d) (ScriptedImporter) -> (artifact id: '08a24fbd153e60ba4265a85797180479') in 0.0435837 seconds
Number of updated asset objects reloaded before import = 0Number of asset objects unloaded after import = 2

========================================================================
Received Import Request.
  Time since last request: 0.000070 seconds.
  path: Assets/Grass And Flowers Pack 1/Ground Textures/Materials/Groundplants 1_D 1870.mat
  artifactKey: Guid(443ed52dfa1f7b047bede462da06d412) Importer(2089858483,b0f066a214c2f5e87bad3c948f4d605d)
Start importing Assets/Grass And Flowers Pack 1/Ground Textures/Materials/Groundplants 1_D 1870.mat using Guid(443ed52dfa1f7b047bede462da06d412) Importer(2089858483,b0f066a214c2f5e87bad3c948f4d605d) (ScriptedImporter) -> (artifact id: '5697448ca0dc3ec31cd90594a6c2fed4') in 0.0550933 seconds
Number of updated asset objects reloaded before import = 0Number of asset objects unloaded after import = 2

========================================================================
Received Import Request.
  Time since last request: 0.000043 seconds.
  path: Assets/Grass And Flowers Pack 1/Ground Textures/Materials/Groundplants 1_D 1962.mat
  artifactKey: Guid(25ea9db6e045be842a7d56b6ea7c65c4) Importer(2089858483,b0f066a214c2f5e87bad3c948f4d605d)
Start importing Assets/Grass And Flowers Pack 1/Ground Textures/Materials/Groundplants 1_D 1962.mat using Guid(25ea9db6e045be842a7d56b6ea7c65c4) Importer(2089858483,b0f066a214c2f5e87bad3c948f4d605d) (ScriptedImporter) -> (artifact id: '11ceaed61891027dd90652b1d5686ac0') in 0.0441587 seconds
Number of updated asset objects reloaded before import = 0Number of asset objects unloaded after import = 2

========================================================================
Received Import Request.
  Time since last request: 0.000064 seconds.
  path: Assets/Grass And Flowers Pack 1/Ground Textures/Materials/Groundplants 1_D 1954.mat
  artifactKey: Guid(a74c5a14be5b0204aa95428f1e9d722f) Importer(2089858483,b0f066a214c2f5e87bad3c948f4d605d)
Start importing Assets/Grass And Flowers Pack 1/Ground Textures/Materials/Groundplants 1_D 1954.mat using Guid(a74c5a14be5b0204aa95428f1e9d722f) Importer(2089858483,b0f066a214c2f5e87bad3c948f4d605d) (ScriptedImporter) -> (artifact id: 'ae8dfd2b9592d2bd2b4dc55518d35d48') in 0.043287 seconds
Number of updated asset objects reloaded before import = 0Number of asset objects unloaded after import = 2

========================================================================
Received Import Request.
  Time since last request: 0.000037 seconds.
  path: Assets/Grass And Flowers Pack 1/Ground Textures/Materials/Groundplants 1_D 1974.mat
  artifactKey: Guid(74d523caf3dda074e842ea5773bdfbb5) Importer(2089858483,b0f066a214c2f5e87bad3c948f4d605d)
Start importing Assets/Grass And Flowers Pack 1/Ground Textures/Materials/Groundplants 1_D 1974.mat using Guid(74d523caf3dda074e842ea5773bdfbb5) Importer(2089858483,b0f066a214c2f5e87bad3c948f4d605d) (ScriptedImporter) -> (artifact id: '38d6f2628a8c14c195e54068eda19b4e') in 0.055838 seconds
Number of updated asset objects reloaded before import = 0Number of asset objects unloaded after import = 2

========================================================================
Received Import Request.
  Time since last request: 0.000053 seconds.
  path: Assets/Grass And Flowers Pack 1/Ground Textures/Materials/Groundplants 1_D 1971.mat
  artifactKey: Guid(b2189366a37a5eb409cd192d594e3744) Importer(2089858483,b0f066a214c2f5e87bad3c948f4d605d)
Start importing Assets/Grass And Flowers Pack 1/Ground Textures/Materials/Groundplants 1_D 1971.mat using Guid(b2189366a37a5eb409cd192d594e3744) Importer(2089858483,b0f066a214c2f5e87bad3c948f4d605d) (ScriptedImporter) -> (artifact id: '3abab02c7ccc51a52c29b95ccf9d9779') in 0.0681872 seconds
Number of updated asset objects reloaded before import = 0Number of asset objects unloaded after import = 2

========================================================================
Received Import Request.
  Time since last request: 0.000085 seconds.
  path: Assets/Grass And Flowers Pack 1/Ground Textures/Materials/Groundplants 1_D 1956.mat
  artifactKey: Guid(6b518bbaf91ef6b4b92fb42a59c5bb5d) Importer(2089858483,b0f066a214c2f5e87bad3c948f4d605d)
Start importing Assets/Grass And Flowers Pack 1/Ground Textures/Materials/Groundplants 1_D 1956.mat using Guid(6b518bbaf91ef6b4b92fb42a59c5bb5d) Importer(2089858483,b0f066a214c2f5e87bad3c948f4d605d) (ScriptedImporter) -> (artifact id: 'a9379f004474e26d6f511c05a975e5c0') in 0.2896748 seconds
Number of updated asset objects reloaded before import = 0Number of asset objects unloaded after import = 2

========================================================================
Received Import Request.
  Time since last request: 0.000049 seconds.
  path: Assets/Grass And Flowers Pack 1/Ground Textures/Materials/Groundplants 1_D 1976.mat
  artifactKey: Guid(a944839a07f72aa4dba3634138eb413d) Importer(2089858483,b0f066a214c2f5e87bad3c948f4d605d)
Start importing Assets/Grass And Flowers Pack 1/Ground Textures/Materials/Groundplants 1_D 1976.mat using Guid(a944839a07f72aa4dba3634138eb413d) Importer(2089858483,b0f066a214c2f5e87bad3c948f4d605d) (ScriptedImporter) -> (artifact id: 'edf3d6a72088359b2f34022204827784') in 0.0485026 seconds
Number of updated asset objects reloaded before import = 0Number of asset objects unloaded after import = 2

========================================================================
Received Import Request.
  Time since last request: 0.000073 seconds.
  path: Assets/Grass And Flowers Pack 1/Ground Textures/Materials/Groundplants 1_D 1914.mat
  artifactKey: Guid(96dbb1c6a08695546b69513098e5492e) Importer(2089858483,b0f066a214c2f5e87bad3c948f4d605d)
Start importing Assets/Grass And Flowers Pack 1/Ground Textures/Materials/Groundplants 1_D 1914.mat using Guid(96dbb1c6a08695546b69513098e5492e) Importer(2089858483,b0f066a214c2f5e87bad3c948f4d605d) (ScriptedImporter) -> (artifact id: '6ae91290e4397e897c081c64ecafee45') in 0.0397119 seconds
Number of updated asset objects reloaded before import = 0Number of asset objects unloaded after import = 2

========================================================================
Received Import Request.
  Time since last request: 0.000045 seconds.
  path: Assets/Grass And Flowers Pack 1/Ground Textures/Materials/Groundplants 1_D 1584.mat
  artifactKey: Guid(264a2dea04c02714aad19a8f27736b5e) Importer(2089858483,b0f066a214c2f5e87bad3c948f4d605d)
Start importing Assets/Grass And Flowers Pack 1/Ground Textures/Materials/Groundplants 1_D 1584.mat using Guid(264a2dea04c02714aad19a8f27736b5e) Importer(2089858483,b0f066a214c2f5e87bad3c948f4d605d) (ScriptedImporter) -> (artifact id: 'd5c637953fe4bd9094286d85788c033d') in 0.0376816 seconds
Number of updated asset objects reloaded before import = 0Number of asset objects unloaded after import = 2

========================================================================
Received Import Request.
  Time since last request: 0.000117 seconds.
  path: Assets/Grass And Flowers Pack 1/Ground Textures/Materials/Groundplants 1_D 1628.mat
  artifactKey: Guid(89c3dc92238cc33429432b865fe8b17d) Importer(2089858483,b0f066a214c2f5e87bad3c948f4d605d)
Start importing Assets/Grass And Flowers Pack 1/Ground Textures/Materials/Groundplants 1_D 1628.mat using Guid(89c3dc92238cc33429432b865fe8b17d) Importer(2089858483,b0f066a214c2f5e87bad3c948f4d605d) (ScriptedImporter) -> (artifact id: '713bcffa98eec4d94bb51d022a189ef4') in 0.0363719 seconds
Number of updated asset objects reloaded before import = 0Number of asset objects unloaded after import = 2

========================================================================
Received Import Request.
  Time since last request: 0.000057 seconds.
  path: Assets/Grass And Flowers Pack 1/Ground Textures/Materials/Groundplants 1_D 1802.mat
  artifactKey: Guid(eab2d73de20464a46b6adf9e65737af4) Importer(2089858483,b0f066a214c2f5e87bad3c948f4d605d)
Start importing Assets/Grass And Flowers Pack 1/Ground Textures/Materials/Groundplants 1_D 1802.mat using Guid(eab2d73de20464a46b6adf9e65737af4) Importer(2089858483,b0f066a214c2f5e87bad3c948f4d605d) (ScriptedImporter) -> (artifact id: '833a5f143e7e9ef178644eafb731645a') in 0.0423307 seconds
Number of updated asset objects reloaded before import = 0Number of asset objects unloaded after import = 2

========================================================================
Received Import Request.
  Time since last request: 0.000068 seconds.
  path: Assets/Grass And Flowers Pack 1/Ground Textures/Materials/Groundplants 1_D 1712.mat
  artifactKey: Guid(525cbea5e68dd244398d5674e8c04f82) Importer(2089858483,b0f066a214c2f5e87bad3c948f4d605d)
Start importing Assets/Grass And Flowers Pack 1/Ground Textures/Materials/Groundplants 1_D 1712.mat using Guid(525cbea5e68dd244398d5674e8c04f82) Importer(2089858483,b0f066a214c2f5e87bad3c948f4d605d) (ScriptedImporter) -> (artifact id: '838459a2ce31daf59dab5034dfc6926c') in 0.0477179 seconds
Number of updated asset objects reloaded before import = 0Number of asset objects unloaded after import = 2

========================================================================
Received Import Request.
  Time since last request: 0.000064 seconds.
  path: Assets/Grass And Flowers Pack 1/Ground Textures/Materials/Groundplants 1_D 1617.mat
  artifactKey: Guid(929ff182c48e85f469c46dc13761e6d0) Importer(2089858483,b0f066a214c2f5e87bad3c948f4d605d)
Start importing Assets/Grass And Flowers Pack 1/Ground Textures/Materials/Groundplants 1_D 1617.mat using Guid(929ff182c48e85f469c46dc13761e6d0) Importer(2089858483,b0f066a214c2f5e87bad3c948f4d605d) (ScriptedImporter) -> (artifact id: '2fdb731687e695c8fe7ea5dd3e735062') in 0.0656037 seconds
Number of updated asset objects reloaded before import = 0Number of asset objects unloaded after import = 2

========================================================================
Received Import Request.
  Time since last request: 0.000052 seconds.
  path: Assets/Grass And Flowers Pack 1/Ground Textures/Materials/Groundplants 1_D 1639.mat
  artifactKey: Guid(2e27d19b63c9dc443904ecbfe9f2510b) Importer(2089858483,b0f066a214c2f5e87bad3c948f4d605d)
Start importing Assets/Grass And Flowers Pack 1/Ground Textures/Materials/Groundplants 1_D 1639.mat using Guid(2e27d19b63c9dc443904ecbfe9f2510b) Importer(2089858483,b0f066a214c2f5e87bad3c948f4d605d) (ScriptedImporter) -> (artifact id: '150bea3743eee137ece9ccf7ae973035') in 0.0440995 seconds
Number of updated asset objects reloaded before import = 0Number of asset objects unloaded after import = 2

========================================================================
Received Import Request.
  Time since last request: 0.000079 seconds.
  path: Assets/Grass And Flowers Pack 1/Ground Textures/Materials/Groundplants 1_D 1753.mat
  artifactKey: Guid(8be39cdb2f695354f9051de73db5590c) Importer(2089858483,b0f066a214c2f5e87bad3c948f4d605d)
Start importing Assets/Grass And Flowers Pack 1/Ground Textures/Materials/Groundplants 1_D 1753.mat using Guid(8be39cdb2f695354f9051de73db5590c) Importer(2089858483,b0f066a214c2f5e87bad3c948f4d605d) (ScriptedImporter) -> (artifact id: 'f2773fb208505e992da77cea1e259624') in 0.0390687 seconds
Number of updated asset objects reloaded before import = 0Number of asset objects unloaded after import = 2

========================================================================
Received Import Request.
  Time since last request: 0.000052 seconds.
  path: Assets/Grass And Flowers Pack 1/Ground Textures/Materials/Groundplants 1_D 1522.mat
  artifactKey: Guid(92d16622615e6b342a6cacc9ad0dcf8d) Importer(2089858483,b0f066a214c2f5e87bad3c948f4d605d)
Start importing Assets/Grass And Flowers Pack 1/Ground Textures/Materials/Groundplants 1_D 1522.mat using Guid(92d16622615e6b342a6cacc9ad0dcf8d) Importer(2089858483,b0f066a214c2f5e87bad3c948f4d605d) (ScriptedImporter) -> (artifact id: 'a01a39215f4b1e30eaceecafa506732a') in 0.0414245 seconds
Number of updated asset objects reloaded before import = 0Number of asset objects unloaded after import = 2

========================================================================
Received Import Request.
  Time since last request: 0.000063 seconds.
  path: Assets/Grass And Flowers Pack 1/Ground Textures/Materials/Groundplants 1_D 1799.mat
  artifactKey: Guid(0131892f794f6dc48b4190ec0ca68b2b) Importer(2089858483,b0f066a214c2f5e87bad3c948f4d605d)
Start importing Assets/Grass And Flowers Pack 1/Ground Textures/Materials/Groundplants 1_D 1799.mat using Guid(0131892f794f6dc48b4190ec0ca68b2b) Importer(2089858483,b0f066a214c2f5e87bad3c948f4d605d) (ScriptedImporter) -> (artifact id: 'cbad5bf0a43a6cd994d37f223d3ce77f') in 0.0471982 seconds
Number of updated asset objects reloaded before import = 0Number of asset objects unloaded after import = 2

========================================================================
Received Import Request.
  Time since last request: 0.000043 seconds.
  path: Assets/Grass And Flowers Pack 1/Ground Textures/Materials/Groundplants 1_D 1508.mat
  artifactKey: Guid(2d0a43113fd774c4c839d787519ac279) Importer(2089858483,b0f066a214c2f5e87bad3c948f4d605d)
Start importing Assets/Grass And Flowers Pack 1/Ground Textures/Materials/Groundplants 1_D 1508.mat using Guid(2d0a43113fd774c4c839d787519ac279) Importer(2089858483,b0f066a214c2f5e87bad3c948f4d605d) (ScriptedImporter) -> (artifact id: 'e6bcc7ca8caac49fb0aae9ba36adbd66') in 0.0559483 seconds
Number of updated asset objects reloaded before import = 0Number of asset objects unloaded after import = 2

========================================================================
Received Import Request.
  Time since last request: 0.000040 seconds.
  path: Assets/Grass And Flowers Pack 1/Ground Textures/Materials/Groundplants 1_D 1818.mat
  artifactKey: Guid(2cd692497101527409bb64fb2174691a) Importer(2089858483,b0f066a214c2f5e87bad3c948f4d605d)
Start importing Assets/Grass And Flowers Pack 1/Ground Textures/Materials/Groundplants 1_D 1818.mat using Guid(2cd692497101527409bb64fb2174691a) Importer(2089858483,b0f066a214c2f5e87bad3c948f4d605d) (ScriptedImporter) -> (artifact id: '037980edf38be95a06b27bb905c72aa1') in 0.050133 seconds
Number of updated asset objects reloaded before import = 0Number of asset objects unloaded after import = 2

========================================================================
Received Import Request.
  Time since last request: 0.000081 seconds.
  path: Assets/Grass And Flowers Pack 1/Ground Textures/Materials/Groundplants 1_D 1575.mat
  artifactKey: Guid(32f4bbbd6bb93f54ca4cfcf2859605ed) Importer(2089858483,b0f066a214c2f5e87bad3c948f4d605d)
Start importing Assets/Grass And Flowers Pack 1/Ground Textures/Materials/Groundplants 1_D 1575.mat using Guid(32f4bbbd6bb93f54ca4cfcf2859605ed) Importer(2089858483,b0f066a214c2f5e87bad3c948f4d605d) (ScriptedImporter) -> (artifact id: '6483e4fdcd4a0d483cc50208d63cb864') in 0.0480468 seconds
Number of updated asset objects reloaded before import = 0Number of asset objects unloaded after import = 2

========================================================================
Received Import Request.
  Time since last request: 0.000039 seconds.
  path: Assets/Grass And Flowers Pack 1/Ground Textures/Materials/Groundplants 1_D 1831.mat
  artifactKey: Guid(27b7a5046b7c6834791d4b3963b0055f) Importer(2089858483,b0f066a214c2f5e87bad3c948f4d605d)
Start importing Assets/Grass And Flowers Pack 1/Ground Textures/Materials/Groundplants 1_D 1831.mat using Guid(27b7a5046b7c6834791d4b3963b0055f) Importer(2089858483,b0f066a214c2f5e87bad3c948f4d605d) (ScriptedImporter) -> (artifact id: 'c2b0816a221d32e79582990238482ada') in 0.0501458 seconds
Number of updated asset objects reloaded before import = 0Number of asset objects unloaded after import = 2

========================================================================
Received Import Request.
  Time since last request: 0.000045 seconds.
  path: Assets/Grass And Flowers Pack 1/Ground Textures/Materials/Groundplants 1_D 1890.mat
  artifactKey: Guid(e520a2c625210ad4daa808b259e51ad9) Importer(2089858483,b0f066a214c2f5e87bad3c948f4d605d)
Start importing Assets/Grass And Flowers Pack 1/Ground Textures/Materials/Groundplants 1_D 1890.mat using Guid(e520a2c625210ad4daa808b259e51ad9) Importer(2089858483,b0f066a214c2f5e87bad3c948f4d605d) (ScriptedImporter) -> (artifact id: 'a49e837e7a99faa7b63a00921f72fedd') in 0.0467173 seconds
Number of updated asset objects reloaded before import = 0Number of asset objects unloaded after import = 2

========================================================================
Received Import Request.
  Time since last request: 0.000142 seconds.
  path: Assets/Grass And Flowers Pack 1/Ground Textures/Materials/Groundplants 1_D 1926.mat
  artifactKey: Guid(a5856f6d475d1e840b00c4851b61d951) Importer(2089858483,b0f066a214c2f5e87bad3c948f4d605d)
Start importing Assets/Grass And Flowers Pack 1/Ground Textures/Materials/Groundplants 1_D 1926.mat using Guid(a5856f6d475d1e840b00c4851b61d951) Importer(2089858483,b0f066a214c2f5e87bad3c948f4d605d) (ScriptedImporter) -> (artifact id: '5527f30364f2a2d1535e269635db0848') in 0.1937176 seconds
Number of updated asset objects reloaded before import = 0Number of asset objects unloaded after import = 2

========================================================================
Received Import Request.
  Time since last request: 0.000057 seconds.
  path: Assets/Grass And Flowers Pack 1/Ground Textures/Materials/Groundplants 1_D 1593.mat
  artifactKey: Guid(df70a442e9976d84780d18f9185cc2ee) Importer(2089858483,b0f066a214c2f5e87bad3c948f4d605d)
Start importing Assets/Grass And Flowers Pack 1/Ground Textures/Materials/Groundplants 1_D 1593.mat using Guid(df70a442e9976d84780d18f9185cc2ee) Importer(2089858483,b0f066a214c2f5e87bad3c948f4d605d) (ScriptedImporter) -> (artifact id: '526ca32fd43638ea7ed32bb129e81592') in 0.0350003 seconds
Number of updated asset objects reloaded before import = 0Number of asset objects unloaded after import = 2

========================================================================
Received Import Request.
  Time since last request: 1337.657836 seconds.
  path: Assets/Grass And Flowers Pack 1/Ground Textures/Materials/Groundplants 1_D 1981.mat
  artifactKey: Guid(22a9601d2ff07ad47af4e95d952f27b6) Importer(2089858483,b0f066a214c2f5e87bad3c948f4d605d)
Start importing Assets/Grass And Flowers Pack 1/Ground Textures/Materials/Groundplants 1_D 1981.mat using Guid(22a9601d2ff07ad47af4e95d952f27b6) Importer(2089858483,b0f066a214c2f5e87bad3c948f4d605d) (ScriptedImporter) -> (artifact id: '62560cb931167d746d52f06b73ef7bcc') in 0.0233641 seconds
Number of updated asset objects reloaded before import = 0Number of asset objects unloaded after import = 1

========================================================================
Received Import Request.
  Time since last request: 0.000075 seconds.
  path: Assets/Grass And Flowers Pack 1/Ground Textures/Materials/Groundplants 1_D 2079.mat
  artifactKey: Guid(e7352200eaa5cf0499cf35eabc353d36) Importer(2089858483,b0f066a214c2f5e87bad3c948f4d605d)
Start importing Assets/Grass And Flowers Pack 1/Ground Textures/Materials/Groundplants 1_D 2079.mat using Guid(e7352200eaa5cf0499cf35eabc353d36) Importer(2089858483,b0f066a214c2f5e87bad3c948f4d605d) (ScriptedImporter) -> (artifact id: 'e26689c051b04c946dcb0ef9ec652737') in 0.0442757 seconds
Number of updated asset objects reloaded before import = 0Number of asset objects unloaded after import = 1

========================================================================
Received Import Request.
  Time since last request: 0.000096 seconds.
  path: Assets/Grass And Flowers Pack 1/Ground Textures/Materials/Groundplants 1_D 1990.mat
  artifactKey: Guid(cb61e09a3e895684d9da001210d57d9c) Importer(2089858483,b0f066a214c2f5e87bad3c948f4d605d)
Start importing Assets/Grass And Flowers Pack 1/Ground Textures/Materials/Groundplants 1_D 1990.mat using Guid(cb61e09a3e895684d9da001210d57d9c) Importer(2089858483,b0f066a214c2f5e87bad3c948f4d605d) (ScriptedImporter) -> (artifact id: 'b6081f8f223307b9b63d37500d24a2fe') in 0.049737 seconds
Number of updated asset objects reloaded before import = 0Number of asset objects unloaded after import = 1

========================================================================
Received Import Request.
  Time since last request: 0.000063 seconds.
  path: Assets/Grass And Flowers Pack 1/Ground Textures/Materials/Groundplants 1_D 2036.mat
  artifactKey: Guid(6d4dd483bea6de94d9df7269f52a997e) Importer(2089858483,b0f066a214c2f5e87bad3c948f4d605d)
Start importing Assets/Grass And Flowers Pack 1/Ground Textures/Materials/Groundplants 1_D 2036.mat using Guid(6d4dd483bea6de94d9df7269f52a997e) Importer(2089858483,b0f066a214c2f5e87bad3c948f4d605d) (ScriptedImporter) -> (artifact id: 'ed9605dc6caf16c33cd7ca231c71c16d') in 0.0770373 seconds
Number of updated asset objects reloaded before import = 0Number of asset objects unloaded after import = 1

========================================================================
Received Import Request.
  Time since last request: 0.000073 seconds.
  path: Assets/Grass And Flowers Pack 1/Ground Textures/Materials/Groundplants 1_D 2070.mat
  artifactKey: Guid(a7f1d425b8d88354e82ab3d6fb1063a5) Importer(2089858483,b0f066a214c2f5e87bad3c948f4d605d)
Start importing Assets/Grass And Flowers Pack 1/Ground Textures/Materials/Groundplants 1_D 2070.mat using Guid(a7f1d425b8d88354e82ab3d6fb1063a5) Importer(2089858483,b0f066a214c2f5e87bad3c948f4d605d) (ScriptedImporter) -> (artifact id: '05f82452f6fd6e9db2635cfa17043c91') in 0.3336181 seconds
Number of updated asset objects reloaded before import = 0Number of asset objects unloaded after import = 1

========================================================================
Received Import Request.
  Time since last request: 0.000059 seconds.
  path: Assets/Grass And Flowers Pack 1/Ground Textures/Materials/Groundplants 1_D 2018.mat
  artifactKey: Guid(ff058a4956798ac49a0f6d76c8c3e72d) Importer(2089858483,b0f066a214c2f5e87bad3c948f4d605d)
Start importing Assets/Grass And Flowers Pack 1/Ground Textures/Materials/Groundplants 1_D 2018.mat using Guid(ff058a4956798ac49a0f6d76c8c3e72d) Importer(2089858483,b0f066a214c2f5e87bad3c948f4d605d) (ScriptedImporter) -> (artifact id: '956bf1fad6cae396611f651cb37b65a7') in 0.1431854 seconds
Number of updated asset objects reloaded before import = 0Number of asset objects unloaded after import = 1

========================================================================
Received Import Request.
  Time since last request: 0.000071 seconds.
  path: Assets/Grass And Flowers Pack 1/Ground Textures/Materials/Groundplants 1_D 2001.mat
  artifactKey: Guid(7776d5a0e3bee244896d67e3f06cbaac) Importer(2089858483,b0f066a214c2f5e87bad3c948f4d605d)
Start importing Assets/Grass And Flowers Pack 1/Ground Textures/Materials/Groundplants 1_D 2001.mat using Guid(7776d5a0e3bee244896d67e3f06cbaac) Importer(2089858483,b0f066a214c2f5e87bad3c948f4d605d) (ScriptedImporter) -> (artifact id: '86f0e2bd21ccd9cf4e91f2447dc916dd') in 0.1396525 seconds
Number of updated asset objects reloaded before import = 0Number of asset objects unloaded after import = 1

========================================================================
Received Import Request.
  Time since last request: 0.000052 seconds.
  path: Assets/Grass And Flowers Pack 1/Ground Textures/Materials/Groundplants 1_D 2052.mat
  artifactKey: Guid(74df0289b27f068488119db90abb5d37) Importer(2089858483,b0f066a214c2f5e87bad3c948f4d605d)
Start importing Assets/Grass And Flowers Pack 1/Ground Textures/Materials/Groundplants 1_D 2052.mat using Guid(74df0289b27f068488119db90abb5d37) Importer(2089858483,b0f066a214c2f5e87bad3c948f4d605d) (ScriptedImporter) -> (artifact id: 'fe7f06ac58d170a6f10e41d7f0ebc38c') in 0.3646761 seconds
Number of updated asset objects reloaded before import = 0Number of asset objects unloaded after import = 1

========================================================================
Received Import Request.
  Time since last request: 0.000065 seconds.
  path: Assets/Grass And Flowers Pack 1/Ground Textures/Materials/Groundplants 1_D 1991.mat
  artifactKey: Guid(6f311c01d5e8a264cbb59c068abd395a) Importer(2089858483,b0f066a214c2f5e87bad3c948f4d605d)
Start importing Assets/Grass And Flowers Pack 1/Ground Textures/Materials/Groundplants 1_D 1991.mat using Guid(6f311c01d5e8a264cbb59c068abd395a) Importer(2089858483,b0f066a214c2f5e87bad3c948f4d605d) (ScriptedImporter) -> (artifact id: '0faa642b6c7c8e95357c5e166755b129') in 0.0907866 seconds
Number of updated asset objects reloaded before import = 0Number of asset objects unloaded after import = 1

========================================================================
Received Import Request.
  Time since last request: 0.000097 seconds.
  path: Assets/Grass And Flowers Pack 1/Ground Textures/Materials/Groundplants 1_D 2037.mat
  artifactKey: Guid(af1bbdc32bc03dc4b8954a77849672db) Importer(2089858483,b0f066a214c2f5e87bad3c948f4d605d)
Start importing Assets/Grass And Flowers Pack 1/Ground Textures/Materials/Groundplants 1_D 2037.mat using Guid(af1bbdc32bc03dc4b8954a77849672db) Importer(2089858483,b0f066a214c2f5e87bad3c948f4d605d) (ScriptedImporter) -> (artifact id: '6d2cf299f75c3f2dc7e09e932fdf6f9b') in 0.1657229 seconds
Number of updated asset objects reloaded before import = 0Number of asset objects unloaded after import = 1

========================================================================
Received Import Request.
  Time since last request: 0.000072 seconds.
  path: Assets/Grass And Flowers Pack 1/Ground Textures/Materials/Groundplants 1_D 2011.mat
  artifactKey: Guid(5c9bdfd7f468fd74d92a3a5f0555731c) Importer(2089858483,b0f066a214c2f5e87bad3c948f4d605d)
Start importing Assets/Grass And Flowers Pack 1/Ground Textures/Materials/Groundplants 1_D 2011.mat using Guid(5c9bdfd7f468fd74d92a3a5f0555731c) Importer(2089858483,b0f066a214c2f5e87bad3c948f4d605d) (ScriptedImporter) -> (artifact id: 'f0ad0e43c3fc187d3e177b6f0d21786b') in 0.2694703 seconds
Number of updated asset objects reloaded before import = 0Number of asset objects unloaded after import = 1

========================================================================
Received Import Request.
  Time since last request: 0.000043 seconds.
  path: Assets/Grass And Flowers Pack 1/Ground Textures/Materials/Groundplants 1_D 2016.mat
  artifactKey: Guid(3b17d7397b415d04281fb3bf3cf15019) Importer(2089858483,b0f066a214c2f5e87bad3c948f4d605d)
Start importing Assets/Grass And Flowers Pack 1/Ground Textures/Materials/Groundplants 1_D 2016.mat using Guid(3b17d7397b415d04281fb3bf3cf15019) Importer(2089858483,b0f066a214c2f5e87bad3c948f4d605d) (ScriptedImporter) -> (artifact id: '4dd20bf8958c59a0470bf93f9ff337b2') in 0.1782904 seconds
Number of updated asset objects reloaded before import = 0Number of asset objects unloaded after import = 1

========================================================================
Received Import Request.
  Time since last request: 0.000057 seconds.
  path: Assets/Grass And Flowers Pack 1/Ground Textures/Materials/Groundplants 1_D 2067.mat
  artifactKey: Guid(837457b20250c80488b6fcc9400ed55f) Importer(2089858483,b0f066a214c2f5e87bad3c948f4d605d)
Start importing Assets/Grass And Flowers Pack 1/Ground Textures/Materials/Groundplants 1_D 2067.mat using Guid(837457b20250c80488b6fcc9400ed55f) Importer(2089858483,b0f066a214c2f5e87bad3c948f4d605d) (ScriptedImporter) -> (artifact id: '389da2187fbdf477ff57783cfb622b85') in 0.0572799 seconds
Number of updated asset objects reloaded before import = 0Number of asset objects unloaded after import = 1

========================================================================
Received Import Request.
  Time since last request: 0.000050 seconds.
  path: Assets/Grass And Flowers Pack 1/Ground Textures/Materials/Groundplants 1_D 2074.mat
  artifactKey: Guid(e70f58623313d8147a8d327131ffb300) Importer(2089858483,b0f066a214c2f5e87bad3c948f4d605d)
Start importing Assets/Grass And Flowers Pack 1/Ground Textures/Materials/Groundplants 1_D 2074.mat using Guid(e70f58623313d8147a8d327131ffb300) Importer(2089858483,b0f066a214c2f5e87bad3c948f4d605d) (ScriptedImporter) -> (artifact id: '764a7248d34e130ba6fbb3d0569fd45d') in 0.0840264 seconds
Number of updated asset objects reloaded before import = 0Number of asset objects unloaded after import = 1

========================================================================
Received Import Request.
  Time since last request: 0.000083 seconds.
  path: Assets/Grass And Flowers Pack 1/Ground Textures/Materials/Groundplants 1_D 2095.mat
  artifactKey: Guid(d701c4eaee6f6274087c3f04a159362e) Importer(2089858483,b0f066a214c2f5e87bad3c948f4d605d)
Start importing Assets/Grass And Flowers Pack 1/Ground Textures/Materials/Groundplants 1_D 2095.mat using Guid(d701c4eaee6f6274087c3f04a159362e) Importer(2089858483,b0f066a214c2f5e87bad3c948f4d605d) (ScriptedImporter) -> (artifact id: '6992d61d682e19c76c7cff81edbec481') in 0.1046047 seconds
Number of updated asset objects reloaded before import = 0Number of asset objects unloaded after import = 1

========================================================================
Received Import Request.
  Time since last request: 0.000057 seconds.
  path: Assets/Grass And Flowers Pack 1/Ground Textures/Materials/Groundplants 1_D 2107.mat
  artifactKey: Guid(a4add49de67d0ab4cbb20a6017b961a0) Importer(2089858483,b0f066a214c2f5e87bad3c948f4d605d)
Start importing Assets/Grass And Flowers Pack 1/Ground Textures/Materials/Groundplants 1_D 2107.mat using Guid(a4add49de67d0ab4cbb20a6017b961a0) Importer(2089858483,b0f066a214c2f5e87bad3c948f4d605d) (ScriptedImporter) -> (artifact id: '383bb394e44afadc8c05e96ad6165ec7') in 0.0796736 seconds
Number of updated asset objects reloaded before import = 0Number of asset objects unloaded after import = 1

========================================================================
Received Import Request.
  Time since last request: 0.000069 seconds.
  path: Assets/Grass And Flowers Pack 1/Ground Textures/Materials/Groundplants 1_D 1997.mat
  artifactKey: Guid(7c40904303cfe7342a8232688f9ee3ea) Importer(2089858483,b0f066a214c2f5e87bad3c948f4d605d)
Start importing Assets/Grass And Flowers Pack 1/Ground Textures/Materials/Groundplants 1_D 1997.mat using Guid(7c40904303cfe7342a8232688f9ee3ea) Importer(2089858483,b0f066a214c2f5e87bad3c948f4d605d) (ScriptedImporter) -> (artifact id: '655e5687732ed8466c55c5215a8e360e') in 0.1059561 seconds
Number of updated asset objects reloaded before import = 0Number of asset objects unloaded after import = 1

========================================================================
Received Import Request.
  Time since last request: 0.000050 seconds.
  path: Assets/Grass And Flowers Pack 1/Ground Textures/Materials/Groundplants 1_D 2111.mat
  artifactKey: Guid(446fc30ea890e4e4f89ad74292bd6eae) Importer(2089858483,b0f066a214c2f5e87bad3c948f4d605d)
Start importing Assets/Grass And Flowers Pack 1/Ground Textures/Materials/Groundplants 1_D 2111.mat using Guid(446fc30ea890e4e4f89ad74292bd6eae) Importer(2089858483,b0f066a214c2f5e87bad3c948f4d605d) (ScriptedImporter) -> (artifact id: 'ac3e8ca36b7f4123350d212f9974c28b') in 0.082268 seconds
Number of updated asset objects reloaded before import = 0Number of asset objects unloaded after import = 1

========================================================================
Received Import Request.
  Time since last request: 0.000072 seconds.
  path: Assets/Grass And Flowers Pack 1/Ground Textures/Materials/Groundplants 1_D 2063.mat
  artifactKey: Guid(0f8f5977506aa7c4ba89b7933a517a3f) Importer(2089858483,b0f066a214c2f5e87bad3c948f4d605d)
Start importing Assets/Grass And Flowers Pack 1/Ground Textures/Materials/Groundplants 1_D 2063.mat using Guid(0f8f5977506aa7c4ba89b7933a517a3f) Importer(2089858483,b0f066a214c2f5e87bad3c948f4d605d) (ScriptedImporter) -> (artifact id: 'e8f93531c3964f3e42e879e8fc3fb9ed') in 0.0771082 seconds
Number of updated asset objects reloaded before import = 0Number of asset objects unloaded after import = 1

========================================================================
Received Import Request.
  Time since last request: 0.000035 seconds.
  path: Assets/Grass And Flowers Pack 1/Ground Textures/Materials/Groundplants 1_D 2021.mat
  artifactKey: Guid(c38604186f897224e8a57ef1423bab94) Importer(2089858483,b0f066a214c2f5e87bad3c948f4d605d)
Start importing Assets/Grass And Flowers Pack 1/Ground Textures/Materials/Groundplants 1_D 2021.mat using Guid(c38604186f897224e8a57ef1423bab94) Importer(2089858483,b0f066a214c2f5e87bad3c948f4d605d) (ScriptedImporter) -> (artifact id: '0e7b2e089cd740ecdf89561ebaf1e81e') in 0.2427216 seconds
Number of updated asset objects reloaded before import = 0Number of asset objects unloaded after import = 1

========================================================================
Received Import Request.
  Time since last request: 0.000045 seconds.
  path: Assets/Grass And Flowers Pack 1/Ground Textures/Materials/Groundplants 1_D 2024.mat
  artifactKey: Guid(80e67a3e4f3e5bc468397fdf43b383a7) Importer(2089858483,b0f066a214c2f5e87bad3c948f4d605d)
Start importing Assets/Grass And Flowers Pack 1/Ground Textures/Materials/Groundplants 1_D 2024.mat using Guid(80e67a3e4f3e5bc468397fdf43b383a7) Importer(2089858483,b0f066a214c2f5e87bad3c948f4d605d) (ScriptedImporter) -> (artifact id: 'b0700e6319e82b581257c7a69444b4e0') in 0.0452021 seconds
Number of updated asset objects reloaded before import = 0Number of asset objects unloaded after import = 1

========================================================================
Received Import Request.
  Time since last request: 0.000070 seconds.
  path: Assets/Grass And Flowers Pack 1/Ground Textures/Materials/Groundplants 1_D 2047.mat
  artifactKey: Guid(6604680af98d0694ca9e8e25166fe5a7) Importer(2089858483,b0f066a214c2f5e87bad3c948f4d605d)
Start importing Assets/Grass And Flowers Pack 1/Ground Textures/Materials/Groundplants 1_D 2047.mat using Guid(6604680af98d0694ca9e8e25166fe5a7) Importer(2089858483,b0f066a214c2f5e87bad3c948f4d605d) (ScriptedImporter) -> (artifact id: 'cda998f77a80482ddb6412a9adc31908') in 0.0774863 seconds
Number of updated asset objects reloaded before import = 0Number of asset objects unloaded after import = 1

========================================================================
Received Import Request.
  Time since last request: 0.000085 seconds.
  path: Assets/Grass And Flowers Pack 1/Ground Textures/Materials/Groundplants 1_D 2122.mat
  artifactKey: Guid(b9948738149943e41bb7ef6f10930703) Importer(2089858483,b0f066a214c2f5e87bad3c948f4d605d)
Start importing Assets/Grass And Flowers Pack 1/Ground Textures/Materials/Groundplants 1_D 2122.mat using Guid(b9948738149943e41bb7ef6f10930703) Importer(2089858483,b0f066a214c2f5e87bad3c948f4d605d) (ScriptedImporter) -> (artifact id: '8be3af4bc83bfe25deb2b17612fa6ee7') in 0.0666876 seconds
Number of updated asset objects reloaded before import = 0Number of asset objects unloaded after import = 1

========================================================================
Received Import Request.
  Time since last request: 0.000080 seconds.
  path: Assets/Grass And Flowers Pack 1/Ground Textures/Materials/Groundplants 1_D 2108.mat
  artifactKey: Guid(ecfc91ce57eabc04cabb81d02c2b467f) Importer(2089858483,b0f066a214c2f5e87bad3c948f4d605d)
Start importing Assets/Grass And Flowers Pack 1/Ground Textures/Materials/Groundplants 1_D 2108.mat using Guid(ecfc91ce57eabc04cabb81d02c2b467f) Importer(2089858483,b0f066a214c2f5e87bad3c948f4d605d) (ScriptedImporter) -> (artifact id: 'fe332706bc27987e519c90787b74a9b6') in 0.0420634 seconds
Number of updated asset objects reloaded before import = 0Number of asset objects unloaded after import = 1

========================================================================
Received Import Request.
  Time since last request: 0.000057 seconds.
  path: Assets/Grass And Flowers Pack 1/Ground Textures/Materials/Groundplants 1_D 2125.mat
  artifactKey: Guid(48225e4e8ccb7334ea5c8e10daa78339) Importer(2089858483,b0f066a214c2f5e87bad3c948f4d605d)
Start importing Assets/Grass And Flowers Pack 1/Ground Textures/Materials/Groundplants 1_D 2125.mat using Guid(48225e4e8ccb7334ea5c8e10daa78339) Importer(2089858483,b0f066a214c2f5e87bad3c948f4d605d) (ScriptedImporter) -> (artifact id: '035f0f42e2d88a321c9fcf92e5acbc40') in 0.039057 seconds
Number of updated asset objects reloaded before import = 0Number of asset objects unloaded after import = 1

========================================================================
Received Import Request.
  Time since last request: 0.000098 seconds.
  path: Assets/Grass And Flowers Pack 1/Ground Textures/Materials/Groundplants 1_D 2118.mat
  artifactKey: Guid(a34d3f8cf282c984e972fb32fbd13535) Importer(2089858483,b0f066a214c2f5e87bad3c948f4d605d)
Start importing Assets/Grass And Flowers Pack 1/Ground Textures/Materials/Groundplants 1_D 2118.mat using Guid(a34d3f8cf282c984e972fb32fbd13535) Importer(2089858483,b0f066a214c2f5e87bad3c948f4d605d) (ScriptedImporter) -> (artifact id: 'aea29744738a0527057813d18281aded') in 0.0387651 seconds
Number of updated asset objects reloaded before import = 0Number of asset objects unloaded after import = 1

========================================================================
Received Import Request.
  Time since last request: 0.000074 seconds.
  path: Assets/Grass And Flowers Pack 1/Ground Textures/Materials/Groundplants 1_D 2130.mat
  artifactKey: Guid(b49d28e4c51346044b6441295c860e05) Importer(2089858483,b0f066a214c2f5e87bad3c948f4d605d)
Start importing Assets/Grass And Flowers Pack 1/Ground Textures/Materials/Groundplants 1_D 2130.mat using Guid(b49d28e4c51346044b6441295c860e05) Importer(2089858483,b0f066a214c2f5e87bad3c948f4d605d) (ScriptedImporter) -> (artifact id: '7071a0ed2b94d126650a41b2c43f4207') in 0.0444857 seconds
Number of updated asset objects reloaded before import = 0Number of asset objects unloaded after import = 1

========================================================================
Received Import Request.
  Time since last request: 0.000073 seconds.
  path: Assets/Grass And Flowers Pack 1/Ground Textures/Materials/Groundplants 1_D 2082.mat
  artifactKey: Guid(e026088f892c96b4d897d92cb3cd0d61) Importer(2089858483,b0f066a214c2f5e87bad3c948f4d605d)
Start importing Assets/Grass And Flowers Pack 1/Ground Textures/Materials/Groundplants 1_D 2082.mat using Guid(e026088f892c96b4d897d92cb3cd0d61) Importer(2089858483,b0f066a214c2f5e87bad3c948f4d605d) (ScriptedImporter) -> (artifact id: '4970b21af92fb70b01922bb4a0777db0') in 0.039921 seconds
Number of updated asset objects reloaded before import = 0Number of asset objects unloaded after import = 1

========================================================================
Received Import Request.
  Time since last request: 0.000060 seconds.
  path: Assets/Grass And Flowers Pack 1/Ground Textures/Materials/Groundplants 1_D 2041.mat
  artifactKey: Guid(3c049d1441c59bc42b5fa349569c35e2) Importer(2089858483,b0f066a214c2f5e87bad3c948f4d605d)
Start importing Assets/Grass And Flowers Pack 1/Ground Textures/Materials/Groundplants 1_D 2041.mat using Guid(3c049d1441c59bc42b5fa349569c35e2) Importer(2089858483,b0f066a214c2f5e87bad3c948f4d605d) (ScriptedImporter) -> (artifact id: '59394eaa06aa43dd660a6890e85b3c4d') in 0.0382277 seconds
Number of updated asset objects reloaded before import = 0Number of asset objects unloaded after import = 1

========================================================================
Received Import Request.
  Time since last request: 0.000067 seconds.
  path: Assets/Grass And Flowers Pack 1/Ground Textures/Materials/Groundplants 1_D 2109.mat
  artifactKey: Guid(c6399f5fcf4b39d4f9578ce692b97b55) Importer(2089858483,b0f066a214c2f5e87bad3c948f4d605d)
Start importing Assets/Grass And Flowers Pack 1/Ground Textures/Materials/Groundplants 1_D 2109.mat using Guid(c6399f5fcf4b39d4f9578ce692b97b55) Importer(2089858483,b0f066a214c2f5e87bad3c948f4d605d) (ScriptedImporter) -> (artifact id: 'e3ee07a9caf7cd19f6f96c20e5053197') in 0.1233368 seconds
Number of updated asset objects reloaded before import = 0Number of asset objects unloaded after import = 1

========================================================================
Received Import Request.
  Time since last request: 0.000062 seconds.
  path: Assets/Grass And Flowers Pack 1/Ground Textures/Materials/Groundplants 1_D 2057.mat
  artifactKey: Guid(8d00196ee4e143d49bf5bd6fe48ad6c1) Importer(2089858483,b0f066a214c2f5e87bad3c948f4d605d)
Start importing Assets/Grass And Flowers Pack 1/Ground Textures/Materials/Groundplants 1_D 2057.mat using Guid(8d00196ee4e143d49bf5bd6fe48ad6c1) Importer(2089858483,b0f066a214c2f5e87bad3c948f4d605d) (ScriptedImporter) -> (artifact id: 'ebcaf23ecefb5ad0a8f664d5d59035b6') in 0.0869234 seconds
Number of updated asset objects reloaded before import = 0Number of asset objects unloaded after import = 1

========================================================================
Received Import Request.
  Time since last request: 0.000110 seconds.
  path: Assets/Grass And Flowers Pack 1/Ground Textures/Materials/Groundplants 1_D 2138.mat
  artifactKey: Guid(ab1b641a3e6971a42a25fb74e3bccf03) Importer(2089858483,b0f066a214c2f5e87bad3c948f4d605d)
Start importing Assets/Grass And Flowers Pack 1/Ground Textures/Materials/Groundplants 1_D 2138.mat using Guid(ab1b641a3e6971a42a25fb74e3bccf03) Importer(2089858483,b0f066a214c2f5e87bad3c948f4d605d) (ScriptedImporter) -> (artifact id: 'f3f437aaa333b62dd7a59f802db2db26') in 0.0373511 seconds
Number of updated asset objects reloaded before import = 0Number of asset objects unloaded after import = 1

========================================================================
Received Import Request.
  Time since last request: 0.000052 seconds.
  path: Assets/Grass And Flowers Pack 1/Ground Textures/Materials/Groundplants 1_D 2034.mat
  artifactKey: Guid(306c0e04162a9b340b3dc78c2e1e2277) Importer(2089858483,b0f066a214c2f5e87bad3c948f4d605d)
Start importing Assets/Grass And Flowers Pack 1/Ground Textures/Materials/Groundplants 1_D 2034.mat using Guid(306c0e04162a9b340b3dc78c2e1e2277) Importer(2089858483,b0f066a214c2f5e87bad3c948f4d605d) (ScriptedImporter) -> (artifact id: '30a63a7eb5bfcdfda7b0797adf914a0d') in 0.057071 seconds
Number of updated asset objects reloaded before import = 0Number of asset objects unloaded after import = 1

========================================================================
Received Import Request.
  Time since last request: 0.000704 seconds.
  path: Assets/Grass And Flowers Pack 1/Ground Textures/Materials/Groundplants 1_D 2137.mat
  artifactKey: Guid(dbb3135787cf7294c92e9d24a656fb40) Importer(2089858483,b0f066a214c2f5e87bad3c948f4d605d)
Start importing Assets/Grass And Flowers Pack 1/Ground Textures/Materials/Groundplants 1_D 2137.mat using Guid(dbb3135787cf7294c92e9d24a656fb40) Importer(2089858483,b0f066a214c2f5e87bad3c948f4d605d) (ScriptedImporter) -> (artifact id: '08e4a0965b7c4bbc91c86cdd978e8101') in 0.0406894 seconds
Number of updated asset objects reloaded before import = 0Number of asset objects unloaded after import = 1

========================================================================
Received Import Request.
  Time since last request: 0.000100 seconds.
  path: Assets/Grass And Flowers Pack 1/Ground Textures/Materials/Groundplants 1_D 2142.mat
  artifactKey: Guid(93ba5fa65f50e194584822513e2ef991) Importer(2089858483,b0f066a214c2f5e87bad3c948f4d605d)
Start importing Assets/Grass And Flowers Pack 1/Ground Textures/Materials/Groundplants 1_D 2142.mat using Guid(93ba5fa65f50e194584822513e2ef991) Importer(2089858483,b0f066a214c2f5e87bad3c948f4d605d) (ScriptedImporter) -> (artifact id: '06eed4e8cad51a094316032b246c9ca9') in 0.0415138 seconds
Number of updated asset objects reloaded before import = 0Number of asset objects unloaded after import = 1

========================================================================
Received Import Request.
  Time since last request: 0.000067 seconds.
  path: Assets/Grass And Flowers Pack 1/Ground Textures/Materials/Groundplants 1_D 2127.mat
  artifactKey: Guid(1884deba45d7a364083c6df8c43433be) Importer(2089858483,b0f066a214c2f5e87bad3c948f4d605d)
Start importing Assets/Grass And Flowers Pack 1/Ground Textures/Materials/Groundplants 1_D 2127.mat using Guid(1884deba45d7a364083c6df8c43433be) Importer(2089858483,b0f066a214c2f5e87bad3c948f4d605d) (ScriptedImporter) -> (artifact id: '7ce3f6921962f2e2d268aeb34c4b9872') in 0.036859 seconds
Number of updated asset objects reloaded before import = 0Number of asset objects unloaded after import = 1

========================================================================
Received Import Request.
  Time since last request: 0.000070 seconds.
  path: Assets/Grass And Flowers Pack 1/Ground Textures/Materials/Groundplants 1_D 2146.mat
  artifactKey: Guid(c80b253d440d4d14fae8b4e72b998ea0) Importer(2089858483,b0f066a214c2f5e87bad3c948f4d605d)
Start importing Assets/Grass And Flowers Pack 1/Ground Textures/Materials/Groundplants 1_D 2146.mat using Guid(c80b253d440d4d14fae8b4e72b998ea0) Importer(2089858483,b0f066a214c2f5e87bad3c948f4d605d) (ScriptedImporter) -> (artifact id: '4d5fcd06cb5fac3a00d4b41660336817') in 0.0433137 seconds
Number of updated asset objects reloaded before import = 0Number of asset objects unloaded after import = 1

========================================================================
Received Import Request.
  Time since last request: 0.000057 seconds.
  path: Assets/Grass And Flowers Pack 1/Ground Textures/Materials/Groundplants 1_D 2004.mat
  artifactKey: Guid(650dc14d97433354895fb33210801414) Importer(2089858483,b0f066a214c2f5e87bad3c948f4d605d)
Start importing Assets/Grass And Flowers Pack 1/Ground Textures/Materials/Groundplants 1_D 2004.mat using Guid(650dc14d97433354895fb33210801414) Importer(2089858483,b0f066a214c2f5e87bad3c948f4d605d) (ScriptedImporter) -> (artifact id: 'e61a1893b3b74d13917a7ecbe32572cc') in 0.038489 seconds
Number of updated asset objects reloaded before import = 0Number of asset objects unloaded after import = 1

========================================================================
Received Import Request.
  Time since last request: 0.000064 seconds.
  path: Assets/Grass And Flowers Pack 1/Ground Textures/Materials/Groundplants 1_D 2114.mat
  artifactKey: Guid(48aca5a954d326b4aa0a67845f4c1c00) Importer(2089858483,b0f066a214c2f5e87bad3c948f4d605d)
Start importing Assets/Grass And Flowers Pack 1/Ground Textures/Materials/Groundplants 1_D 2114.mat using Guid(48aca5a954d326b4aa0a67845f4c1c00) Importer(2089858483,b0f066a214c2f5e87bad3c948f4d605d) (ScriptedImporter) -> (artifact id: '423f84a8352114d18a9e7e5ad9e44898') in 0.0390371 seconds
Number of updated asset objects reloaded before import = 0Number of asset objects unloaded after import = 1

========================================================================
Received Import Request.
  Time since last request: 0.000062 seconds.
  path: Assets/Grass And Flowers Pack 1/Ground Textures/Materials/Groundplants 1_D 2153.mat
  artifactKey: Guid(c13ebec1c0388ea4b8785541a4010880) Importer(2089858483,b0f066a214c2f5e87bad3c948f4d605d)
Start importing Assets/Grass And Flowers Pack 1/Ground Textures/Materials/Groundplants 1_D 2153.mat using Guid(c13ebec1c0388ea4b8785541a4010880) Importer(2089858483,b0f066a214c2f5e87bad3c948f4d605d) (ScriptedImporter) -> (artifact id: 'c900c1c7c859e2e4b4c49bf9484e2a41') in 0.0568324 seconds
Number of updated asset objects reloaded before import = 0Number of asset objects unloaded after import = 1

========================================================================
Received Import Request.
  Time since last request: 0.000057 seconds.
  path: Assets/Grass And Flowers Pack 1/Ground Textures/Materials/Groundplants 1_D 2094.mat
  artifactKey: Guid(63e480d6bf11a38488188499ab02e250) Importer(2089858483,b0f066a214c2f5e87bad3c948f4d605d)
Start importing Assets/Grass And Flowers Pack 1/Ground Textures/Materials/Groundplants 1_D 2094.mat using Guid(63e480d6bf11a38488188499ab02e250) Importer(2089858483,b0f066a214c2f5e87bad3c948f4d605d) (ScriptedImporter) -> (artifact id: '54fffb114c559a2881ef7ebf81e2caee') in 0.0629533 seconds
Number of updated asset objects reloaded before import = 0Number of asset objects unloaded after import = 1

========================================================================
Received Import Request.
  Time since last request: 0.000043 seconds.
  path: Assets/Grass And Flowers Pack 1/Ground Textures/Materials/Groundplants 1_D 2159.mat
  artifactKey: Guid(c37445653cb2ee74c931df569d347b15) Importer(2089858483,b0f066a214c2f5e87bad3c948f4d605d)
Start importing Assets/Grass And Flowers Pack 1/Ground Textures/Materials/Groundplants 1_D 2159.mat using Guid(c37445653cb2ee74c931df569d347b15) Importer(2089858483,b0f066a214c2f5e87bad3c948f4d605d) (ScriptedImporter) -> (artifact id: '37d851ade60dca537f6930f5df6e579f') in 0.0446378 seconds
Number of updated asset objects reloaded before import = 0Number of asset objects unloaded after import = 1

========================================================================
Received Import Request.
  Time since last request: 0.000087 seconds.
  path: Assets/Grass And Flowers Pack 1/Ground Textures/Materials/Groundplants 1_D 2124.mat
  artifactKey: Guid(baa28d4ddec02694192b27628ac96932) Importer(2089858483,b0f066a214c2f5e87bad3c948f4d605d)
Start importing Assets/Grass And Flowers Pack 1/Ground Textures/Materials/Groundplants 1_D 2124.mat using Guid(baa28d4ddec02694192b27628ac96932) Importer(2089858483,b0f066a214c2f5e87bad3c948f4d605d) (ScriptedImporter) -> (artifact id: 'd865ba47565f1a5fb1dbf61524982243') in 0.0738918 seconds
Number of updated asset objects reloaded before import = 0Number of asset objects unloaded after import = 1

========================================================================
Received Import Request.
  Time since last request: 0.000042 seconds.
  path: Assets/Grass And Flowers Pack 1/Ground Textures/Materials/Groundplants 1_D 2132.mat
  artifactKey: Guid(146804ce028a9a64eb4c9b2c9baab8da) Importer(2089858483,b0f066a214c2f5e87bad3c948f4d605d)
Start importing Assets/Grass And Flowers Pack 1/Ground Textures/Materials/Groundplants 1_D 2132.mat using Guid(146804ce028a9a64eb4c9b2c9baab8da) Importer(2089858483,b0f066a214c2f5e87bad3c948f4d605d) (ScriptedImporter) -> (artifact id: 'cbc939d28cf0ae97480d2290ba3bd8f9') in 0.1343504 seconds
Number of updated asset objects reloaded before import = 0Number of asset objects unloaded after import = 1

========================================================================
Received Import Request.
  Time since last request: 0.000077 seconds.
  path: Assets/Grass And Flowers Pack 1/Ground Textures/Materials/Groundplants 1_D 2164.mat
  artifactKey: Guid(385c9ad668499ed4181bf5a65e7c7b8c) Importer(2089858483,b0f066a214c2f5e87bad3c948f4d605d)
Start importing Assets/Grass And Flowers Pack 1/Ground Textures/Materials/Groundplants 1_D 2164.mat using Guid(385c9ad668499ed4181bf5a65e7c7b8c) Importer(2089858483,b0f066a214c2f5e87bad3c948f4d605d) (ScriptedImporter) -> (artifact id: '29d72087a5947e858a7e7d38c90b2039') in 0.06458 seconds
Number of updated asset objects reloaded before import = 0Number of asset objects unloaded after import = 1

========================================================================
Received Import Request.
  Time since last request: 0.000043 seconds.
  path: Assets/Grass And Flowers Pack 1/Ground Textures/Materials/Groundplants 1_D 2165.mat
  artifactKey: Guid(0eb7c0a76de3b3b40a4e58830a5ece7f) Importer(2089858483,b0f066a214c2f5e87bad3c948f4d605d)
Start importing Assets/Grass And Flowers Pack 1/Ground Textures/Materials/Groundplants 1_D 2165.mat using Guid(0eb7c0a76de3b3b40a4e58830a5ece7f) Importer(2089858483,b0f066a214c2f5e87bad3c948f4d605d) (ScriptedImporter) -> (artifact id: '5ad7cd63d5b89d9e3ff39a39fb9f5cf6') in 0.0469774 seconds
Number of updated asset objects reloaded before import = 0Number of asset objects unloaded after import = 1

========================================================================
Received Import Request.
  Time since last request: 0.000056 seconds.
  path: Assets/Grass And Flowers Pack 1/Ground Textures/Materials/Groundplants 1_D 2166.mat
  artifactKey: Guid(f514db1a33983e74e9db6f92c97a92cf) Importer(2089858483,b0f066a214c2f5e87bad3c948f4d605d)
Start importing Assets/Grass And Flowers Pack 1/Ground Textures/Materials/Groundplants 1_D 2166.mat using Guid(f514db1a33983e74e9db6f92c97a92cf) Importer(2089858483,b0f066a214c2f5e87bad3c948f4d605d) (ScriptedImporter) -> (artifact id: '5c67717f871c4ebc221c13c1543ae06f') in 0.0374191 seconds
Number of updated asset objects reloaded before import = 0Number of asset objects unloaded after import = 1

========================================================================
Received Import Request.
  Time since last request: 0.000232 seconds.
  path: Assets/Grass And Flowers Pack 1/Ground Textures/Materials/Groundplants 1_D 2065.mat
  artifactKey: Guid(eae4cd33015924b4896172a22652e1ac) Importer(2089858483,b0f066a214c2f5e87bad3c948f4d605d)
Start importing Assets/Grass And Flowers Pack 1/Ground Textures/Materials/Groundplants 1_D 2065.mat using Guid(eae4cd33015924b4896172a22652e1ac) Importer(2089858483,b0f066a214c2f5e87bad3c948f4d605d) (ScriptedImporter) -> (artifact id: '6f21e8e0b08f4ac1c8e4ce3c0fc447d2') in 0.0924683 seconds
Number of updated asset objects reloaded before import = 0Number of asset objects unloaded after import = 1

========================================================================
Received Import Request.
  Time since last request: 0.000100 seconds.
  path: Assets/Grass And Flowers Pack 1/Ground Textures/Materials/Groundplants 1_D 1994.mat
  artifactKey: Guid(6b30975f549b20f4ea109c06203ac1f4) Importer(2089858483,b0f066a214c2f5e87bad3c948f4d605d)
Start importing Assets/Grass And Flowers Pack 1/Ground Textures/Materials/Groundplants 1_D 1994.mat using Guid(6b30975f549b20f4ea109c06203ac1f4) Importer(2089858483,b0f066a214c2f5e87bad3c948f4d605d) (ScriptedImporter) -> (artifact id: '3d65529064d0b9d52831a538e90e5ad9') in 0.0379824 seconds
Number of updated asset objects reloaded before import = 0Number of asset objects unloaded after import = 1

========================================================================
Received Import Request.
  Time since last request: 0.000090 seconds.
  path: Assets/Grass And Flowers Pack 1/Ground Textures/Materials/Groundplants 1_D 2175.mat
  artifactKey: Guid(fac7dc607261a0043ba557eedb713bf7) Importer(2089858483,b0f066a214c2f5e87bad3c948f4d605d)
Start importing Assets/Grass And Flowers Pack 1/Ground Textures/Materials/Groundplants 1_D 2175.mat using Guid(fac7dc607261a0043ba557eedb713bf7) Importer(2089858483,b0f066a214c2f5e87bad3c948f4d605d) (ScriptedImporter) -> (artifact id: '37f07fd9c2dc43ea91d13e5541385816') in 0.0377447 seconds
Number of updated asset objects reloaded before import = 0Number of asset objects unloaded after import = 1

========================================================================
Received Import Request.
  Time since last request: 0.000063 seconds.
  path: Assets/Grass And Flowers Pack 1/Ground Textures/Materials/Groundplants 1_D 2143.mat
  artifactKey: Guid(16d15f1ff6ce4fc41bb9f519d4c85524) Importer(2089858483,b0f066a214c2f5e87bad3c948f4d605d)
Start importing Assets/Grass And Flowers Pack 1/Ground Textures/Materials/Groundplants 1_D 2143.mat using Guid(16d15f1ff6ce4fc41bb9f519d4c85524) Importer(2089858483,b0f066a214c2f5e87bad3c948f4d605d) (ScriptedImporter) -> (artifact id: '5f80ce2bafb802d306c70c44f1404564') in 0.0387508 seconds
Number of updated asset objects reloaded before import = 0Number of asset objects unloaded after import = 1

========================================================================
Received Import Request.
  Time since last request: 0.000082 seconds.
  path: Assets/Grass And Flowers Pack 1/Ground Textures/Materials/Groundplants 1_D 2098.mat
  artifactKey: Guid(bec77b8791e4d144ab27a2ec02c788bb) Importer(2089858483,b0f066a214c2f5e87bad3c948f4d605d)
Start importing Assets/Grass And Flowers Pack 1/Ground Textures/Materials/Groundplants 1_D 2098.mat using Guid(bec77b8791e4d144ab27a2ec02c788bb) Importer(2089858483,b0f066a214c2f5e87bad3c948f4d605d) (ScriptedImporter) -> (artifact id: '9013024660cc6a63bb8770acf5a4c3d4') in 0.0373692 seconds
Number of updated asset objects reloaded before import = 0Number of asset objects unloaded after import = 1

========================================================================
Received Import Request.
  Time since last request: 0.000064 seconds.
  path: Assets/Grass And Flowers Pack 1/Ground Textures/Materials/Groundplants 1_D 2178.mat
  artifactKey: Guid(688e5fd2dc8094b499de2bf2adfac6f8) Importer(2089858483,b0f066a214c2f5e87bad3c948f4d605d)
Start importing Assets/Grass And Flowers Pack 1/Ground Textures/Materials/Groundplants 1_D 2178.mat using Guid(688e5fd2dc8094b499de2bf2adfac6f8) Importer(2089858483,b0f066a214c2f5e87bad3c948f4d605d) (ScriptedImporter) -> (artifact id: '4b4991938e5627422deeb6aab7f043a7') in 0.0370697 seconds
Number of updated asset objects reloaded before import = 0Number of asset objects unloaded after import = 1

========================================================================
Received Import Request.
  Time since last request: 0.000051 seconds.
  path: Assets/Grass And Flowers Pack 1/Ground Textures/Materials/Groundplants 1_D 1982.mat
  artifactKey: Guid(91675cc1ee36ce14bbcd90209afc87f6) Importer(2089858483,b0f066a214c2f5e87bad3c948f4d605d)
Start importing Assets/Grass And Flowers Pack 1/Ground Textures/Materials/Groundplants 1_D 1982.mat using Guid(91675cc1ee36ce14bbcd90209afc87f6) Importer(2089858483,b0f066a214c2f5e87bad3c948f4d605d) (ScriptedImporter) -> (artifact id: 'aff6c7cdfdb09a0079d2344e1b05e8ef') in 0.0408093 seconds
Number of updated asset objects reloaded before import = 0Number of asset objects unloaded after import = 1

========================================================================
Received Import Request.
  Time since last request: 0.000070 seconds.
  path: Assets/Grass And Flowers Pack 1/Ground Textures/Materials/Groundplants 1_D 2054.mat
  artifactKey: Guid(30ccf6fe36a6d694db46932e5b8532b4) Importer(2089858483,b0f066a214c2f5e87bad3c948f4d605d)
Start importing Assets/Grass And Flowers Pack 1/Ground Textures/Materials/Groundplants 1_D 2054.mat using Guid(30ccf6fe36a6d694db46932e5b8532b4) Importer(2089858483,b0f066a214c2f5e87bad3c948f4d605d) (ScriptedImporter) -> (artifact id: '9cefc1a9798e8d930ded156ba3ed0e89') in 0.042591 seconds
Number of updated asset objects reloaded before import = 0Number of asset objects unloaded after import = 1

========================================================================
Received Import Request.
  Time since last request: 0.000108 seconds.
  path: Assets/Grass And Flowers Pack 1/Ground Textures/Materials/Groundplants 1_D 2186.mat
  artifactKey: Guid(eafa3c37bcbe14941ac7066c7f5e9db8) Importer(2089858483,b0f066a214c2f5e87bad3c948f4d605d)
Start importing Assets/Grass And Flowers Pack 1/Ground Textures/Materials/Groundplants 1_D 2186.mat using Guid(eafa3c37bcbe14941ac7066c7f5e9db8) Importer(2089858483,b0f066a214c2f5e87bad3c948f4d605d) (ScriptedImporter) -> (artifact id: '38e0027bb56c7fbf9ac8f0f7f6bbab9c') in 0.0394059 seconds
Number of updated asset objects reloaded before import = 0Number of asset objects unloaded after import = 1

========================================================================
Received Import Request.
  Time since last request: 0.000106 seconds.
  path: Assets/Grass And Flowers Pack 1/Ground Textures/Materials/Groundplants 1_D 2187.mat
  artifactKey: Guid(72837ce2c7be6ab4784cc89d94a0b576) Importer(2089858483,b0f066a214c2f5e87bad3c948f4d605d)
Start importing Assets/Grass And Flowers Pack 1/Ground Textures/Materials/Groundplants 1_D 2187.mat using Guid(72837ce2c7be6ab4784cc89d94a0b576) Importer(2089858483,b0f066a214c2f5e87bad3c948f4d605d) (ScriptedImporter) -> (artifact id: 'cb000806a24651503e48afd9cce49793') in 0.0394899 seconds
Number of updated asset objects reloaded before import = 0Number of asset objects unloaded after import = 1

========================================================================
Received Import Request.
  Time since last request: 0.000041 seconds.
  path: Assets/Grass And Flowers Pack 1/Ground Textures/Materials/Groundplants 1_D 2083.mat
  artifactKey: Guid(bf191303e2f752746a32ca4a7edc6ae3) Importer(2089858483,b0f066a214c2f5e87bad3c948f4d605d)
Start importing Assets/Grass And Flowers Pack 1/Ground Textures/Materials/Groundplants 1_D 2083.mat using Guid(bf191303e2f752746a32ca4a7edc6ae3) Importer(2089858483,b0f066a214c2f5e87bad3c948f4d605d) (ScriptedImporter) -> (artifact id: 'b31c97cb7b3dd34a13398bc83b04c8f8') in 0.0387934 seconds
Number of updated asset objects reloaded before import = 0Number of asset objects unloaded after import = 1

========================================================================
Received Import Request.
  Time since last request: 0.000045 seconds.
  path: Assets/Grass And Flowers Pack 1/Ground Textures/Materials/Groundplants 1_D 2144.mat
  artifactKey: Guid(ff6e2940eb29af749abf62c344552b93) Importer(2089858483,b0f066a214c2f5e87bad3c948f4d605d)
Start importing Assets/Grass And Flowers Pack 1/Ground Textures/Materials/Groundplants 1_D 2144.mat using Guid(ff6e2940eb29af749abf62c344552b93) Importer(2089858483,b0f066a214c2f5e87bad3c948f4d605d) (ScriptedImporter) -> (artifact id: '6986c5aedca354ad1690388abc334792') in 0.1762567 seconds
Number of updated asset objects reloaded before import = 0Number of asset objects unloaded after import = 1

========================================================================
Received Import Request.
  Time since last request: 0.000068 seconds.
  path: Assets/Grass And Flowers Pack 1/Ground Textures/Materials/Groundplants 1_D 2196.mat
  artifactKey: Guid(f675f40cec38fa242b8d658fdde32ffa) Importer(2089858483,b0f066a214c2f5e87bad3c948f4d605d)
Start importing Assets/Grass And Flowers Pack 1/Ground Textures/Materials/Groundplants 1_D 2196.mat using Guid(f675f40cec38fa242b8d658fdde32ffa) Importer(2089858483,b0f066a214c2f5e87bad3c948f4d605d) (ScriptedImporter) -> (artifact id: '3d372802bdf8eb08ed4c471928b906bc') in 0.0646814 seconds
Number of updated asset objects reloaded before import = 0Number of asset objects unloaded after import = 1

========================================================================
Received Import Request.
  Time since last request: 0.000057 seconds.
  path: Assets/Grass And Flowers Pack 1/Ground Textures/Materials/Groundplants 1_D 2194.mat
  artifactKey: Guid(145e9d0b79a06544594eda92f5f57dac) Importer(2089858483,b0f066a214c2f5e87bad3c948f4d605d)
Start importing Assets/Grass And Flowers Pack 1/Ground Textures/Materials/Groundplants 1_D 2194.mat using Guid(145e9d0b79a06544594eda92f5f57dac) Importer(2089858483,b0f066a214c2f5e87bad3c948f4d605d) (ScriptedImporter) -> (artifact id: '33633fdbdd4ac03f12ecb0d15de93fd1') in 0.0542427 seconds
Number of updated asset objects reloaded before import = 0Number of asset objects unloaded after import = 1

========================================================================
Received Import Request.
  Time since last request: 0.000068 seconds.
  path: Assets/Grass And Flowers Pack 1/Ground Textures/Materials/Groundplants 1_D 2197.mat
  artifactKey: Guid(518196648f2d446419948eaaf0a433ae) Importer(2089858483,b0f066a214c2f5e87bad3c948f4d605d)
Start importing Assets/Grass And Flowers Pack 1/Ground Textures/Materials/Groundplants 1_D 2197.mat using Guid(518196648f2d446419948eaaf0a433ae) Importer(2089858483,b0f066a214c2f5e87bad3c948f4d605d) (ScriptedImporter) -> (artifact id: '45db78f9de4245e761bf14e9df318736') in 0.0397453 seconds
Number of updated asset objects reloaded before import = 0Number of asset objects unloaded after import = 1

========================================================================
Received Import Request.
  Time since last request: 0.000066 seconds.
  path: Assets/Grass And Flowers Pack 1/Ground Textures/Materials/Groundplants 1_D 2126.mat
  artifactKey: Guid(6ec67cfdcffa9ef458eafdcb3994e629) Importer(2089858483,b0f066a214c2f5e87bad3c948f4d605d)
Start importing Assets/Grass And Flowers Pack 1/Ground Textures/Materials/Groundplants 1_D 2126.mat using Guid(6ec67cfdcffa9ef458eafdcb3994e629) Importer(2089858483,b0f066a214c2f5e87bad3c948f4d605d) (ScriptedImporter) -> (artifact id: 'c9f7cfbd17db2ddcc181aa8d3d10a2dc') in 0.0464601 seconds
Number of updated asset objects reloaded before import = 0Number of asset objects unloaded after import = 1

========================================================================
Received Import Request.
  Time since last request: 0.000049 seconds.
  path: Assets/Grass And Flowers Pack 1/Ground Textures/Materials/Groundplants 1_D 2172.mat
  artifactKey: Guid(8ff3bad3bd3fc2e44a968ebf67041d96) Importer(2089858483,b0f066a214c2f5e87bad3c948f4d605d)
Start importing Assets/Grass And Flowers Pack 1/Ground Textures/Materials/Groundplants 1_D 2172.mat using Guid(8ff3bad3bd3fc2e44a968ebf67041d96) Importer(2089858483,b0f066a214c2f5e87bad3c948f4d605d) (ScriptedImporter) -> (artifact id: 'd72bda6e0e58ca09c01a4b8ac35faa65') in 0.0390895 seconds
Number of updated asset objects reloaded before import = 0Number of asset objects unloaded after import = 1

========================================================================
Received Import Request.
  Time since last request: 0.000090 seconds.
  path: Assets/Grass And Flowers Pack 1/Ground Textures/Materials/Groundplants 1_D 2205.mat
  artifactKey: Guid(f7c7ac6fc988da14a8df0c96e3a0fd5c) Importer(2089858483,b0f066a214c2f5e87bad3c948f4d605d)
Start importing Assets/Grass And Flowers Pack 1/Ground Textures/Materials/Groundplants 1_D 2205.mat using Guid(f7c7ac6fc988da14a8df0c96e3a0fd5c) Importer(2089858483,b0f066a214c2f5e87bad3c948f4d605d) (ScriptedImporter) -> (artifact id: '7817fd9f4ae7cfb5fe8718936637287e') in 0.0463627 seconds
Number of updated asset objects reloaded before import = 0Number of asset objects unloaded after import = 1

========================================================================
Received Import Request.
  Time since last request: 0.000042 seconds.
  path: Assets/Grass And Flowers Pack 1/Ground Textures/Materials/Groundplants 1_D 2202.mat
  artifactKey: Guid(1530310c31f83af44854147da6d3900b) Importer(2089858483,b0f066a214c2f5e87bad3c948f4d605d)
Start importing Assets/Grass And Flowers Pack 1/Ground Textures/Materials/Groundplants 1_D 2202.mat using Guid(1530310c31f83af44854147da6d3900b) Importer(2089858483,b0f066a214c2f5e87bad3c948f4d605d) (ScriptedImporter) -> (artifact id: '8fb7804d8730258ae82f3555b2bb4cc0') in 0.0425039 seconds
Number of updated asset objects reloaded before import = 0Number of asset objects unloaded after import = 1

========================================================================
Received Import Request.
  Time since last request: 0.000038 seconds.
  path: Assets/Grass And Flowers Pack 1/Ground Textures/Materials/Groundplants 1_D 2209.mat
  artifactKey: Guid(a1734ea1f865b0449a75cc4a21392386) Importer(2089858483,b0f066a214c2f5e87bad3c948f4d605d)
Start importing Assets/Grass And Flowers Pack 1/Ground Textures/Materials/Groundplants 1_D 2209.mat using Guid(a1734ea1f865b0449a75cc4a21392386) Importer(2089858483,b0f066a214c2f5e87bad3c948f4d605d) (ScriptedImporter) -> (artifact id: '8fdee693fc3ac761ab2a2da87661b3e8') in 0.0449724 seconds
Number of updated asset objects reloaded before import = 0Number of asset objects unloaded after import = 1

========================================================================
Received Import Request.
  Time since last request: 0.000064 seconds.
  path: Assets/Grass And Flowers Pack 1/Ground Textures/Materials/Groundplants 1_D 2210.mat
  artifactKey: Guid(d605352b71f73d04eac989cf523f9ca5) Importer(2089858483,b0f066a214c2f5e87bad3c948f4d605d)
Start importing Assets/Grass And Flowers Pack 1/Ground Textures/Materials/Groundplants 1_D 2210.mat using Guid(d605352b71f73d04eac989cf523f9ca5) Importer(2089858483,b0f066a214c2f5e87bad3c948f4d605d) (ScriptedImporter) -> (artifact id: '2fe150f3ea9be7181e82ff947290bacf') in 0.0441995 seconds
Number of updated asset objects reloaded before import = 0Number of asset objects unloaded after import = 1

========================================================================
Received Import Request.
  Time since last request: 0.000041 seconds.
  path: Assets/Grass And Flowers Pack 1/Ground Textures/Materials/Groundplants 1_D 2090.mat
  artifactKey: Guid(94664c0e54b6e674b98f268d58688526) Importer(2089858483,b0f066a214c2f5e87bad3c948f4d605d)
Start importing Assets/Grass And Flowers Pack 1/Ground Textures/Materials/Groundplants 1_D 2090.mat using Guid(94664c0e54b6e674b98f268d58688526) Importer(2089858483,b0f066a214c2f5e87bad3c948f4d605d) (ScriptedImporter) -> (artifact id: '90756d8eec73583311231994d4406f9b') in 0.0431289 seconds
Number of updated asset objects reloaded before import = 0Number of asset objects unloaded after import = 1

========================================================================
Received Import Request.
  Time since last request: 0.000052 seconds.
  path: Assets/Grass And Flowers Pack 1/Ground Textures/Materials/Groundplants 1_D 2216.mat
  artifactKey: Guid(6b091e43ba39e6d4282949e68558eaef) Importer(2089858483,b0f066a214c2f5e87bad3c948f4d605d)
Start importing Assets/Grass And Flowers Pack 1/Ground Textures/Materials/Groundplants 1_D 2216.mat using Guid(6b091e43ba39e6d4282949e68558eaef) Importer(2089858483,b0f066a214c2f5e87bad3c948f4d605d) (ScriptedImporter) -> (artifact id: '0a57da1205a71bfc3a2db5fd6eb946c9') in 0.0447987 seconds
Number of updated asset objects reloaded before import = 0Number of asset objects unloaded after import = 1

========================================================================
Received Import Request.
  Time since last request: 0.000087 seconds.
  path: Assets/Grass And Flowers Pack 1/Ground Textures/Materials/Groundplants 1_D 2213.mat
  artifactKey: Guid(e181478cbf5ad5548a170fa09873bf82) Importer(2089858483,b0f066a214c2f5e87bad3c948f4d605d)
Start importing Assets/Grass And Flowers Pack 1/Ground Textures/Materials/Groundplants 1_D 2213.mat using Guid(e181478cbf5ad5548a170fa09873bf82) Importer(2089858483,b0f066a214c2f5e87bad3c948f4d605d) (ScriptedImporter) -> (artifact id: 'e2979167890f50d6f578ed0b2adde960') in 0.0491695 seconds
Number of updated asset objects reloaded before import = 0Number of asset objects unloaded after import = 1

========================================================================
Received Import Request.
  Time since last request: 0.000060 seconds.
  path: Assets/Grass And Flowers Pack 1/Ground Textures/Materials/Groundplants 1_D 2220.mat
  artifactKey: Guid(2c78ff16a45332846b3b839a7c3a9bf9) Importer(2089858483,b0f066a214c2f5e87bad3c948f4d605d)
Start importing Assets/Grass And Flowers Pack 1/Ground Textures/Materials/Groundplants 1_D 2220.mat using Guid(2c78ff16a45332846b3b839a7c3a9bf9) Importer(2089858483,b0f066a214c2f5e87bad3c948f4d605d) (ScriptedImporter) -> (artifact id: '8baf6a8516a77284e12b5d2b830f6e72') in 0.0375581 seconds
Number of updated asset objects reloaded before import = 0Number of asset objects unloaded after import = 1

========================================================================
Received Import Request.
  Time since last request: 0.000053 seconds.
  path: Assets/Grass And Flowers Pack 1/Ground Textures/Materials/Groundplants 1_D 2039.mat
  artifactKey: Guid(e8049550f92170d46bb40b7bf828d3d9) Importer(2089858483,b0f066a214c2f5e87bad3c948f4d605d)
Start importing Assets/Grass And Flowers Pack 1/Ground Textures/Materials/Groundplants 1_D 2039.mat using Guid(e8049550f92170d46bb40b7bf828d3d9) Importer(2089858483,b0f066a214c2f5e87bad3c948f4d605d) (ScriptedImporter) -> (artifact id: '752b49f023747313f22f1c5b4ae296c3') in 0.0394141 seconds
Number of updated asset objects reloaded before import = 0Number of asset objects unloaded after import = 1

========================================================================
Received Import Request.
  Time since last request: 0.000044 seconds.
  path: Assets/Grass And Flowers Pack 1/Ground Textures/Materials/Groundplants 1_D 2088.mat
  artifactKey: Guid(e0f62decc4db0034c87e635f6e7628ec) Importer(2089858483,b0f066a214c2f5e87bad3c948f4d605d)
Start importing Assets/Grass And Flowers Pack 1/Ground Textures/Materials/Groundplants 1_D 2088.mat using Guid(e0f62decc4db0034c87e635f6e7628ec) Importer(2089858483,b0f066a214c2f5e87bad3c948f4d605d) (ScriptedImporter) -> (artifact id: '59d960a92fc24a5a9e4e3636bad2e2ec') in 0.0380207 seconds
Number of updated asset objects reloaded before import = 0Number of asset objects unloaded after import = 1

========================================================================
Received Import Request.
  Time since last request: 0.000068 seconds.
  path: Assets/Grass And Flowers Pack 1/Ground Textures/Materials/Groundplants 1_D 2222.mat
  artifactKey: Guid(c2c7501e61a82de419c701c8f02e8c4d) Importer(2089858483,b0f066a214c2f5e87bad3c948f4d605d)
Start importing Assets/Grass And Flowers Pack 1/Ground Textures/Materials/Groundplants 1_D 2222.mat using Guid(c2c7501e61a82de419c701c8f02e8c4d) Importer(2089858483,b0f066a214c2f5e87bad3c948f4d605d) (ScriptedImporter) -> (artifact id: 'b9912966ac5b8509ea4f96daea514ce8') in 0.0388666 seconds
Number of updated asset objects reloaded before import = 0Number of asset objects unloaded after import = 1

========================================================================
Received Import Request.
  Time since last request: 0.000035 seconds.
  path: Assets/Grass And Flowers Pack 1/Ground Textures/Materials/Groundplants 1_D 2134.mat
  artifactKey: Guid(47a51a60c09843a4f9cde5fb851391ee) Importer(2089858483,b0f066a214c2f5e87bad3c948f4d605d)
Start importing Assets/Grass And Flowers Pack 1/Ground Textures/Materials/Groundplants 1_D 2134.mat using Guid(47a51a60c09843a4f9cde5fb851391ee) Importer(2089858483,b0f066a214c2f5e87bad3c948f4d605d) (ScriptedImporter) -> (artifact id: '0a1978af2adafdc0988c9d49a7873629') in 0.0410512 seconds
Number of updated asset objects reloaded before import = 0Number of asset objects unloaded after import = 1

========================================================================
Received Import Request.
  Time since last request: 0.000069 seconds.
  path: Assets/Grass And Flowers Pack 1/Ground Textures/Materials/Groundplants 1_D 2007.mat
  artifactKey: Guid(7b499dd0d2b7f484cbf81ded6788b62b) Importer(2089858483,b0f066a214c2f5e87bad3c948f4d605d)
Start importing Assets/Grass And Flowers Pack 1/Ground Textures/Materials/Groundplants 1_D 2007.mat using Guid(7b499dd0d2b7f484cbf81ded6788b62b) Importer(2089858483,b0f066a214c2f5e87bad3c948f4d605d) (ScriptedImporter) -> (artifact id: '6466e9245723ecd77efe4297b8456066') in 0.0349818 seconds
Number of updated asset objects reloaded before import = 0Number of asset objects unloaded after import = 1

========================================================================
Received Import Request.
  Time since last request: 0.000073 seconds.
  path: Assets/Grass And Flowers Pack 1/Ground Textures/Materials/Groundplants 1_D 2228.mat
  artifactKey: Guid(33bda2645ff2bb944bdd5f0ce31cbc4e) Importer(2089858483,b0f066a214c2f5e87bad3c948f4d605d)
Start importing Assets/Grass And Flowers Pack 1/Ground Textures/Materials/Groundplants 1_D 2228.mat using Guid(33bda2645ff2bb944bdd5f0ce31cbc4e) Importer(2089858483,b0f066a214c2f5e87bad3c948f4d605d) (ScriptedImporter) -> (artifact id: '7ff1e1c48e848bf4544e23b3eae32a22') in 0.0406102 seconds
Number of updated asset objects reloaded before import = 0Number of asset objects unloaded after import = 1

========================================================================
Received Import Request.
  Time since last request: 0.000044 seconds.
  path: Assets/Grass And Flowers Pack 1/Ground Textures/Materials/Groundplants 1_D 2229.mat
  artifactKey: Guid(3e3d09a48bbb0d64c9cc9c782f96c783) Importer(2089858483,b0f066a214c2f5e87bad3c948f4d605d)
Start importing Assets/Grass And Flowers Pack 1/Ground Textures/Materials/Groundplants 1_D 2229.mat using Guid(3e3d09a48bbb0d64c9cc9c782f96c783) Importer(2089858483,b0f066a214c2f5e87bad3c948f4d605d) (ScriptedImporter) -> (artifact id: '3bb5816d4a916f3021ea01821b0b505a') in 0.0396221 seconds
Number of updated asset objects reloaded before import = 0Number of asset objects unloaded after import = 1

========================================================================
Received Import Request.
  Time since last request: 0.000092 seconds.
  path: Assets/Grass And Flowers Pack 1/Ground Textures/Materials/Groundplants 1_D 2235.mat
  artifactKey: Guid(5e5a294dd7db19b4e938b76eb9a0a0c0) Importer(2089858483,b0f066a214c2f5e87bad3c948f4d605d)
Start importing Assets/Grass And Flowers Pack 1/Ground Textures/Materials/Groundplants 1_D 2235.mat using Guid(5e5a294dd7db19b4e938b76eb9a0a0c0) Importer(2089858483,b0f066a214c2f5e87bad3c948f4d605d) (ScriptedImporter) -> (artifact id: '9111369f47e5f7092e05d8b50d2c7a3e') in 0.0381251 seconds
Number of updated asset objects reloaded before import = 0Number of asset objects unloaded after import = 1

========================================================================
Received Import Request.
  Time since last request: 0.000044 seconds.
  path: Assets/Grass And Flowers Pack 1/Ground Textures/Materials/Groundplants 1_D 2204.mat
  artifactKey: Guid(1abc5ed56453fc948a2e197ea04c914a) Importer(2089858483,b0f066a214c2f5e87bad3c948f4d605d)
Start importing Assets/Grass And Flowers Pack 1/Ground Textures/Materials/Groundplants 1_D 2204.mat using Guid(1abc5ed56453fc948a2e197ea04c914a) Importer(2089858483,b0f066a214c2f5e87bad3c948f4d605d) (ScriptedImporter) -> (artifact id: 'e2777e49a0b2528392e5e4cc634a2a02') in 0.0360739 seconds
Number of updated asset objects reloaded before import = 0Number of asset objects unloaded after import = 1

========================================================================
Received Import Request.
  Time since last request: 0.000052 seconds.
  path: Assets/Grass And Flowers Pack 1/Ground Textures/Materials/Groundplants 1_D 2061.mat
  artifactKey: Guid(fd83f4940dd70224d82fe134c53d3120) Importer(2089858483,b0f066a214c2f5e87bad3c948f4d605d)
Start importing Assets/Grass And Flowers Pack 1/Ground Textures/Materials/Groundplants 1_D 2061.mat using Guid(fd83f4940dd70224d82fe134c53d3120) Importer(2089858483,b0f066a214c2f5e87bad3c948f4d605d) (ScriptedImporter) -> (artifact id: '56383a018f77e2bf0518dc677ac40084') in 0.0471918 seconds
Number of updated asset objects reloaded before import = 0Number of asset objects unloaded after import = 1

========================================================================
Received Import Request.
  Time since last request: 0.000085 seconds.
  path: Assets/Grass And Flowers Pack 1/Ground Textures/Materials/Groundplants 1_D 2238.mat
  artifactKey: Guid(fd78e94066215964e903b674f26ffcf1) Importer(2089858483,b0f066a214c2f5e87bad3c948f4d605d)
Start importing Assets/Grass And Flowers Pack 1/Ground Textures/Materials/Groundplants 1_D 2238.mat using Guid(fd78e94066215964e903b674f26ffcf1) Importer(2089858483,b0f066a214c2f5e87bad3c948f4d605d) (ScriptedImporter) -> (artifact id: 'ddcd91a2535b7d3bd1eb008fb4c341ca') in 0.0478619 seconds
Number of updated asset objects reloaded before import = 0Number of asset objects unloaded after import = 1

========================================================================
Received Import Request.
  Time since last request: 0.000041 seconds.
  path: Assets/Grass And Flowers Pack 1/Ground Textures/Materials/Groundplants 1_D 2242.mat
  artifactKey: Guid(3b0196a1d06fe0248b64a98a751c3dba) Importer(2089858483,b0f066a214c2f5e87bad3c948f4d605d)
Start importing Assets/Grass And Flowers Pack 1/Ground Textures/Materials/Groundplants 1_D 2242.mat using Guid(3b0196a1d06fe0248b64a98a751c3dba) Importer(2089858483,b0f066a214c2f5e87bad3c948f4d605d) (ScriptedImporter) -> (artifact id: '7b313032ce3b102fd976727c5356dd78') in 0.0431573 seconds
Number of updated asset objects reloaded before import = 0Number of asset objects unloaded after import = 1

========================================================================
Received Import Request.
  Time since last request: 0.000064 seconds.
  path: Assets/Grass And Flowers Pack 1/Ground Textures/Materials/Groundplants 1_D 2243.mat
  artifactKey: Guid(0881a557bbbaa47478b3d77a0e320ef1) Importer(2089858483,b0f066a214c2f5e87bad3c948f4d605d)
Start importing Assets/Grass And Flowers Pack 1/Ground Textures/Materials/Groundplants 1_D 2243.mat using Guid(0881a557bbbaa47478b3d77a0e320ef1) Importer(2089858483,b0f066a214c2f5e87bad3c948f4d605d) (ScriptedImporter) -> (artifact id: '678e59b5b07914eed7b7fd33b6a5e840') in 0.043651 seconds
Number of updated asset objects reloaded before import = 0Number of asset objects unloaded after import = 1

========================================================================
Received Import Request.
  Time since last request: 0.000060 seconds.
  path: Assets/Grass And Flowers Pack 1/Ground Textures/Materials/Groundplants 1_D 2028.mat
  artifactKey: Guid(8435639239c89fb47bd1e44f037511c4) Importer(2089858483,b0f066a214c2f5e87bad3c948f4d605d)
Start importing Assets/Grass And Flowers Pack 1/Ground Textures/Materials/Groundplants 1_D 2028.mat using Guid(8435639239c89fb47bd1e44f037511c4) Importer(2089858483,b0f066a214c2f5e87bad3c948f4d605d) (ScriptedImporter) -> (artifact id: '6fde00b7ac66cb594fca1bbc36006884') in 0.0654273 seconds
Number of updated asset objects reloaded before import = 0Number of asset objects unloaded after import = 1

========================================================================
Received Import Request.
  Time since last request: 0.000097 seconds.
  path: Assets/Grass And Flowers Pack 1/Ground Textures/Materials/Groundplants 1_D 2177.mat
  artifactKey: Guid(a35ccbdaa03d3824fb2fd0befc3d1444) Importer(2089858483,b0f066a214c2f5e87bad3c948f4d605d)
Start importing Assets/Grass And Flowers Pack 1/Ground Textures/Materials/Groundplants 1_D 2177.mat using Guid(a35ccbdaa03d3824fb2fd0befc3d1444) Importer(2089858483,b0f066a214c2f5e87bad3c948f4d605d) (ScriptedImporter) -> (artifact id: '335f638512439addec8b0543c1792e9c') in 0.0512404 seconds
Number of updated asset objects reloaded before import = 0Number of asset objects unloaded after import = 1

========================================================================
Received Import Request.
  Time since last request: 0.000058 seconds.
  path: Assets/Grass And Flowers Pack 1/Ground Textures/Materials/Groundplants 1_D 2250.mat
  artifactKey: Guid(982f57ebf391a6546a079aff5df9baee) Importer(2089858483,b0f066a214c2f5e87bad3c948f4d605d)
Start importing Assets/Grass And Flowers Pack 1/Ground Textures/Materials/Groundplants 1_D 2250.mat using Guid(982f57ebf391a6546a079aff5df9baee) Importer(2089858483,b0f066a214c2f5e87bad3c948f4d605d) (ScriptedImporter) -> (artifact id: '4e7e5c0c918fd1c037fef739e86ae35e') in 0.0388877 seconds
Number of updated asset objects reloaded before import = 0Number of asset objects unloaded after import = 1

========================================================================
Received Import Request.
  Time since last request: 0.000073 seconds.
  path: Assets/Grass And Flowers Pack 1/Ground Textures/Materials/Groundplants 1_D 1985.mat
  artifactKey: Guid(95b692e962b102248a5af7814071e745) Importer(2089858483,b0f066a214c2f5e87bad3c948f4d605d)
Start importing Assets/Grass And Flowers Pack 1/Ground Textures/Materials/Groundplants 1_D 1985.mat using Guid(95b692e962b102248a5af7814071e745) Importer(2089858483,b0f066a214c2f5e87bad3c948f4d605d) (ScriptedImporter) -> (artifact id: 'f77be6e375fa0bb9b9ec2b9f3d0c1c69') in 0.0415427 seconds
Number of updated asset objects reloaded before import = 0Number of asset objects unloaded after import = 1

========================================================================
Received Import Request.
  Time since last request: 0.000043 seconds.
  path: Assets/Grass And Flowers Pack 1/Ground Textures/Materials/Groundplants 1_D 2259.mat
  artifactKey: Guid(381931aa2d8b9fd40945ad5b3257fa04) Importer(2089858483,b0f066a214c2f5e87bad3c948f4d605d)
Start importing Assets/Grass And Flowers Pack 1/Ground Textures/Materials/Groundplants 1_D 2259.mat using Guid(381931aa2d8b9fd40945ad5b3257fa04) Importer(2089858483,b0f066a214c2f5e87bad3c948f4d605d) (ScriptedImporter) -> (artifact id: '752c4e1c926b5d786ae44ee3f4328d2d') in 0.0458697 seconds
Number of updated asset objects reloaded before import = 0Number of asset objects unloaded after import = 1

========================================================================
Received Import Request.
  Time since last request: 0.000097 seconds.
  path: Assets/Grass And Flowers Pack 1/Ground Textures/Materials/Groundplants 1_D 2245.mat
  artifactKey: Guid(75cbbc60d50e69f499868389cfd647d2) Importer(2089858483,b0f066a214c2f5e87bad3c948f4d605d)
Start importing Assets/Grass And Flowers Pack 1/Ground Textures/Materials/Groundplants 1_D 2245.mat using Guid(75cbbc60d50e69f499868389cfd647d2) Importer(2089858483,b0f066a214c2f5e87bad3c948f4d605d) (ScriptedImporter) -> (artifact id: '5ebb793fadc017967c3739a0e83fe275') in 0.0509243 seconds
Number of updated asset objects reloaded before import = 0Number of asset objects unloaded after import = 1

========================================================================
Received Import Request.
  Time since last request: 0.000049 seconds.
  path: Assets/Grass And Flowers Pack 1/Ground Textures/Materials/Groundplants 1_D 2214.mat
  artifactKey: Guid(aee58ec61f255bd44a6f4e9973150838) Importer(2089858483,b0f066a214c2f5e87bad3c948f4d605d)
Start importing Assets/Grass And Flowers Pack 1/Ground Textures/Materials/Groundplants 1_D 2214.mat using Guid(aee58ec61f255bd44a6f4e9973150838) Importer(2089858483,b0f066a214c2f5e87bad3c948f4d605d) (ScriptedImporter) -> (artifact id: 'ffdd29fb18c20e19e6aba6bcad4f7631') in 0.0510151 seconds
Number of updated asset objects reloaded before import = 0Number of asset objects unloaded after import = 1

========================================================================
Received Import Request.
  Time since last request: 0.000073 seconds.
  path: Assets/Grass And Flowers Pack 1/Ground Textures/Materials/Groundplants 1_D 2270.mat
  artifactKey: Guid(18e4589af6bf443469b56f1ed8a8d48e) Importer(2089858483,b0f066a214c2f5e87bad3c948f4d605d)
Start importing Assets/Grass And Flowers Pack 1/Ground Textures/Materials/Groundplants 1_D 2270.mat using Guid(18e4589af6bf443469b56f1ed8a8d48e) Importer(2089858483,b0f066a214c2f5e87bad3c948f4d605d) (ScriptedImporter) -> (artifact id: '8084bf71251a99b6a34180d6bf31b8fc') in 0.0540271 seconds
Number of updated asset objects reloaded before import = 0Number of asset objects unloaded after import = 1

========================================================================
Received Import Request.
  Time since last request: 0.000039 seconds.
  path: Assets/Grass And Flowers Pack 1/Ground Textures/Materials/Groundplants 1_D 2273.mat
  artifactKey: Guid(046096d117c3a534c8c4a2f932bcc5bc) Importer(2089858483,b0f066a214c2f5e87bad3c948f4d605d)
Start importing Assets/Grass And Flowers Pack 1/Ground Textures/Materials/Groundplants 1_D 2273.mat using Guid(046096d117c3a534c8c4a2f932bcc5bc) Importer(2089858483,b0f066a214c2f5e87bad3c948f4d605d) (ScriptedImporter) -> (artifact id: '8776279a77244e756b153b4a978deb7b') in 0.0593626 seconds
Number of updated asset objects reloaded before import = 0Number of asset objects unloaded after import = 1

========================================================================
Received Import Request.
  Time since last request: 0.000072 seconds.
  path: Assets/Grass And Flowers Pack 1/Ground Textures/Materials/Groundplants 1_D 2099.mat
  artifactKey: Guid(4ba6bec5d2961a540b7ac9534a354c40) Importer(2089858483,b0f066a214c2f5e87bad3c948f4d605d)
Start importing Assets/Grass And Flowers Pack 1/Ground Textures/Materials/Groundplants 1_D 2099.mat using Guid(4ba6bec5d2961a540b7ac9534a354c40) Importer(2089858483,b0f066a214c2f5e87bad3c948f4d605d) (ScriptedImporter) -> (artifact id: 'f207d8c0cd158a19fbdee44b85e66319') in 0.0398654 seconds
Number of updated asset objects reloaded before import = 0Number of asset objects unloaded after import = 1

========================================================================
Received Import Request.
  Time since last request: 0.000035 seconds.
  path: Assets/Grass And Flowers Pack 1/Ground Textures/Materials/Groundplants 1_D 2292.mat
  artifactKey: Guid(a207bf7a20e864749b9e1052c0c8c6e3) Importer(2089858483,b0f066a214c2f5e87bad3c948f4d605d)
Start importing Assets/Grass And Flowers Pack 1/Ground Textures/Materials/Groundplants 1_D 2292.mat using Guid(a207bf7a20e864749b9e1052c0c8c6e3) Importer(2089858483,b0f066a214c2f5e87bad3c948f4d605d) (ScriptedImporter) -> (artifact id: 'f8bee1d57fc87482efc2dafa4616f640') in 0.0463994 seconds
Number of updated asset objects reloaded before import = 0Number of asset objects unloaded after import = 1

========================================================================
Received Import Request.
  Time since last request: 0.000044 seconds.
  path: Assets/Grass And Flowers Pack 1/Ground Textures/Materials/Groundplants 1_D 2279.mat
  artifactKey: Guid(063319bd6264f284d9fa30f5aba85438) Importer(2089858483,b0f066a214c2f5e87bad3c948f4d605d)
Start importing Assets/Grass And Flowers Pack 1/Ground Textures/Materials/Groundplants 1_D 2279.mat using Guid(063319bd6264f284d9fa30f5aba85438) Importer(2089858483,b0f066a214c2f5e87bad3c948f4d605d) (ScriptedImporter) -> (artifact id: '7a1c4376bc09b71d2390c0e8176644ea') in 0.040936 seconds
Number of updated asset objects reloaded before import = 0Number of asset objects unloaded after import = 1

========================================================================
Received Import Request.
  Time since last request: 0.000072 seconds.
  path: Assets/Grass And Flowers Pack 1/Ground Textures/Materials/Groundplants 1_D 2281.mat
  artifactKey: Guid(22bd36624cbf11f468922617cbdce95f) Importer(2089858483,b0f066a214c2f5e87bad3c948f4d605d)
Start importing Assets/Grass And Flowers Pack 1/Ground Textures/Materials/Groundplants 1_D 2281.mat using Guid(22bd36624cbf11f468922617cbdce95f) Importer(2089858483,b0f066a214c2f5e87bad3c948f4d605d) (ScriptedImporter) -> (artifact id: '6173e4fbb11ddc10db16bc4c8fdcee47') in 0.0423287 seconds
Number of updated asset objects reloaded before import = 0Number of asset objects unloaded after import = 1

========================================================================
Received Import Request.
  Time since last request: 0.000050 seconds.
  path: Assets/Grass And Flowers Pack 1/Ground Textures/Materials/Groundplants 1_D 2071.mat
  artifactKey: Guid(92bde284c8830a4409e1aeaf57c22885) Importer(2089858483,b0f066a214c2f5e87bad3c948f4d605d)
Start importing Assets/Grass And Flowers Pack 1/Ground Textures/Materials/Groundplants 1_D 2071.mat using Guid(92bde284c8830a4409e1aeaf57c22885) Importer(2089858483,b0f066a214c2f5e87bad3c948f4d605d) (ScriptedImporter) -> (artifact id: '931616c74b2009d8ef6c6b320e8b8fd8') in 0.0405366 seconds
Number of updated asset objects reloaded before import = 0Number of asset objects unloaded after import = 1

========================================================================
Received Import Request.
  Time since last request: 0.000064 seconds.
  path: Assets/Grass And Flowers Pack 1/Ground Textures/Materials/Groundplants 1_D 2059.mat
  artifactKey: Guid(fb544954cd5419446913ed2f98eb4a9f) Importer(2089858483,b0f066a214c2f5e87bad3c948f4d605d)
Start importing Assets/Grass And Flowers Pack 1/Ground Textures/Materials/Groundplants 1_D 2059.mat using Guid(fb544954cd5419446913ed2f98eb4a9f) Importer(2089858483,b0f066a214c2f5e87bad3c948f4d605d) (ScriptedImporter) -> (artifact id: '0d4a171ffe3c8b4bbca34ebbc2929292') in 0.0406796 seconds
Number of updated asset objects reloaded before import = 0Number of asset objects unloaded after import = 1

========================================================================
Received Import Request.
  Time since last request: 0.000071 seconds.
  path: Assets/Grass And Flowers Pack 1/Ground Textures/Materials/Groundplants 1_D 2310.mat
  artifactKey: Guid(1b3062c78e7a4d148adbf7a1b6076b1f) Importer(2089858483,b0f066a214c2f5e87bad3c948f4d605d)
Start importing Assets/Grass And Flowers Pack 1/Ground Textures/Materials/Groundplants 1_D 2310.mat using Guid(1b3062c78e7a4d148adbf7a1b6076b1f) Importer(2089858483,b0f066a214c2f5e87bad3c948f4d605d) (ScriptedImporter) -> (artifact id: '7adfc01dde1cf4156fd4b766cb310ca8') in 0.0477538 seconds
Number of updated asset objects reloaded before import = 0Number of asset objects unloaded after import = 1

========================================================================
Received Import Request.
  Time since last request: 0.000039 seconds.
  path: Assets/Grass And Flowers Pack 1/Ground Textures/Materials/Groundplants 1_D 2312.mat
  artifactKey: Guid(91df7b83f9feeb74d9ab44ff416d20d2) Importer(2089858483,b0f066a214c2f5e87bad3c948f4d605d)
Start importing Assets/Grass And Flowers Pack 1/Ground Textures/Materials/Groundplants 1_D 2312.mat using Guid(91df7b83f9feeb74d9ab44ff416d20d2) Importer(2089858483,b0f066a214c2f5e87bad3c948f4d605d) (ScriptedImporter) -> (artifact id: '4b4dffd1ddc3257d42aec03a7b071d6a') in 0.1024603 seconds
Number of updated asset objects reloaded before import = 0Number of asset objects unloaded after import = 1

========================================================================
Received Import Request.
  Time since last request: 0.000057 seconds.
  path: Assets/Grass And Flowers Pack 1/Ground Textures/Materials/Groundplants 1_D 2320.mat
  artifactKey: Guid(d5f3fbc99ee77a249b98e9c684107f7c) Importer(2089858483,b0f066a214c2f5e87bad3c948f4d605d)
Start importing Assets/Grass And Flowers Pack 1/Ground Textures/Materials/Groundplants 1_D 2320.mat using Guid(d5f3fbc99ee77a249b98e9c684107f7c) Importer(2089858483,b0f066a214c2f5e87bad3c948f4d605d) (ScriptedImporter) -> (artifact id: '01d6d8bdc847481462d19ebb563cb155') in 0.1687771 seconds
Number of updated asset objects reloaded before import = 0Number of asset objects unloaded after import = 1

========================================================================
Received Import Request.
  Time since last request: 0.000064 seconds.
  path: Assets/Grass And Flowers Pack 1/Ground Textures/Materials/Groundplants 1_D 2301.mat
  artifactKey: Guid(9d5dd73144cd851439d23529ccdc62f5) Importer(2089858483,b0f066a214c2f5e87bad3c948f4d605d)
Start importing Assets/Grass And Flowers Pack 1/Ground Textures/Materials/Groundplants 1_D 2301.mat using Guid(9d5dd73144cd851439d23529ccdc62f5) Importer(2089858483,b0f066a214c2f5e87bad3c948f4d605d) (ScriptedImporter) -> (artifact id: '5a1001347c5ccd457fb7b6e01d1a08d7') in 0.0506439 seconds
Number of updated asset objects reloaded before import = 0Number of asset objects unloaded after import = 1

========================================================================
Received Import Request.
  Time since last request: 0.000045 seconds.
  path: Assets/Grass And Flowers Pack 1/Ground Textures/Materials/Groundplants 1_D 2330.mat
  artifactKey: Guid(d5500b8c6511dda4bb7e08c9f219843f) Importer(2089858483,b0f066a214c2f5e87bad3c948f4d605d)
Start importing Assets/Grass And Flowers Pack 1/Ground Textures/Materials/Groundplants 1_D 2330.mat using Guid(d5500b8c6511dda4bb7e08c9f219843f) Importer(2089858483,b0f066a214c2f5e87bad3c948f4d605d) (ScriptedImporter) -> (artifact id: 'c8f24780f76e93d6bc73216684f22ab6') in 0.0670719 seconds
Number of updated asset objects reloaded before import = 0Number of asset objects unloaded after import = 1

========================================================================
Received Import Request.
  Time since last request: 0.000077 seconds.
  path: Assets/Grass And Flowers Pack 1/Ground Textures/Materials/Groundplants 1_D 2333.mat
  artifactKey: Guid(3999dc0bf61ba844ebb21d6eb5c95baa) Importer(2089858483,b0f066a214c2f5e87bad3c948f4d605d)
Start importing Assets/Grass And Flowers Pack 1/Ground Textures/Materials/Groundplants 1_D 2333.mat using Guid(3999dc0bf61ba844ebb21d6eb5c95baa) Importer(2089858483,b0f066a214c2f5e87bad3c948f4d605d) (ScriptedImporter) -> (artifact id: 'e2f25b5ebc4fec009e2f84f0c9beb83a') in 0.0485094 seconds
Number of updated asset objects reloaded before import = 0Number of asset objects unloaded after import = 1

========================================================================
Received Import Request.
  Time since last request: 0.000044 seconds.
  path: Assets/Grass And Flowers Pack 1/Ground Textures/Materials/Groundplants 1_D 2338.mat
  artifactKey: Guid(ae5cf836555ca444b82c9e49bb989c36) Importer(2089858483,b0f066a214c2f5e87bad3c948f4d605d)
Start importing Assets/Grass And Flowers Pack 1/Ground Textures/Materials/Groundplants 1_D 2338.mat using Guid(ae5cf836555ca444b82c9e49bb989c36) Importer(2089858483,b0f066a214c2f5e87bad3c948f4d605d) (ScriptedImporter) -> (artifact id: '31f65f4864a257a1a0fff94e1caf510d') in 0.066325 seconds
Number of updated asset objects reloaded before import = 0Number of asset objects unloaded after import = 1

========================================================================
Received Import Request.
  Time since last request: 0.000072 seconds.
  path: Assets/Grass And Flowers Pack 1/Ground Textures/Materials/Groundplants 1_D 2344.mat
  artifactKey: Guid(f3fbfe1da0542d04397a5a0b9f653890) Importer(2089858483,b0f066a214c2f5e87bad3c948f4d605d)
Start importing Assets/Grass And Flowers Pack 1/Ground Textures/Materials/Groundplants 1_D 2344.mat using Guid(f3fbfe1da0542d04397a5a0b9f653890) Importer(2089858483,b0f066a214c2f5e87bad3c948f4d605d) (ScriptedImporter) -> (artifact id: '84fd7e10756ed3f6e685009a83d9fdc6') in 0.0495404 seconds
Number of updated asset objects reloaded before import = 0Number of asset objects unloaded after import = 1

========================================================================
Received Import Request.
  Time since last request: 0.000050 seconds.
  path: Assets/Grass And Flowers Pack 1/Ground Textures/Materials/Groundplants 1_D 2254.mat
  artifactKey: Guid(f14e6e2b88441cc4e8e4334705dc21d8) Importer(2089858483,b0f066a214c2f5e87bad3c948f4d605d)
Start importing Assets/Grass And Flowers Pack 1/Ground Textures/Materials/Groundplants 1_D 2254.mat using Guid(f14e6e2b88441cc4e8e4334705dc21d8) Importer(2089858483,b0f066a214c2f5e87bad3c948f4d605d) (ScriptedImporter) -> (artifact id: '677a61fb240d070d56b8abbfddf107c2') in 0.0537018 seconds
Number of updated asset objects reloaded before import = 0Number of asset objects unloaded after import = 1

========================================================================
Received Import Request.
  Time since last request: 0.000072 seconds.
  path: Assets/Grass And Flowers Pack 1/Ground Textures/Materials/Groundplants 1_D 2345.mat
  artifactKey: Guid(477aa27422065a845b75482af396a7b2) Importer(2089858483,b0f066a214c2f5e87bad3c948f4d605d)
Start importing Assets/Grass And Flowers Pack 1/Ground Textures/Materials/Groundplants 1_D 2345.mat using Guid(477aa27422065a845b75482af396a7b2) Importer(2089858483,b0f066a214c2f5e87bad3c948f4d605d) (ScriptedImporter) -> (artifact id: 'da84114c88ce4dd40307baa126c30a95') in 0.0531857 seconds
Number of updated asset objects reloaded before import = 0Number of asset objects unloaded after import = 1

========================================================================
Received Import Request.
  Time since last request: 0.000076 seconds.
  path: Assets/Grass And Flowers Pack 1/Ground Textures/Materials/Groundplants 1_D 2352.mat
  artifactKey: Guid(86e967f25ae8831449399fd73bf42ecf) Importer(2089858483,b0f066a214c2f5e87bad3c948f4d605d)
Start importing Assets/Grass And Flowers Pack 1/Ground Textures/Materials/Groundplants 1_D 2352.mat using Guid(86e967f25ae8831449399fd73bf42ecf) Importer(2089858483,b0f066a214c2f5e87bad3c948f4d605d) (ScriptedImporter) -> (artifact id: 'ec4dc73efdbc44ac6428eb96c0461d8c') in 0.1013503 seconds
Number of updated asset objects reloaded before import = 0Number of asset objects unloaded after import = 1

========================================================================
Received Import Request.
  Time since last request: 0.000073 seconds.
  path: Assets/Grass And Flowers Pack 1/Ground Textures/Materials/Groundplants 1_D 2367.mat
  artifactKey: Guid(ed34fc6049b0d8a4ca6ab8eb59ab1f38) Importer(2089858483,b0f066a214c2f5e87bad3c948f4d605d)
Start importing Assets/Grass And Flowers Pack 1/Ground Textures/Materials/Groundplants 1_D 2367.mat using Guid(ed34fc6049b0d8a4ca6ab8eb59ab1f38) Importer(2089858483,b0f066a214c2f5e87bad3c948f4d605d) (ScriptedImporter) -> (artifact id: 'ea870f3c8b914c328b5af15c96002d47') in 0.0382863 seconds
Number of updated asset objects reloaded before import = 0Number of asset objects unloaded after import = 1

========================================================================
Received Import Request.
  Time since last request: 0.000039 seconds.
  path: Assets/Grass And Flowers Pack 1/Ground Textures/Materials/Groundplants 1_D 2364.mat
  artifactKey: Guid(95df221f152ada7468ce2433085878bd) Importer(2089858483,b0f066a214c2f5e87bad3c948f4d605d)
Start importing Assets/Grass And Flowers Pack 1/Ground Textures/Materials/Groundplants 1_D 2364.mat using Guid(95df221f152ada7468ce2433085878bd) Importer(2089858483,b0f066a214c2f5e87bad3c948f4d605d) (ScriptedImporter) -> (artifact id: '6a1dd7cd99700eec83590f3507133023') in 0.049898 seconds
Number of updated asset objects reloaded before import = 0Number of asset objects unloaded after import = 1

========================================================================
Received Import Request.
  Time since last request: 0.000057 seconds.
  path: Assets/Grass And Flowers Pack 1/Ground Textures/Materials/Groundplants 1_D 2371.mat
  artifactKey: Guid(b813e45cb0b04b44ba65a4cc8f141abc) Importer(2089858483,b0f066a214c2f5e87bad3c948f4d605d)
Start importing Assets/Grass And Flowers Pack 1/Ground Textures/Materials/Groundplants 1_D 2371.mat using Guid(b813e45cb0b04b44ba65a4cc8f141abc) Importer(2089858483,b0f066a214c2f5e87bad3c948f4d605d) (ScriptedImporter) -> (artifact id: '763d640818f8e8acae99fa1ee7ccdc4a') in 0.0474887 seconds
Number of updated asset objects reloaded before import = 0Number of asset objects unloaded after import = 1

========================================================================
Received Import Request.
  Time since last request: 0.000065 seconds.
  path: Assets/Grass And Flowers Pack 1/Ground Textures/Materials/Groundplants 1_D 2374.mat
  artifactKey: Guid(3cebb3209801a77419e9079f1b2a414e) Importer(2089858483,b0f066a214c2f5e87bad3c948f4d605d)
Start importing Assets/Grass And Flowers Pack 1/Ground Textures/Materials/Groundplants 1_D 2374.mat using Guid(3cebb3209801a77419e9079f1b2a414e) Importer(2089858483,b0f066a214c2f5e87bad3c948f4d605d) (ScriptedImporter) -> (artifact id: 'b84b04ef4ba04b5fb044f902727263c7') in 0.0537986 seconds
Number of updated asset objects reloaded before import = 0Number of asset objects unloaded after import = 1

========================================================================
Received Import Request.
  Time since last request: 0.000048 seconds.
  path: Assets/Grass And Flowers Pack 1/Ground Textures/Materials/Groundplants 1_D 2169.mat
  artifactKey: Guid(a02b1de91bf85e14989af23fb8f0c8a9) Importer(2089858483,b0f066a214c2f5e87bad3c948f4d605d)
Start importing Assets/Grass And Flowers Pack 1/Ground Textures/Materials/Groundplants 1_D 2169.mat using Guid(a02b1de91bf85e14989af23fb8f0c8a9) Importer(2089858483,b0f066a214c2f5e87bad3c948f4d605d) (ScriptedImporter) -> (artifact id: 'b0d7ef2f2aa22ed561bbaf6de0684c78') in 0.0379726 seconds
Number of updated asset objects reloaded before import = 0Number of asset objects unloaded after import = 1

========================================================================
Received Import Request.
  Time since last request: 0.000071 seconds.
  path: Assets/Grass And Flowers Pack 1/Ground Textures/Materials/Groundplants 1_D 2385.mat
  artifactKey: Guid(696789ea647733b479acacfed111abc2) Importer(2089858483,b0f066a214c2f5e87bad3c948f4d605d)
Start importing Assets/Grass And Flowers Pack 1/Ground Textures/Materials/Groundplants 1_D 2385.mat using Guid(696789ea647733b479acacfed111abc2) Importer(2089858483,b0f066a214c2f5e87bad3c948f4d605d) (ScriptedImporter) -> (artifact id: '99a6486a434e553a71a1d4acbc7b96a3') in 0.040949 seconds
Number of updated asset objects reloaded before import = 0Number of asset objects unloaded after import = 1

========================================================================
Received Import Request.
  Time since last request: 0.000067 seconds.
  path: Assets/Grass And Flowers Pack 1/Ground Textures/Materials/Groundplants 1_D 2382.mat
  artifactKey: Guid(77605422c099eec4cb3a97c34e5441b1) Importer(2089858483,b0f066a214c2f5e87bad3c948f4d605d)
Start importing Assets/Grass And Flowers Pack 1/Ground Textures/Materials/Groundplants 1_D 2382.mat using Guid(77605422c099eec4cb3a97c34e5441b1) Importer(2089858483,b0f066a214c2f5e87bad3c948f4d605d) (ScriptedImporter) -> (artifact id: 'db17b57b1371baa71bb87c79a0f078e1') in 0.0413645 seconds
Number of updated asset objects reloaded before import = 0Number of asset objects unloaded after import = 1

========================================================================
Received Import Request.
  Time since last request: 0.000052 seconds.
  path: Assets/Grass And Flowers Pack 1/Ground Textures/Materials/Groundplants 1_D 2395.mat
  artifactKey: Guid(98daa88ca07a7804ebc5e4823aaa93cd) Importer(2089858483,b0f066a214c2f5e87bad3c948f4d605d)
Start importing Assets/Grass And Flowers Pack 1/Ground Textures/Materials/Groundplants 1_D 2395.mat using Guid(98daa88ca07a7804ebc5e4823aaa93cd) Importer(2089858483,b0f066a214c2f5e87bad3c948f4d605d) (ScriptedImporter) -> (artifact id: 'e742a8e46cc524fc64c78e66faaf0f01') in 0.0452611 seconds
Number of updated asset objects reloaded before import = 0Number of asset objects unloaded after import = 1

========================================================================
Received Import Request.
  Time since last request: 0.000072 seconds.
  path: Assets/Grass And Flowers Pack 1/Ground Textures/Materials/Groundplants 1_D 2389.mat
  artifactKey: Guid(4721226430773e94f9102bc17b0fab5c) Importer(2089858483,b0f066a214c2f5e87bad3c948f4d605d)
Start importing Assets/Grass And Flowers Pack 1/Ground Textures/Materials/Groundplants 1_D 2389.mat using Guid(4721226430773e94f9102bc17b0fab5c) Importer(2089858483,b0f066a214c2f5e87bad3c948f4d605d) (ScriptedImporter) -> (artifact id: '085e7e88095dbad68ccad5b406c9b9cd') in 0.0470651 seconds
Number of updated asset objects reloaded before import = 0Number of asset objects unloaded after import = 1

========================================================================
Received Import Request.
  Time since last request: 0.000038 seconds.
  path: Assets/Grass And Flowers Pack 1/Ground Textures/Materials/Groundplants 1_D 2091.mat
  artifactKey: Guid(0da0ec2b27228dc44bc51ab2a844b2de) Importer(2089858483,b0f066a214c2f5e87bad3c948f4d605d)
Start importing Assets/Grass And Flowers Pack 1/Ground Textures/Materials/Groundplants 1_D 2091.mat using Guid(0da0ec2b27228dc44bc51ab2a844b2de) Importer(2089858483,b0f066a214c2f5e87bad3c948f4d605d) (ScriptedImporter) -> (artifact id: 'b3b5cd1404dbfdc34da3ef718ae4608a') in 0.0593417 seconds
Number of updated asset objects reloaded before import = 0Number of asset objects unloaded after import = 1

========================================================================
Received Import Request.
  Time since last request: 0.000052 seconds.
  path: Assets/Grass And Flowers Pack 1/Ground Textures/Materials/Groundplants 1_D 2408.mat
  artifactKey: Guid(d59de84f31b1af348ba3f3fbd7b4d59a) Importer(2089858483,b0f066a214c2f5e87bad3c948f4d605d)
Start importing Assets/Grass And Flowers Pack 1/Ground Textures/Materials/Groundplants 1_D 2408.mat using Guid(d59de84f31b1af348ba3f3fbd7b4d59a) Importer(2089858483,b0f066a214c2f5e87bad3c948f4d605d) (ScriptedImporter) -> (artifact id: 'c5b5e52af9c9e6e65419840a55a75cfa') in 0.0703406 seconds
Number of updated asset objects reloaded before import = 0Number of asset objects unloaded after import = 1

========================================================================
Received Import Request.
  Time since last request: 0.000093 seconds.
  path: Assets/Grass And Flowers Pack 1/Ground Textures/Materials/Groundplants 1_D 2416.mat
  artifactKey: Guid(0be28e607ff66594c9b6f06671b73fc6) Importer(2089858483,b0f066a214c2f5e87bad3c948f4d605d)
Start importing Assets/Grass And Flowers Pack 1/Ground Textures/Materials/Groundplants 1_D 2416.mat using Guid(0be28e607ff66594c9b6f06671b73fc6) Importer(2089858483,b0f066a214c2f5e87bad3c948f4d605d) (ScriptedImporter) -> (artifact id: '9b0a3c23342f88fd4c0a160b1cb22171') in 0.0416576 seconds
Number of updated asset objects reloaded before import = 0Number of asset objects unloaded after import = 1

========================================================================
Received Import Request.
  Time since last request: 0.000032 seconds.
  path: Assets/Grass And Flowers Pack 1/Ground Textures/Materials/Groundplants 1_D 2428.mat
  artifactKey: Guid(18c5c175c911aa841a3c086a0e004f0c) Importer(2089858483,b0f066a214c2f5e87bad3c948f4d605d)
Start importing Assets/Grass And Flowers Pack 1/Ground Textures/Materials/Groundplants 1_D 2428.mat using Guid(18c5c175c911aa841a3c086a0e004f0c) Importer(2089858483,b0f066a214c2f5e87bad3c948f4d605d) (ScriptedImporter) -> (artifact id: '354125f13c3838488b9d11986d57b671') in 0.0403458 seconds
Number of updated asset objects reloaded before import = 0Number of asset objects unloaded after import = 1

========================================================================
Received Import Request.
  Time since last request: 0.000072 seconds.
  path: Assets/Grass And Flowers Pack 1/Ground Textures/Materials/Groundplants 1_D 2425.mat
  artifactKey: Guid(3a8b64172f6261e438fc1265e90ef9f2) Importer(2089858483,b0f066a214c2f5e87bad3c948f4d605d)
Start importing Assets/Grass And Flowers Pack 1/Ground Textures/Materials/Groundplants 1_D 2425.mat using Guid(3a8b64172f6261e438fc1265e90ef9f2) Importer(2089858483,b0f066a214c2f5e87bad3c948f4d605d) (ScriptedImporter) -> (artifact id: 'c6887651f5054b21983a534e32d11da6') in 0.0423731 seconds
Number of updated asset objects reloaded before import = 0Number of asset objects unloaded after import = 1

========================================================================
Received Import Request.
  Time since last request: 0.000060 seconds.
  path: Assets/Grass And Flowers Pack 1/Ground Textures/Materials/Groundplants 1_D 2378.mat
  artifactKey: Guid(a8c8b6644a51ca24895427dbbae532a4) Importer(2089858483,b0f066a214c2f5e87bad3c948f4d605d)
Start importing Assets/Grass And Flowers Pack 1/Ground Textures/Materials/Groundplants 1_D 2378.mat using Guid(a8c8b6644a51ca24895427dbbae532a4) Importer(2089858483,b0f066a214c2f5e87bad3c948f4d605d) (ScriptedImporter) -> (artifact id: '3f2300529785e6ddc81629b27364867f') in 0.0328324 seconds
Number of updated asset objects reloaded before import = 0Number of asset objects unloaded after import = 1

========================================================================
Received Import Request.
  Time since last request: 0.000043 seconds.
  path: Assets/Grass And Flowers Pack 1/Ground Textures/Materials/Groundplants 1_D 2433.mat
  artifactKey: Guid(d8ce47735a11d8e4f8ea7c685e760cd6) Importer(2089858483,b0f066a214c2f5e87bad3c948f4d605d)
Start importing Assets/Grass And Flowers Pack 1/Ground Textures/Materials/Groundplants 1_D 2433.mat using Guid(d8ce47735a11d8e4f8ea7c685e760cd6) Importer(2089858483,b0f066a214c2f5e87bad3c948f4d605d) (ScriptedImporter) -> (artifact id: '7d43dc9aefa1da7f0c72bb28ca1535e2') in 0.0493478 seconds
Number of updated asset objects reloaded before import = 0Number of asset objects unloaded after import = 1

========================================================================
Received Import Request.
  Time since last request: 0.000049 seconds.
  path: Assets/Grass And Flowers Pack 1/Ground Textures/Materials/Groundplants 1_D 2442.mat
  artifactKey: Guid(2907c478e15bdf8459c5febe50adb0dd) Importer(2089858483,b0f066a214c2f5e87bad3c948f4d605d)
Start importing Assets/Grass And Flowers Pack 1/Ground Textures/Materials/Groundplants 1_D 2442.mat using Guid(2907c478e15bdf8459c5febe50adb0dd) Importer(2089858483,b0f066a214c2f5e87bad3c948f4d605d) (ScriptedImporter) -> (artifact id: '22d061bc8c5ddae131467ebd6436e501') in 0.0422285 seconds
Number of updated asset objects reloaded before import = 0Number of asset objects unloaded after import = 1

========================================================================
Received Import Request.
  Time since last request: 0.000065 seconds.
  path: Assets/Grass And Flowers Pack 1/Ground Textures/Materials/Groundplants 1_D 2452.mat
  artifactKey: Guid(c4ffae2f6ff55dc469dd18dbcd1085c6) Importer(2089858483,b0f066a214c2f5e87bad3c948f4d605d)
Start importing Assets/Grass And Flowers Pack 1/Ground Textures/Materials/Groundplants 1_D 2452.mat using Guid(c4ffae2f6ff55dc469dd18dbcd1085c6) Importer(2089858483,b0f066a214c2f5e87bad3c948f4d605d) (ScriptedImporter) -> (artifact id: 'df0878393cfdef74b6f38ede6f702885') in 0.0379445 seconds
Number of updated asset objects reloaded before import = 0Number of asset objects unloaded after import = 1

========================================================================
Received Import Request.
  Time since last request: 0.000053 seconds.
  path: Assets/Grass And Flowers Pack 1/Ground Textures/Materials/Groundplants 1_D 2453.mat
  artifactKey: Guid(f10081d76120dc949b3e92d75fe116bc) Importer(2089858483,b0f066a214c2f5e87bad3c948f4d605d)
Start importing Assets/Grass And Flowers Pack 1/Ground Textures/Materials/Groundplants 1_D 2453.mat using Guid(f10081d76120dc949b3e92d75fe116bc) Importer(2089858483,b0f066a214c2f5e87bad3c948f4d605d) (ScriptedImporter) -> (artifact id: '60eb3799da40469b7b2cd83f88ab6b46') in 0.0430607 seconds
Number of updated asset objects reloaded before import = 0Number of asset objects unloaded after import = 1

========================================================================
Received Import Request.
  Time since last request: 0.000078 seconds.
  path: Assets/Grass And Flowers Pack 1/Ground Textures/Materials/Groundplants 1_D 2173.mat
  artifactKey: Guid(bd81a85dea6574c4bad3a8261272b949) Importer(2089858483,b0f066a214c2f5e87bad3c948f4d605d)
Start importing Assets/Grass And Flowers Pack 1/Ground Textures/Materials/Groundplants 1_D 2173.mat using Guid(bd81a85dea6574c4bad3a8261272b949) Importer(2089858483,b0f066a214c2f5e87bad3c948f4d605d) (ScriptedImporter) -> (artifact id: '7cd9360e704e6a5dae00f7e2238b414a') in 0.0366285 seconds
Number of updated asset objects reloaded before import = 0Number of asset objects unloaded after import = 1

========================================================================
Received Import Request.
  Time since last request: 0.000037 seconds.
  path: Assets/Grass And Flowers Pack 1/Ground Textures/Materials/Groundplants 1_D 2463.mat
  artifactKey: Guid(d353db200ee5d544db817944fa9abdf0) Importer(2089858483,b0f066a214c2f5e87bad3c948f4d605d)
Start importing Assets/Grass And Flowers Pack 1/Ground Textures/Materials/Groundplants 1_D 2463.mat using Guid(d353db200ee5d544db817944fa9abdf0) Importer(2089858483,b0f066a214c2f5e87bad3c948f4d605d) (ScriptedImporter) -> (artifact id: '72c720114766af9005adc40f9819c144') in 0.0601434 seconds
Number of updated asset objects reloaded before import = 0Number of asset objects unloaded after import = 1

========================================================================
Received Import Request.
  Time since last request: 0.000132 seconds.
  path: Assets/Grass And Flowers Pack 1/Ground Textures/Materials/Groundplants 1_D 2465.mat
  artifactKey: Guid(134a9635c75439c4b9ce1de067811e98) Importer(2089858483,b0f066a214c2f5e87bad3c948f4d605d)
Start importing Assets/Grass And Flowers Pack 1/Ground Textures/Materials/Groundplants 1_D 2465.mat using Guid(134a9635c75439c4b9ce1de067811e98) Importer(2089858483,b0f066a214c2f5e87bad3c948f4d605d) (ScriptedImporter) -> (artifact id: '254ec2687c8d92870cddd45f373e0c03') in 0.0385695 seconds
Number of updated asset objects reloaded before import = 0Number of asset objects unloaded after import = 1

========================================================================
Received Import Request.
  Time since last request: 0.000108 seconds.
  path: Assets/Grass And Flowers Pack 1/Ground Textures/Materials/Groundplants 1_D 2467.mat
  artifactKey: Guid(ad36099862aa20044a058af10b3b8151) Importer(2089858483,b0f066a214c2f5e87bad3c948f4d605d)
Start importing Assets/Grass And Flowers Pack 1/Ground Textures/Materials/Groundplants 1_D 2467.mat using Guid(ad36099862aa20044a058af10b3b8151) Importer(2089858483,b0f066a214c2f5e87bad3c948f4d605d) (ScriptedImporter) -> (artifact id: 'bd0c614a8bf789b3de04a63463f022c9') in 0.0381344 seconds
Number of updated asset objects reloaded before import = 0Number of asset objects unloaded after import = 1

========================================================================
Received Import Request.
  Time since last request: 0.000043 seconds.
  path: Assets/Grass And Flowers Pack 1/Ground Textures/Materials/Groundplants 1_D 2470.mat
  artifactKey: Guid(685bb35e2fee5e44e9646a9d38d0b913) Importer(2089858483,b0f066a214c2f5e87bad3c948f4d605d)
Start importing Assets/Grass And Flowers Pack 1/Ground Textures/Materials/Groundplants 1_D 2470.mat using Guid(685bb35e2fee5e44e9646a9d38d0b913) Importer(2089858483,b0f066a214c2f5e87bad3c948f4d605d) (ScriptedImporter) -> (artifact id: '322010ee61ddf38584c9693501393786') in 0.0407025 seconds
Number of updated asset objects reloaded before import = 0Number of asset objects unloaded after import = 1

========================================================================
Received Import Request.
  Time since last request: 0.000071 seconds.
  path: Assets/Grass And Flowers Pack 1/Ground Textures/Materials/Groundplants 1_D 2017.mat
  artifactKey: Guid(b6210c0404aa71140b2d2e9465e4f97c) Importer(2089858483,b0f066a214c2f5e87bad3c948f4d605d)
Start importing Assets/Grass And Flowers Pack 1/Ground Textures/Materials/Groundplants 1_D 2017.mat using Guid(b6210c0404aa71140b2d2e9465e4f97c) Importer(2089858483,b0f066a214c2f5e87bad3c948f4d605d) (ScriptedImporter) -> (artifact id: '058c1682ed014f5900d899b9c6c9c88b') in 0.0459948 seconds
Number of updated asset objects reloaded before import = 0Number of asset objects unloaded after import = 1

========================================================================
Received Import Request.
  Time since last request: 0.000087 seconds.
  path: Assets/Grass And Flowers Pack 1/Ground Textures/Materials/Groundplants 1_D 2010.mat
  artifactKey: Guid(61c1474563b56e64f95610179f86b8bb) Importer(2089858483,b0f066a214c2f5e87bad3c948f4d605d)
Start importing Assets/Grass And Flowers Pack 1/Ground Textures/Materials/Groundplants 1_D 2010.mat using Guid(61c1474563b56e64f95610179f86b8bb) Importer(2089858483,b0f066a214c2f5e87bad3c948f4d605d) (ScriptedImporter) -> (artifact id: 'ab77e532d71a33b28f92331fb683d702') in 0.0517572 seconds
Number of updated asset objects reloaded before import = 0Number of asset objects unloaded after import = 1

========================================================================
Received Import Request.
  Time since last request: 0.000069 seconds.
  path: Assets/Grass And Flowers Pack 1/Ground Textures/Materials/Groundplants 1_D 2085.mat
  artifactKey: Guid(b7a7a99c2f3cc9a488508a93395ef801) Importer(2089858483,b0f066a214c2f5e87bad3c948f4d605d)
Start importing Assets/Grass And Flowers Pack 1/Ground Textures/Materials/Groundplants 1_D 2085.mat using Guid(b7a7a99c2f3cc9a488508a93395ef801) Importer(2089858483,b0f066a214c2f5e87bad3c948f4d605d) (ScriptedImporter) -> (artifact id: '162dbbbdd0e004ba15dab2f024a9294c') in 0.0533525 seconds
Number of updated asset objects reloaded before import = 0Number of asset objects unloaded after import = 1

========================================================================
Received Import Request.
  Time since last request: 0.000066 seconds.
  path: Assets/Grass And Flowers Pack 1/Ground Textures/Materials/Groundplants 1_D 2056.mat
  artifactKey: Guid(7d1dd64d4dbea24429b020093f32d29c) Importer(2089858483,b0f066a214c2f5e87bad3c948f4d605d)
Start importing Assets/Grass And Flowers Pack 1/Ground Textures/Materials/Groundplants 1_D 2056.mat using Guid(7d1dd64d4dbea24429b020093f32d29c) Importer(2089858483,b0f066a214c2f5e87bad3c948f4d605d) (ScriptedImporter) -> (artifact id: 'ec9939196701bc5752e718552ff8adb4') in 0.0545906 seconds
Number of updated asset objects reloaded before import = 0Number of asset objects unloaded after import = 1

========================================================================
Received Import Request.
  Time since last request: 0.000050 seconds.
  path: Assets/Grass And Flowers Pack 1/Ground Textures/Materials/Groundplants 1_D 2218.mat
  artifactKey: Guid(6d75e9ae63b6c9149b8493ea61c19a61) Importer(2089858483,b0f066a214c2f5e87bad3c948f4d605d)
Start importing Assets/Grass And Flowers Pack 1/Ground Textures/Materials/Groundplants 1_D 2218.mat using Guid(6d75e9ae63b6c9149b8493ea61c19a61) Importer(2089858483,b0f066a214c2f5e87bad3c948f4d605d) (ScriptedImporter) -> (artifact id: '0156f4e84d3f5c420ff3a21eb33a12e6') in 0.0445658 seconds
Number of updated asset objects reloaded before import = 0Number of asset objects unloaded after import = 1

========================================================================
Received Import Request.
  Time since last request: 0.000084 seconds.
  path: Assets/Grass And Flowers Pack 1/Ground Textures/Materials/Groundplants 1_D 2171.mat
  artifactKey: Guid(d04c2defebbb2d84c811832e62bfb4ba) Importer(2089858483,b0f066a214c2f5e87bad3c948f4d605d)
Start importing Assets/Grass And Flowers Pack 1/Ground Textures/Materials/Groundplants 1_D 2171.mat using Guid(d04c2defebbb2d84c811832e62bfb4ba) Importer(2089858483,b0f066a214c2f5e87bad3c948f4d605d) (ScriptedImporter) -> (artifact id: '0a311d66cae6696973a50caf4a499a9e') in 0.0437157 seconds
Number of updated asset objects reloaded before import = 0Number of asset objects unloaded after import = 1

========================================================================
Received Import Request.
  Time since last request: 0.000047 seconds.
  path: Assets/Grass And Flowers Pack 1/Ground Textures/Materials/Groundplants 1_D 2295.mat
  artifactKey: Guid(777f03dd17b1df240a833067191cfb63) Importer(2089858483,b0f066a214c2f5e87bad3c948f4d605d)
Start importing Assets/Grass And Flowers Pack 1/Ground Textures/Materials/Groundplants 1_D 2295.mat using Guid(777f03dd17b1df240a833067191cfb63) Importer(2089858483,b0f066a214c2f5e87bad3c948f4d605d) (ScriptedImporter) -> (artifact id: 'cbccdb5b71aaf573018eb24157c8ac89') in 0.0586567 seconds
Number of updated asset objects reloaded before import = 0Number of asset objects unloaded after import = 1

========================================================================
Received Import Request.
  Time since last request: 0.000041 seconds.
  path: Assets/Grass And Flowers Pack 1/Ground Textures/Materials/Groundplants 1_D 2160.mat
  artifactKey: Guid(413519505ed75274d85df8307333ea2f) Importer(2089858483,b0f066a214c2f5e87bad3c948f4d605d)
Start importing Assets/Grass And Flowers Pack 1/Ground Textures/Materials/Groundplants 1_D 2160.mat using Guid(413519505ed75274d85df8307333ea2f) Importer(2089858483,b0f066a214c2f5e87bad3c948f4d605d) (ScriptedImporter) -> (artifact id: 'b3f9b4162bd7cae0be3bb60427a56d45') in 0.1953678 seconds
Number of updated asset objects reloaded before import = 0Number of asset objects unloaded after import = 1

========================================================================
Received Import Request.
  Time since last request: 0.000074 seconds.
  path: Assets/Grass And Flowers Pack 1/Ground Textures/Materials/Groundplants 1_D 2141.mat
  artifactKey: Guid(fbe11a083604c314d828a2e3d31b7b26) Importer(2089858483,b0f066a214c2f5e87bad3c948f4d605d)
Start importing Assets/Grass And Flowers Pack 1/Ground Textures/Materials/Groundplants 1_D 2141.mat using Guid(fbe11a083604c314d828a2e3d31b7b26) Importer(2089858483,b0f066a214c2f5e87bad3c948f4d605d) (ScriptedImporter) -> (artifact id: '82800eaf1b6a25ad48c734b5bcf04627') in 0.0638967 seconds
Number of updated asset objects reloaded before import = 0Number of asset objects unloaded after import = 1

========================================================================
Received Import Request.
  Time since last request: 0.000055 seconds.
  path: Assets/Grass And Flowers Pack 1/Ground Textures/Materials/Groundplants 1_D 2100.mat
  artifactKey: Guid(7a8ed0445dfdf3940b6c8231dc1a1dcd) Importer(2089858483,b0f066a214c2f5e87bad3c948f4d605d)
Start importing Assets/Grass And Flowers Pack 1/Ground Textures/Materials/Groundplants 1_D 2100.mat using Guid(7a8ed0445dfdf3940b6c8231dc1a1dcd) Importer(2089858483,b0f066a214c2f5e87bad3c948f4d605d) (ScriptedImporter) -> (artifact id: '0a6cd982ddaddb2e90488d0e2b6400c9') in 0.0653689 seconds
Number of updated asset objects reloaded before import = 0Number of asset objects unloaded after import = 1

========================================================================
Received Import Request.
  Time since last request: 0.000060 seconds.
  path: Assets/Grass And Flowers Pack 1/Ground Textures/Materials/Groundplants 1_D 2069.mat
  artifactKey: Guid(22fb669cc9dfa0d4cadd0d0e8f8ba10a) Importer(2089858483,b0f066a214c2f5e87bad3c948f4d605d)
Start importing Assets/Grass And Flowers Pack 1/Ground Textures/Materials/Groundplants 1_D 2069.mat using Guid(22fb669cc9dfa0d4cadd0d0e8f8ba10a) Importer(2089858483,b0f066a214c2f5e87bad3c948f4d605d) (ScriptedImporter) -> (artifact id: 'd870f5771afb2cd374529bc516e8a926') in 0.0435994 seconds
Number of updated asset objects reloaded before import = 0Number of asset objects unloaded after import = 1

========================================================================
Received Import Request.
  Time since last request: 0.000039 seconds.
  path: Assets/Grass And Flowers Pack 1/Ground Textures/Materials/Groundplants 1_D 2399.mat
  artifactKey: Guid(eb66a49ef02c2f24a97e2250dece3f39) Importer(2089858483,b0f066a214c2f5e87bad3c948f4d605d)
Start importing Assets/Grass And Flowers Pack 1/Ground Textures/Materials/Groundplants 1_D 2399.mat using Guid(eb66a49ef02c2f24a97e2250dece3f39) Importer(2089858483,b0f066a214c2f5e87bad3c948f4d605d) (ScriptedImporter) -> (artifact id: 'e11b37a66d84c04a9c98f043c7986278') in 0.0391278 seconds
Number of updated asset objects reloaded before import = 0Number of asset objects unloaded after import = 1

========================================================================
Received Import Request.
  Time since last request: 0.000047 seconds.
  path: Assets/Grass And Flowers Pack 1/Ground Textures/Materials/Groundplants 1_D 2248.mat
  artifactKey: Guid(866ba697ea2d7944ebccbb790c28b485) Importer(2089858483,b0f066a214c2f5e87bad3c948f4d605d)
Start importing Assets/Grass And Flowers Pack 1/Ground Textures/Materials/Groundplants 1_D 2248.mat using Guid(866ba697ea2d7944ebccbb790c28b485) Importer(2089858483,b0f066a214c2f5e87bad3c948f4d605d) (ScriptedImporter) -> (artifact id: 'e8fa63fa4cda6a878da4c0f90cf4f8a7') in 0.0412623 seconds
Number of updated asset objects reloaded before import = 0Number of asset objects unloaded after import = 1

========================================================================
Received Import Request.
  Time since last request: 0.000069 seconds.
  path: Assets/Grass And Flowers Pack 1/Ground Textures/Materials/Groundplants 1_D 2402.mat
  artifactKey: Guid(ba51c9b8896fb1142915d55402b9b0d5) Importer(2089858483,b0f066a214c2f5e87bad3c948f4d605d)
Start importing Assets/Grass And Flowers Pack 1/Ground Textures/Materials/Groundplants 1_D 2402.mat using Guid(ba51c9b8896fb1142915d55402b9b0d5) Importer(2089858483,b0f066a214c2f5e87bad3c948f4d605d) (ScriptedImporter) -> (artifact id: '99a348105b185144885e9187d90dc380') in 0.0480452 seconds
Number of updated asset objects reloaded before import = 0Number of asset objects unloaded after import = 1

========================================================================
Received Import Request.
  Time since last request: 0.000052 seconds.
  path: Assets/Grass And Flowers Pack 1/Ground Textures/Materials/Groundplants 1_D 2044.mat
  artifactKey: Guid(bdc830f7ccf05ba43a49c417792ac890) Importer(2089858483,b0f066a214c2f5e87bad3c948f4d605d)
Start importing Assets/Grass And Flowers Pack 1/Ground Textures/Materials/Groundplants 1_D 2044.mat using Guid(bdc830f7ccf05ba43a49c417792ac890) Importer(2089858483,b0f066a214c2f5e87bad3c948f4d605d) (ScriptedImporter) -> (artifact id: 'f73dfe7e2190ffe86b0d3631e1232e29') in 0.0408075 seconds
Number of updated asset objects reloaded before import = 0Number of asset objects unloaded after import = 1

========================================================================
Received Import Request.
  Time since last request: 0.000069 seconds.
  path: Assets/Grass And Flowers Pack 1/Ground Textures/Materials/Groundplants 1_D 2435.mat
  artifactKey: Guid(b960af97a527682409b1bca073a93d2c) Importer(2089858483,b0f066a214c2f5e87bad3c948f4d605d)
Start importing Assets/Grass And Flowers Pack 1/Ground Textures/Materials/Groundplants 1_D 2435.mat using Guid(b960af97a527682409b1bca073a93d2c) Importer(2089858483,b0f066a214c2f5e87bad3c948f4d605d) (ScriptedImporter) -> (artifact id: '3a57ab49fa031d6f24ecb91f140cabde') in 0.0465998 seconds
Number of updated asset objects reloaded before import = 0Number of asset objects unloaded after import = 1

